ISO-10303-21;
HEADER;
FILE_DESCRIPTION(('FreeCAD Model'),'2;1');
FILE_NAME('Open CASCADE Shape Model','2026-08-03T09:52:14',(''),(''),
  'Open CASCADE STEP processor 7.8','FreeCAD','Unknown');
FILE_SCHEMA(('AUTOMOTIVE_DESIGN { 1 0 10303 214 1 1 1 1 }'));
ENDSEC;
DATA;
#1 = APPLICATION_PROTOCOL_DEFINITION('international standard',
  'automotive_design',2000,#2);
#2 = APPLICATION_CONTEXT(
  'core data for automotive mechanical design processes');
#3 = SHAPE_DEFINITION_REPRESENTATION(#4,#10);
#4 = PRODUCT_DEFINITION_SHAPE('','',#5);
#5 = PRODUCT_DEFINITION('design','',#6,#9);
#6 = PRODUCT_DEFINITION_FORMATION('','',#7);
#7 = PRODUCT('bodyAssy','bodyAssy','',(#8));
#8 = PRODUCT_CONTEXT('',#2,'mechanical');
#9 = PRODUCT_DEFINITION_CONTEXT('part definition',#2,'design');
#10 = SHAPE_REPRESENTATION('',(#11,#15,#19,#23,#27,#31,#35,#39,#43,#47),
  #51);
#11 = AXIS2_PLACEMENT_3D('',#12,#13,#14);
#12 = CARTESIAN_POINT('',(0.,0.,0.));
#13 = DIRECTION('',(0.,0.,1.));
#14 = DIRECTION('',(1.,0.,-0.));
#15 = AXIS2_PLACEMENT_3D('',#16,#17,#18);
#16 = CARTESIAN_POINT('',(-2.341131378886E-03,-0.42369816279,
    0.101046415972));
#17 = DIRECTION('',(-5.895572976216E-05,1.461898445634E-07,
    0.999999998262));
#18 = DIRECTION('',(0.999999998262,-1.993070265626E-07,
    5.895572979129E-05));
#19 = AXIS2_PLACEMENT_3D('',#20,#21,#22);
#20 = CARTESIAN_POINT('',(-1.154,0.,0.));
#21 = DIRECTION('',(0.,0.,1.));
#22 = DIRECTION('',(1.,0.,0.));
#23 = AXIS2_PLACEMENT_3D('',#24,#25,#26);
#24 = CARTESIAN_POINT('',(0.,0.,0.));
#25 = DIRECTION('',(0.,0.,1.));
#26 = DIRECTION('',(1.,0.,0.));
#27 = AXIS2_PLACEMENT_3D('',#28,#29,#30);
#28 = CARTESIAN_POINT('',(0.,0.,0.));
#29 = DIRECTION('',(0.,0.,1.));
#30 = DIRECTION('',(1.,0.,0.));
#31 = AXIS2_PLACEMENT_3D('',#32,#33,#34);
#32 = CARTESIAN_POINT('',(0.,0.,0.));
#33 = DIRECTION('',(0.,0.,1.));
#34 = DIRECTION('',(1.,0.,0.));
#35 = AXIS2_PLACEMENT_3D('',#36,#37,#38);
#36 = CARTESIAN_POINT('',(0.,0.,0.));
#37 = DIRECTION('',(0.,0.,1.));
#38 = DIRECTION('',(1.,0.,0.));
#39 = AXIS2_PLACEMENT_3D('',#40,#41,#42);
#40 = CARTESIAN_POINT('',(656.00067138671,-2.613067626953E-04,
    1.481001220703E+03));
#41 = DIRECTION('',(0.,0.,1.));
#42 = DIRECTION('',(1.,0.,0.));
#43 = AXIS2_PLACEMENT_3D('',#44,#45,#46);
#44 = CARTESIAN_POINT('',(656.00067138671,750.00109767913,
    1.481001098633E+03));
#45 = DIRECTION('',(0.,0.,1.));
#46 = DIRECTION('',(1.,0.,0.));
#47 = AXIS2_PLACEMENT_3D('',#48,#49,#50);
#48 = CARTESIAN_POINT('',(656.00067138671,-849.0016489028,
    1.481001220703E+03));
#49 = DIRECTION('',(0.,0.,1.));
#50 = DIRECTION('',(1.,0.,0.));
#51 = ( GEOMETRIC_REPRESENTATION_CONTEXT(3) 
GLOBAL_UNCERTAINTY_ASSIGNED_CONTEXT((#55)) GLOBAL_UNIT_ASSIGNED_CONTEXT(
(#52,#53,#54)) REPRESENTATION_CONTEXT('Context #1',
  '3D Context with UNIT and UNCERTAINTY') );
#52 = ( LENGTH_UNIT() NAMED_UNIT(*) SI_UNIT(.MILLI.,.METRE.) );
#53 = ( NAMED_UNIT(*) PLANE_ANGLE_UNIT() SI_UNIT($,.RADIAN.) );
#54 = ( NAMED_UNIT(*) SI_UNIT($,.STERADIAN.) SOLID_ANGLE_UNIT() );
#55 = UNCERTAINTY_MEASURE_WITH_UNIT(LENGTH_MEASURE(1.E-07),#52,
  'distance_accuracy_value','confusion accuracy');
#56 = PRODUCT_RELATED_PRODUCT_CATEGORY('part',$,(#7));
#57 = SHAPE_DEFINITION_REPRESENTATION(#58,#64);
#58 = PRODUCT_DEFINITION_SHAPE('','',#59);
#59 = PRODUCT_DEFINITION('design','',#60,#63);
#60 = PRODUCT_DEFINITION_FORMATION('','',#61);
#61 = PRODUCT('cylinder_bracket002 (mirrored)',
  'cylinder_bracket002 (mirrored)','',(#62));
#62 = PRODUCT_CONTEXT('',#2,'mechanical');
#63 = PRODUCT_DEFINITION_CONTEXT('part definition',#2,'design');
#64 = ADVANCED_BREP_SHAPE_REPRESENTATION('',(#11,#65),#591);
#65 = MANIFOLD_SOLID_BREP('',#66);
#66 = CLOSED_SHELL('',(#67,#123,#154,#185,#248,#279,#296,#313,#332,#368,
    #393,#428,#452,#488,#513,#541,#557,#574));
#67 = ADVANCED_FACE('',(#68),#118,.F.);
#68 = FACE_BOUND('',#69,.T.);
#69 = EDGE_LOOP('',(#70,#80,#88,#96,#104,#112));
#70 = ORIENTED_EDGE('',*,*,#71,.T.);
#71 = EDGE_CURVE('',#72,#74,#76,.T.);
#72 = VERTEX_POINT('',#73);
#73 = CARTESIAN_POINT('',(-1.790373879686E+03,-230.0000469437,
    60.710517196295));
#74 = VERTEX_POINT('',#75);
#75 = CARTESIAN_POINT('',(-1.79037388185E+03,-80.00004694377,
    60.710520142757));
#76 = LINE('',#77,#78);
#77 = CARTESIAN_POINT('',(-1.790373879686E+03,-230.0000469437,
    60.710517196295));
#78 = VECTOR('',#79,1.);
#79 = DIRECTION('',(-1.442643081245E-08,1.,1.964307955577E-08));
#80 = ORIENTED_EDGE('',*,*,#81,.T.);
#81 = EDGE_CURVE('',#74,#82,#84,.T.);
#82 = VERTEX_POINT('',#83);
#83 = CARTESIAN_POINT('',(-1.790373893232E+03,-80.00004645269,
    35.71052014282));
#84 = LINE('',#85,#86);
#85 = CARTESIAN_POINT('',(-1.79037388185E+03,-80.00004694377,
    60.710520142757));
#86 = VECTOR('',#87,1.);
#87 = DIRECTION('',(-4.552907832966E-07,1.964307298754E-08,-1.));
#88 = ORIENTED_EDGE('',*,*,#89,.F.);
#89 = EDGE_CURVE('',#90,#82,#92,.T.);
#90 = VERTEX_POINT('',#91);
#91 = CARTESIAN_POINT('',(-1.790373892583E+03,-125.0000464526,
    35.710519258881));
#92 = LINE('',#93,#94);
#93 = CARTESIAN_POINT('',(-1.790373891068E+03,-230.0000464526,
    35.710517196358));
#94 = VECTOR('',#95,1.);
#95 = DIRECTION('',(-1.442643081245E-08,1.,1.964307955577E-08));
#96 = ORIENTED_EDGE('',*,*,#97,.F.);
#97 = EDGE_CURVE('',#98,#90,#100,.T.);
#98 = VERTEX_POINT('',#99);
#99 = CARTESIAN_POINT('',(-1.790373891717E+03,-185.0000464526,
    35.710518080296));
#100 = LINE('',#101,#102);
#101 = CARTESIAN_POINT('',(-1.790373891717E+03,-185.0000464526,
    35.710518080296));
#102 = VECTOR('',#103,1.);
#103 = DIRECTION('',(-1.442643081245E-08,1.,1.964307955577E-08));
#104 = ORIENTED_EDGE('',*,*,#105,.F.);
#105 = EDGE_CURVE('',#106,#98,#108,.T.);
#106 = VERTEX_POINT('',#107);
#107 = CARTESIAN_POINT('',(-1.790373891068E+03,-230.0000464526,
    35.710517196358));
#108 = LINE('',#109,#110);
#109 = CARTESIAN_POINT('',(-1.790373891068E+03,-230.0000464526,
    35.710517196358));
#110 = VECTOR('',#111,1.);
#111 = DIRECTION('',(-1.442643081245E-08,1.,1.964307955577E-08));
#112 = ORIENTED_EDGE('',*,*,#113,.F.);
#113 = EDGE_CURVE('',#72,#106,#114,.T.);
#114 = LINE('',#115,#116);
#115 = CARTESIAN_POINT('',(-1.790373879686E+03,-230.0000469437,
    60.710517196295));
#116 = VECTOR('',#117,1.);
#117 = DIRECTION('',(-4.552907832966E-07,1.964307298754E-08,-1.));
#118 = PLANE('',#119);
#119 = AXIS2_PLACEMENT_3D('',#120,#121,#122);
#120 = CARTESIAN_POINT('',(-1.790373879686E+03,-230.0000469437,
    60.710517196295));
#121 = DIRECTION('',(1.,1.442643975577E-08,-4.552907830133E-07));
#122 = DIRECTION('',(4.552907832966E-07,-1.964307298754E-08,1.));
#123 = ADVANCED_FACE('',(#124),#149,.F.);
#124 = FACE_BOUND('',#125,.T.);
#125 = EDGE_LOOP('',(#126,#136,#142,#143));
#126 = ORIENTED_EDGE('',*,*,#127,.T.);
#127 = EDGE_CURVE('',#128,#130,#132,.T.);
#128 = VERTEX_POINT('',#129);
#129 = CARTESIAN_POINT('',(-1.640373879686E+03,-230.0000447798,
    60.710448902678));
#130 = VERTEX_POINT('',#131);
#131 = CARTESIAN_POINT('',(-1.64037388185E+03,-80.0000447798,
    60.71045184914));
#132 = LINE('',#133,#134);
#133 = CARTESIAN_POINT('',(-1.640373879686E+03,-230.0000447798,
    60.710448902678));
#134 = VECTOR('',#135,1.);
#135 = DIRECTION('',(-1.442643081245E-08,1.,1.964307955577E-08));
#136 = ORIENTED_EDGE('',*,*,#137,.T.);
#137 = EDGE_CURVE('',#130,#74,#138,.T.);
#138 = LINE('',#139,#140);
#139 = CARTESIAN_POINT('',(-1.64037388185E+03,-80.0000447798,
    60.71045184914));
#140 = VECTOR('',#141,1.);
#141 = DIRECTION('',(-1.,-1.442643997577E-08,4.552907830133E-07));
#142 = ORIENTED_EDGE('',*,*,#71,.F.);
#143 = ORIENTED_EDGE('',*,*,#144,.F.);
#144 = EDGE_CURVE('',#128,#72,#145,.T.);
#145 = LINE('',#146,#147);
#146 = CARTESIAN_POINT('',(-1.640373879686E+03,-230.0000447798,
    60.710448902678));
#147 = VECTOR('',#148,1.);
#148 = DIRECTION('',(-1.,-1.442643997577E-08,4.552907830133E-07));
#149 = PLANE('',#150);
#150 = AXIS2_PLACEMENT_3D('',#151,#152,#153);
#151 = CARTESIAN_POINT('',(-1.640373879686E+03,-230.0000447798,
    60.710448902678));
#152 = DIRECTION('',(-4.552907832966E-07,1.964307298754E-08,-1.));
#153 = DIRECTION('',(1.,1.442643997577E-08,-4.552907830133E-07));
#154 = ADVANCED_FACE('',(#155),#180,.F.);
#155 = FACE_BOUND('',#156,.T.);
#156 = EDGE_LOOP('',(#157,#165,#166,#174));
#157 = ORIENTED_EDGE('',*,*,#158,.F.);
#158 = EDGE_CURVE('',#106,#159,#161,.T.);
#159 = VERTEX_POINT('',#160);
#160 = CARTESIAN_POINT('',(-1.640373891068E+03,-230.0000442887,
    35.71044890274));
#161 = LINE('',#162,#163);
#162 = CARTESIAN_POINT('',(-1.790373891068E+03,-230.0000464526,
    35.710517196358));
#163 = VECTOR('',#164,1.);
#164 = DIRECTION('',(1.,1.442643997577E-08,-4.552907830133E-07));
#165 = ORIENTED_EDGE('',*,*,#105,.T.);
#166 = ORIENTED_EDGE('',*,*,#167,.F.);
#167 = EDGE_CURVE('',#168,#98,#170,.T.);
#168 = VERTEX_POINT('',#169);
#169 = CARTESIAN_POINT('',(-1.640373891717E+03,-185.0000442887,
    35.710449786679));
#170 = LINE('',#171,#172);
#171 = CARTESIAN_POINT('',(-1.640373891717E+03,-185.0000442887,
    35.710449786679));
#172 = VECTOR('',#173,1.);
#173 = DIRECTION('',(-1.,-1.442643997577E-08,4.552907830133E-07));
#174 = ORIENTED_EDGE('',*,*,#175,.F.);
#175 = EDGE_CURVE('',#159,#168,#176,.T.);
#176 = LINE('',#177,#178);
#177 = CARTESIAN_POINT('',(-1.640373891068E+03,-230.0000442887,
    35.71044890274));
#178 = VECTOR('',#179,1.);
#179 = DIRECTION('',(-1.442643081245E-08,1.,1.964307955577E-08));
#180 = PLANE('',#181);
#181 = AXIS2_PLACEMENT_3D('',#182,#183,#184);
#182 = CARTESIAN_POINT('',(-1.790373891068E+03,-230.0000464526,
    35.710517196358));
#183 = DIRECTION('',(4.552907832966E-07,-1.964307298754E-08,1.));
#184 = DIRECTION('',(-1.,-1.442643997577E-08,4.552907830133E-07));
#185 = ADVANCED_FACE('',(#186),#243,.F.);
#186 = FACE_BOUND('',#187,.T.);
#187 = EDGE_LOOP('',(#188,#196,#197,#205,#213,#221,#229,#237));
#188 = ORIENTED_EDGE('',*,*,#189,.F.);
#189 = EDGE_CURVE('',#98,#190,#192,.T.);
#190 = VERTEX_POINT('',#191);
#191 = CARTESIAN_POINT('',(-1.752354817965E+03,-185.0000440926,
    -56.51435277607));
#192 = LINE('',#193,#194);
#193 = CARTESIAN_POINT('',(-1.790373891717E+03,-185.0000464526,
    35.710518080296));
#194 = VECTOR('',#195,1.);
#195 = DIRECTION('',(0.381128001831,2.365878152626E-08,-0.924522280002)
  );
#196 = ORIENTED_EDGE('',*,*,#97,.T.);
#197 = ORIENTED_EDGE('',*,*,#198,.T.);
#198 = EDGE_CURVE('',#90,#199,#201,.T.);
#199 = VERTEX_POINT('',#200);
#200 = CARTESIAN_POINT('',(-1.752354818831E+03,-125.0000440926,
    -56.51435159748));
#201 = LINE('',#202,#203);
#202 = CARTESIAN_POINT('',(-1.790373892583E+03,-125.0000464526,
    35.710519258881));
#203 = VECTOR('',#204,1.);
#204 = DIRECTION('',(0.381128001831,2.365878152626E-08,-0.924522280002)
  );
#205 = ORIENTED_EDGE('',*,*,#206,.F.);
#206 = EDGE_CURVE('',#207,#199,#209,.T.);
#207 = VERTEX_POINT('',#208);
#208 = CARTESIAN_POINT('',(-1.752354818615E+03,-140.0000440926,
    -56.51435189213));
#209 = LINE('',#210,#211);
#210 = CARTESIAN_POINT('',(-1.752354817965E+03,-185.0000440926,
    -56.51435277607));
#211 = VECTOR('',#212,1.);
#212 = DIRECTION('',(-1.442643081245E-08,1.,1.964307955577E-08));
#213 = ORIENTED_EDGE('',*,*,#214,.T.);
#214 = EDGE_CURVE('',#207,#215,#217,.T.);
#215 = VERTEX_POINT('',#216);
#216 = CARTESIAN_POINT('',(-1.783112880998E+03,-140.0000460019,
    18.097101022001));
#217 = LINE('',#218,#219);
#218 = CARTESIAN_POINT('',(-1.75560748092E+03,-140.0000442945,
    -48.62419751835));
#219 = VECTOR('',#220,1.);
#220 = DIRECTION('',(-0.381128001831,-2.365878144626E-08,0.924522280002)
  );
#221 = ORIENTED_EDGE('',*,*,#222,.T.);
#222 = EDGE_CURVE('',#215,#223,#225,.T.);
#223 = VERTEX_POINT('',#224);
#224 = CARTESIAN_POINT('',(-1.783112880565E+03,-170.0000460019,
    18.097100432709));
#225 = LINE('',#226,#227);
#226 = CARTESIAN_POINT('',(-1.783112880673E+03,-162.5000460019,
    18.097100580032));
#227 = VECTOR('',#228,1.);
#228 = DIRECTION('',(1.442643081245E-08,-1.,-1.964307955577E-08));
#229 = ORIENTED_EDGE('',*,*,#230,.T.);
#230 = EDGE_CURVE('',#223,#231,#233,.T.);
#231 = VERTEX_POINT('',#232);
#232 = CARTESIAN_POINT('',(-1.752354818182E+03,-170.0000440926,
    -56.51435248142));
#233 = LINE('',#234,#235);
#234 = CARTESIAN_POINT('',(-1.774560611926E+03,-170.000045471,
    -2.648588320122));
#235 = VECTOR('',#236,1.);
#236 = DIRECTION('',(0.381128001831,2.365878144626E-08,-0.924522280002)
  );
#237 = ORIENTED_EDGE('',*,*,#238,.F.);
#238 = EDGE_CURVE('',#190,#231,#239,.T.);
#239 = LINE('',#240,#241);
#240 = CARTESIAN_POINT('',(-1.752354817965E+03,-185.0000440926,
    -56.51435277607));
#241 = VECTOR('',#242,1.);
#242 = DIRECTION('',(-1.442643081245E-08,1.,1.964307955577E-08));
#243 = PLANE('',#244);
#244 = AXIS2_PLACEMENT_3D('',#245,#246,#247);
#245 = CARTESIAN_POINT('',(-1.790373891717E+03,-185.0000464526,
    35.710518080296));
#246 = DIRECTION('',(0.924522280002,5.851029046137E-09,0.381128001831));
#247 = DIRECTION('',(-0.381128001831,-2.365878152626E-08,0.924522280002)
  );
#248 = ADVANCED_FACE('',(#249),#274,.F.);
#249 = FACE_BOUND('',#250,.T.);
#250 = EDGE_LOOP('',(#251,#259,#260,#268));
#251 = ORIENTED_EDGE('',*,*,#252,.T.);
#252 = EDGE_CURVE('',#253,#90,#255,.T.);
#253 = VERTEX_POINT('',#254);
#254 = CARTESIAN_POINT('',(-1.640373892583E+03,-125.0000442887,
    35.710450965264));
#255 = LINE('',#256,#257);
#256 = CARTESIAN_POINT('',(-1.640373892583E+03,-125.0000442887,
    35.710450965264));
#257 = VECTOR('',#258,1.);
#258 = DIRECTION('',(-1.,-1.442643997577E-08,4.552907830133E-07));
#259 = ORIENTED_EDGE('',*,*,#89,.T.);
#260 = ORIENTED_EDGE('',*,*,#261,.T.);
#261 = EDGE_CURVE('',#82,#262,#264,.T.);
#262 = VERTEX_POINT('',#263);
#263 = CARTESIAN_POINT('',(-1.640373893232E+03,-80.00004428872,
    35.710451849202));
#264 = LINE('',#265,#266);
#265 = CARTESIAN_POINT('',(-1.790373893232E+03,-80.00004645269,
    35.71052014282));
#266 = VECTOR('',#267,1.);
#267 = DIRECTION('',(1.,1.442643997577E-08,-4.552907830133E-07));
#268 = ORIENTED_EDGE('',*,*,#269,.F.);
#269 = EDGE_CURVE('',#253,#262,#270,.T.);
#270 = LINE('',#271,#272);
#271 = CARTESIAN_POINT('',(-1.640373891068E+03,-230.0000442887,
    35.71044890274));
#272 = VECTOR('',#273,1.);
#273 = DIRECTION('',(-1.442643081245E-08,1.,1.964307955577E-08));
#274 = PLANE('',#275);
#275 = AXIS2_PLACEMENT_3D('',#276,#277,#278);
#276 = CARTESIAN_POINT('',(-1.790373891068E+03,-230.0000464526,
    35.710517196358));
#277 = DIRECTION('',(4.552907832966E-07,-1.964307298754E-08,1.));
#278 = DIRECTION('',(-1.,-1.442643997577E-08,4.552907830133E-07));
#279 = ADVANCED_FACE('',(#280),#291,.T.);
#280 = FACE_BOUND('',#281,.T.);
#281 = EDGE_LOOP('',(#282,#283,#284,#290));
#282 = ORIENTED_EDGE('',*,*,#113,.T.);
#283 = ORIENTED_EDGE('',*,*,#158,.T.);
#284 = ORIENTED_EDGE('',*,*,#285,.T.);
#285 = EDGE_CURVE('',#159,#128,#286,.T.);
#286 = LINE('',#287,#288);
#287 = CARTESIAN_POINT('',(-1.640373891068E+03,-230.0000442887,
    35.71044890274));
#288 = VECTOR('',#289,1.);
#289 = DIRECTION('',(4.552907832966E-07,-1.964307298754E-08,1.));
#290 = ORIENTED_EDGE('',*,*,#144,.T.);
#291 = PLANE('',#292);
#292 = AXIS2_PLACEMENT_3D('',#293,#294,#295);
#293 = CARTESIAN_POINT('',(-1.715373885377E+03,-230.0000456162,
    48.210483049548));
#294 = DIRECTION('',(1.442643125245E-08,-1.,-1.964307955577E-08));
#295 = DIRECTION('',(-1.,-1.442644019577E-08,4.552907830133E-07));
#296 = ADVANCED_FACE('',(#297),#308,.F.);
#297 = FACE_BOUND('',#298,.F.);
#298 = EDGE_LOOP('',(#299,#300,#301,#307));
#299 = ORIENTED_EDGE('',*,*,#81,.T.);
#300 = ORIENTED_EDGE('',*,*,#261,.T.);
#301 = ORIENTED_EDGE('',*,*,#302,.T.);
#302 = EDGE_CURVE('',#262,#130,#303,.T.);
#303 = LINE('',#304,#305);
#304 = CARTESIAN_POINT('',(-1.640373893232E+03,-80.00004428872,
    35.710451849202));
#305 = VECTOR('',#306,1.);
#306 = DIRECTION('',(4.552907832966E-07,-1.964307298754E-08,1.));
#307 = ORIENTED_EDGE('',*,*,#137,.T.);
#308 = PLANE('',#309);
#309 = AXIS2_PLACEMENT_3D('',#310,#311,#312);
#310 = CARTESIAN_POINT('',(-1.715373887541E+03,-80.00004561624,
    48.21048599601));
#311 = DIRECTION('',(1.442643125245E-08,-1.,-1.964307955577E-08));
#312 = DIRECTION('',(-1.,-1.442644019577E-08,4.552907830133E-07));
#313 = ADVANCED_FACE('',(#314),#327,.F.);
#314 = FACE_BOUND('',#315,.T.);
#315 = EDGE_LOOP('',(#316,#317,#323,#324,#325,#326));
#316 = ORIENTED_EDGE('',*,*,#175,.T.);
#317 = ORIENTED_EDGE('',*,*,#318,.T.);
#318 = EDGE_CURVE('',#168,#253,#319,.T.);
#319 = LINE('',#320,#321);
#320 = CARTESIAN_POINT('',(-1.640373891717E+03,-185.0000442887,
    35.710449786679));
#321 = VECTOR('',#322,1.);
#322 = DIRECTION('',(-1.442643081245E-08,1.,1.964307955577E-08));
#323 = ORIENTED_EDGE('',*,*,#269,.T.);
#324 = ORIENTED_EDGE('',*,*,#302,.T.);
#325 = ORIENTED_EDGE('',*,*,#127,.F.);
#326 = ORIENTED_EDGE('',*,*,#285,.F.);
#327 = PLANE('',#328);
#328 = AXIS2_PLACEMENT_3D('',#329,#330,#331);
#329 = CARTESIAN_POINT('',(-1.640373891068E+03,-230.0000442887,
    35.71044890274));
#330 = DIRECTION('',(-1.,-1.442643975577E-08,4.552907830133E-07));
#331 = DIRECTION('',(-4.552907832966E-07,1.964307298754E-08,-1.));
#332 = ADVANCED_FACE('',(#333,#352),#363,.T.);
#333 = FACE_BOUND('',#334,.T.);
#334 = EDGE_LOOP('',(#335,#344,#350,#351));
#335 = ORIENTED_EDGE('',*,*,#336,.T.);
#336 = EDGE_CURVE('',#190,#337,#339,.T.);
#337 = VERTEX_POINT('',#338);
#338 = CARTESIAN_POINT('',(-1.678393049447E+03,-185.0000430256,
    -56.51438645018));
#339 = CIRCLE('',#340,40.);
#340 = AXIS2_PLACEMENT_3D('',#341,#342,#343);
#341 = CARTESIAN_POINT('',(-1.715373926765E+03,-185.0000438585,
    -41.26923270286));
#342 = DIRECTION('',(1.442643103245E-08,-1.,-1.964307955577E-08));
#343 = DIRECTION('',(-4.552907832966E-07,1.964307298754E-08,-1.));
#344 = ORIENTED_EDGE('',*,*,#345,.T.);
#345 = EDGE_CURVE('',#337,#168,#346,.T.);
#346 = LINE('',#347,#348);
#347 = CARTESIAN_POINT('',(-1.678393049447E+03,-185.0000430256,
    -56.51438645018));
#348 = VECTOR('',#349,1.);
#349 = DIRECTION('',(0.381128843683,-1.266212890603E-08,0.924521932954)
  );
#350 = ORIENTED_EDGE('',*,*,#167,.T.);
#351 = ORIENTED_EDGE('',*,*,#189,.T.);
#352 = FACE_BOUND('',#353,.F.);
#353 = EDGE_LOOP('',(#354));
#354 = ORIENTED_EDGE('',*,*,#355,.T.);
#355 = EDGE_CURVE('',#356,#356,#358,.T.);
#356 = VERTEX_POINT('',#357);
#357 = CARTESIAN_POINT('',(-1.715373935871E+03,-185.0000434657,
    -61.26923270286));
#358 = CIRCLE('',#359,20.);
#359 = AXIS2_PLACEMENT_3D('',#360,#361,#362);
#360 = CARTESIAN_POINT('',(-1.715373926765E+03,-185.0000438585,
    -41.26923270286));
#361 = DIRECTION('',(1.442643103245E-08,-1.,-1.964307955577E-08));
#362 = DIRECTION('',(-4.552907832966E-07,1.964307298754E-08,-1.));
#363 = PLANE('',#364);
#364 = AXIS2_PLACEMENT_3D('',#365,#366,#367);
#365 = CARTESIAN_POINT('',(-1.715373914266E+03,-185.0000443978,
    -13.8167020756));
#366 = DIRECTION('',(1.442643125245E-08,-1.,-1.964307955577E-08));
#367 = DIRECTION('',(-1.,-1.442644019577E-08,4.552907830133E-07));
#368 = ADVANCED_FACE('',(#369),#388,.T.);
#369 = FACE_BOUND('',#370,.F.);
#370 = EDGE_LOOP('',(#371,#379,#386,#387));
#371 = ORIENTED_EDGE('',*,*,#372,.T.);
#372 = EDGE_CURVE('',#337,#373,#375,.T.);
#373 = VERTEX_POINT('',#374);
#374 = CARTESIAN_POINT('',(-1.678393049664E+03,-170.0000430256,
    -56.51438615553));
#375 = LINE('',#376,#377);
#376 = CARTESIAN_POINT('',(-1.678393049447E+03,-185.0000430256,
    -56.51438645018));
#377 = VECTOR('',#378,1.);
#378 = DIRECTION('',(-1.442643081245E-08,1.,1.964307955577E-08));
#379 = ORIENTED_EDGE('',*,*,#380,.T.);
#380 = EDGE_CURVE('',#373,#231,#381,.T.);
#381 = CIRCLE('',#382,40.);
#382 = AXIS2_PLACEMENT_3D('',#383,#384,#385);
#383 = CARTESIAN_POINT('',(-1.715373926982E+03,-170.0000438585,
    -41.26923240821));
#384 = DIRECTION('',(-1.442643103245E-08,1.,1.964307955577E-08));
#385 = DIRECTION('',(-4.552907832966E-07,1.964307298754E-08,-1.));
#386 = ORIENTED_EDGE('',*,*,#238,.F.);
#387 = ORIENTED_EDGE('',*,*,#336,.T.);
#388 = CYLINDRICAL_SURFACE('',#389,40.);
#389 = AXIS2_PLACEMENT_3D('',#390,#391,#392);
#390 = CARTESIAN_POINT('',(-1.715373926765E+03,-185.0000438585,
    -41.26923270286));
#391 = DIRECTION('',(1.442643103245E-08,-1.,-1.964307955577E-08));
#392 = DIRECTION('',(-4.552907832966E-07,1.964307298754E-08,-1.));
#393 = ADVANCED_FACE('',(#394,#412),#423,.T.);
#394 = FACE_BOUND('',#395,.F.);
#395 = EDGE_LOOP('',(#396,#404,#410,#411));
#396 = ORIENTED_EDGE('',*,*,#397,.T.);
#397 = EDGE_CURVE('',#373,#398,#400,.T.);
#398 = VERTEX_POINT('',#399);
#399 = CARTESIAN_POINT('',(-1.647634919341E+03,-170.0000440474,
    18.097038750842));
#400 = LINE('',#401,#402);
#401 = CARTESIAN_POINT('',(-1.660670882229E+03,-170.0000436144,
    -13.52490172181));
#402 = VECTOR('',#403,1.);
#403 = DIRECTION('',(0.381128843683,-1.266212898603E-08,0.924521932954)
  );
#404 = ORIENTED_EDGE('',*,*,#405,.T.);
#405 = EDGE_CURVE('',#398,#223,#406,.T.);
#406 = LINE('',#407,#408);
#407 = CARTESIAN_POINT('',(-1.615373899953E+03,-170.000043582,
    18.097024062697));
#408 = VECTOR('',#409,1.);
#409 = DIRECTION('',(-1.,-1.442643975577E-08,4.552907830133E-07));
#410 = ORIENTED_EDGE('',*,*,#230,.T.);
#411 = ORIENTED_EDGE('',*,*,#380,.F.);
#412 = FACE_BOUND('',#413,.F.);
#413 = EDGE_LOOP('',(#414));
#414 = ORIENTED_EDGE('',*,*,#415,.T.);
#415 = EDGE_CURVE('',#416,#416,#418,.T.);
#416 = VERTEX_POINT('',#417);
#417 = CARTESIAN_POINT('',(-1.715373936088E+03,-170.0000434657,
    -61.26923240821));
#418 = CIRCLE('',#419,20.);
#419 = AXIS2_PLACEMENT_3D('',#420,#421,#422);
#420 = CARTESIAN_POINT('',(-1.715373926982E+03,-170.0000438585,
    -41.26923240821));
#421 = DIRECTION('',(-1.442643103245E-08,1.,1.964307955577E-08));
#422 = DIRECTION('',(-4.552907832966E-07,1.964307298754E-08,-1.));
#423 = PLANE('',#424);
#424 = AXIS2_PLACEMENT_3D('',#425,#426,#427);
#425 = CARTESIAN_POINT('',(-1.615373899953E+03,-170.000043582,
    18.097024062697));
#426 = DIRECTION('',(-1.442643081245E-08,1.,1.964307955577E-08));
#427 = DIRECTION('',(4.552907832966E-07,-1.964307298754E-08,1.));
#428 = ADVANCED_FACE('',(#429),#447,.T.);
#429 = FACE_BOUND('',#430,.F.);
#430 = EDGE_LOOP('',(#431,#439,#445,#446));
#431 = ORIENTED_EDGE('',*,*,#432,.T.);
#432 = EDGE_CURVE('',#398,#433,#435,.T.);
#433 = VERTEX_POINT('',#434);
#434 = CARTESIAN_POINT('',(-1.647634919774E+03,-140.0000440474,
    18.097039340134));
#435 = LINE('',#436,#437);
#436 = CARTESIAN_POINT('',(-1.647634919449E+03,-162.5000440474,
    18.097038898165));
#437 = VECTOR('',#438,1.);
#438 = DIRECTION('',(-1.442643081245E-08,1.,1.964307955577E-08));
#439 = ORIENTED_EDGE('',*,*,#440,.T.);
#440 = EDGE_CURVE('',#433,#215,#441,.T.);
#441 = LINE('',#442,#443);
#442 = CARTESIAN_POINT('',(-1.615373900386E+03,-140.000043582,
    18.09702465199));
#443 = VECTOR('',#444,1.);
#444 = DIRECTION('',(-1.,-1.442643975577E-08,4.552907830133E-07));
#445 = ORIENTED_EDGE('',*,*,#222,.T.);
#446 = ORIENTED_EDGE('',*,*,#405,.F.);
#447 = PLANE('',#448);
#448 = AXIS2_PLACEMENT_3D('',#449,#450,#451);
#449 = CARTESIAN_POINT('',(-1.615373900386E+03,-140.000043582,
    18.09702465199));
#450 = DIRECTION('',(-4.552907832966E-07,1.964307298754E-08,-1.));
#451 = DIRECTION('',(-1.442643081245E-08,1.,1.964307955577E-08));
#452 = ADVANCED_FACE('',(#453,#472),#483,.T.);
#453 = FACE_BOUND('',#454,.F.);
#454 = EDGE_LOOP('',(#455,#456,#464,#471));
#455 = ORIENTED_EDGE('',*,*,#440,.F.);
#456 = ORIENTED_EDGE('',*,*,#457,.T.);
#457 = EDGE_CURVE('',#433,#458,#460,.T.);
#458 = VERTEX_POINT('',#459);
#459 = CARTESIAN_POINT('',(-1.678393050096E+03,-140.0000430256,
    -56.51438556624));
#460 = LINE('',#461,#462);
#461 = CARTESIAN_POINT('',(-1.679624055965E+03,-140.0000429847,
    -59.50049366165));
#462 = VECTOR('',#463,1.);
#463 = DIRECTION('',(-0.381128843683,1.266212898603E-08,-0.924521932954)
  );
#464 = ORIENTED_EDGE('',*,*,#465,.T.);
#465 = EDGE_CURVE('',#458,#207,#466,.T.);
#466 = CIRCLE('',#467,40.);
#467 = AXIS2_PLACEMENT_3D('',#468,#469,#470);
#468 = CARTESIAN_POINT('',(-1.715373927415E+03,-140.0000438585,
    -41.26923181892));
#469 = DIRECTION('',(-1.442643103245E-08,1.,1.964307955577E-08));
#470 = DIRECTION('',(-4.552907832966E-07,1.964307298754E-08,-1.));
#471 = ORIENTED_EDGE('',*,*,#214,.T.);
#472 = FACE_BOUND('',#473,.F.);
#473 = EDGE_LOOP('',(#474));
#474 = ORIENTED_EDGE('',*,*,#475,.F.);
#475 = EDGE_CURVE('',#476,#476,#478,.T.);
#476 = VERTEX_POINT('',#477);
#477 = CARTESIAN_POINT('',(-1.71537393652E+03,-140.0000434657,
    -61.26923181892));
#478 = CIRCLE('',#479,20.);
#479 = AXIS2_PLACEMENT_3D('',#480,#481,#482);
#480 = CARTESIAN_POINT('',(-1.715373927415E+03,-140.0000438585,
    -41.26923181892));
#481 = DIRECTION('',(-1.442643103245E-08,1.,1.964307955577E-08));
#482 = DIRECTION('',(-4.552907832966E-07,1.964307298754E-08,-1.));
#483 = PLANE('',#484);
#484 = AXIS2_PLACEMENT_3D('',#485,#486,#487);
#485 = CARTESIAN_POINT('',(-1.615373949365E+03,-140.0000414689,
    -89.48081334799));
#486 = DIRECTION('',(1.442643081245E-08,-1.,-1.964307955577E-08));
#487 = DIRECTION('',(-4.552907832966E-07,1.964307298754E-08,-1.));
#488 = ADVANCED_FACE('',(#489),#508,.T.);
#489 = FACE_BOUND('',#490,.F.);
#490 = EDGE_LOOP('',(#491,#499,#506,#507));
#491 = ORIENTED_EDGE('',*,*,#492,.T.);
#492 = EDGE_CURVE('',#458,#493,#495,.T.);
#493 = VERTEX_POINT('',#494);
#494 = CARTESIAN_POINT('',(-1.678393050313E+03,-125.0000430256,
    -56.5143852716));
#495 = LINE('',#496,#497);
#496 = CARTESIAN_POINT('',(-1.678393049447E+03,-185.0000430256,
    -56.51438645018));
#497 = VECTOR('',#498,1.);
#498 = DIRECTION('',(-1.442643081245E-08,1.,1.964307955577E-08));
#499 = ORIENTED_EDGE('',*,*,#500,.F.);
#500 = EDGE_CURVE('',#199,#493,#501,.T.);
#501 = CIRCLE('',#502,40.);
#502 = AXIS2_PLACEMENT_3D('',#503,#504,#505);
#503 = CARTESIAN_POINT('',(-1.715373927631E+03,-125.0000438585,
    -41.26923152428));
#504 = DIRECTION('',(1.442643103245E-08,-1.,-1.964307955577E-08));
#505 = DIRECTION('',(-4.552907832966E-07,1.964307298754E-08,-1.));
#506 = ORIENTED_EDGE('',*,*,#206,.F.);
#507 = ORIENTED_EDGE('',*,*,#465,.F.);
#508 = CYLINDRICAL_SURFACE('',#509,40.);
#509 = AXIS2_PLACEMENT_3D('',#510,#511,#512);
#510 = CARTESIAN_POINT('',(-1.715373926765E+03,-185.0000438585,
    -41.26923270286));
#511 = DIRECTION('',(1.442643103245E-08,-1.,-1.964307955577E-08));
#512 = DIRECTION('',(-4.552907832966E-07,1.964307298754E-08,-1.));
#513 = ADVANCED_FACE('',(#514,#525),#536,.F.);
#514 = FACE_BOUND('',#515,.F.);
#515 = EDGE_LOOP('',(#516,#517,#523,#524));
#516 = ORIENTED_EDGE('',*,*,#500,.T.);
#517 = ORIENTED_EDGE('',*,*,#518,.T.);
#518 = EDGE_CURVE('',#493,#253,#519,.T.);
#519 = LINE('',#520,#521);
#520 = CARTESIAN_POINT('',(-1.678393050313E+03,-125.0000430256,
    -56.5143852716));
#521 = VECTOR('',#522,1.);
#522 = DIRECTION('',(0.381128843683,-1.266212890603E-08,0.924521932954)
  );
#523 = ORIENTED_EDGE('',*,*,#252,.T.);
#524 = ORIENTED_EDGE('',*,*,#198,.T.);
#525 = FACE_BOUND('',#526,.T.);
#526 = EDGE_LOOP('',(#527));
#527 = ORIENTED_EDGE('',*,*,#528,.T.);
#528 = EDGE_CURVE('',#529,#529,#531,.T.);
#529 = VERTEX_POINT('',#530);
#530 = CARTESIAN_POINT('',(-1.715373936737E+03,-125.0000434657,
    -61.26923152427));
#531 = CIRCLE('',#532,20.);
#532 = AXIS2_PLACEMENT_3D('',#533,#534,#535);
#533 = CARTESIAN_POINT('',(-1.715373927631E+03,-125.0000438585,
    -41.26923152428));
#534 = DIRECTION('',(1.442643103245E-08,-1.,-1.964307955577E-08));
#535 = DIRECTION('',(-4.552907832966E-07,1.964307298754E-08,-1.));
#536 = PLANE('',#537);
#537 = AXIS2_PLACEMENT_3D('',#538,#539,#540);
#538 = CARTESIAN_POINT('',(-1.715373915132E+03,-125.0000443978,
    -13.81670089702));
#539 = DIRECTION('',(1.442643125245E-08,-1.,-1.964307955577E-08));
#540 = DIRECTION('',(-1.,-1.442644019577E-08,4.552907830133E-07));
#541 = ADVANCED_FACE('',(#542),#552,.F.);
#542 = FACE_BOUND('',#543,.T.);
#543 = EDGE_LOOP('',(#544,#545,#546,#547,#548,#549,#550,#551));
#544 = ORIENTED_EDGE('',*,*,#345,.F.);
#545 = ORIENTED_EDGE('',*,*,#372,.T.);
#546 = ORIENTED_EDGE('',*,*,#397,.T.);
#547 = ORIENTED_EDGE('',*,*,#432,.T.);
#548 = ORIENTED_EDGE('',*,*,#457,.T.);
#549 = ORIENTED_EDGE('',*,*,#492,.T.);
#550 = ORIENTED_EDGE('',*,*,#518,.T.);
#551 = ORIENTED_EDGE('',*,*,#318,.F.);
#552 = PLANE('',#553);
#553 = AXIS2_PLACEMENT_3D('',#554,#555,#556);
#554 = CARTESIAN_POINT('',(-1.678393049447E+03,-185.0000430256,
    -56.51438645018));
#555 = DIRECTION('',(-0.924521932954,-2.082409589782E-08,0.381128843683)
  );
#556 = DIRECTION('',(-0.381128843683,1.266212890603E-08,-0.924521932954)
  );
#557 = ADVANCED_FACE('',(#558),#569,.F.);
#558 = FACE_BOUND('',#559,.T.);
#559 = EDGE_LOOP('',(#560,#566,#567,#568));
#560 = ORIENTED_EDGE('',*,*,#561,.T.);
#561 = EDGE_CURVE('',#356,#416,#562,.T.);
#562 = LINE('',#563,#564);
#563 = CARTESIAN_POINT('',(-1.715373935871E+03,-185.0000434657,
    -61.26923270286));
#564 = VECTOR('',#565,1.);
#565 = DIRECTION('',(-1.442643081245E-08,1.,1.964307955577E-08));
#566 = ORIENTED_EDGE('',*,*,#415,.T.);
#567 = ORIENTED_EDGE('',*,*,#561,.F.);
#568 = ORIENTED_EDGE('',*,*,#355,.T.);
#569 = CYLINDRICAL_SURFACE('',#570,20.);
#570 = AXIS2_PLACEMENT_3D('',#571,#572,#573);
#571 = CARTESIAN_POINT('',(-1.715373926765E+03,-185.0000438585,
    -41.26923270286));
#572 = DIRECTION('',(1.442643103245E-08,-1.,-1.964307955577E-08));
#573 = DIRECTION('',(-4.552907832966E-07,1.964307298754E-08,-1.));
#574 = ADVANCED_FACE('',(#575),#586,.F.);
#575 = FACE_BOUND('',#576,.T.);
#576 = EDGE_LOOP('',(#577,#583,#584,#585));
#577 = ORIENTED_EDGE('',*,*,#578,.T.);
#578 = EDGE_CURVE('',#476,#529,#579,.T.);
#579 = LINE('',#580,#581);
#580 = CARTESIAN_POINT('',(-1.715373935871E+03,-185.0000434657,
    -61.26923270286));
#581 = VECTOR('',#582,1.);
#582 = DIRECTION('',(-1.442643081245E-08,1.,1.964307955577E-08));
#583 = ORIENTED_EDGE('',*,*,#528,.F.);
#584 = ORIENTED_EDGE('',*,*,#578,.F.);
#585 = ORIENTED_EDGE('',*,*,#475,.F.);
#586 = CYLINDRICAL_SURFACE('',#587,20.);
#587 = AXIS2_PLACEMENT_3D('',#588,#589,#590);
#588 = CARTESIAN_POINT('',(-1.715373926765E+03,-185.0000438585,
    -41.26923270286));
#589 = DIRECTION('',(1.442643103245E-08,-1.,-1.964307955577E-08));
#590 = DIRECTION('',(-4.552907832966E-07,1.964307298754E-08,-1.));
#591 = ( GEOMETRIC_REPRESENTATION_CONTEXT(3) 
GLOBAL_UNCERTAINTY_ASSIGNED_CONTEXT((#595)) GLOBAL_UNIT_ASSIGNED_CONTEXT
((#592,#593,#594)) REPRESENTATION_CONTEXT('Context #1',
  '3D Context with UNIT and UNCERTAINTY') );
#592 = ( LENGTH_UNIT() NAMED_UNIT(*) SI_UNIT(.MILLI.,.METRE.) );
#593 = ( NAMED_UNIT(*) PLANE_ANGLE_UNIT() SI_UNIT($,.RADIAN.) );
#594 = ( NAMED_UNIT(*) SI_UNIT($,.STERADIAN.) SOLID_ANGLE_UNIT() );
#595 = UNCERTAINTY_MEASURE_WITH_UNIT(LENGTH_MEASURE(1.E-07),#592,
  'distance_accuracy_value','confusion accuracy');
#596 = CONTEXT_DEPENDENT_SHAPE_REPRESENTATION(#597,#599);
#597 = ( REPRESENTATION_RELATIONSHIP('','',#64,#10) 
REPRESENTATION_RELATIONSHIP_WITH_TRANSFORMATION(#598) 
SHAPE_REPRESENTATION_RELATIONSHIP() );
#598 = ITEM_DEFINED_TRANSFORMATION('','',#11,#15);
#599 = PRODUCT_DEFINITION_SHAPE('Placement','Placement of an item',#600
  );
#600 = NEXT_ASSEMBLY_USAGE_OCCURRENCE('8',
  'cylinder_bracket002 (mirrored)','',#5,#59,$);
#601 = PRODUCT_RELATED_PRODUCT_CATEGORY('part',$,(#61));
#602 = SHAPE_DEFINITION_REPRESENTATION(#603,#609);
#603 = PRODUCT_DEFINITION_SHAPE('','',#604);
#604 = PRODUCT_DEFINITION('design','',#605,#608);
#605 = PRODUCT_DEFINITION_FORMATION('','',#606);
#606 = PRODUCT('Extrude005','Extrude005','',(#607));
#607 = PRODUCT_CONTEXT('',#2,'mechanical');
#608 = PRODUCT_DEFINITION_CONTEXT('part definition',#2,'design');
#609 = ADVANCED_BREP_SHAPE_REPRESENTATION('',(#11,#610),#760);
#610 = MANIFOLD_SOLID_BREP('',#611);
#611 = CLOSED_SHELL('',(#612,#652,#683,#714,#736,#748));
#612 = ADVANCED_FACE('',(#613),#647,.F.);
#613 = FACE_BOUND('',#614,.F.);
#614 = EDGE_LOOP('',(#615,#625,#633,#641));
#615 = ORIENTED_EDGE('',*,*,#616,.T.);
#616 = EDGE_CURVE('',#617,#619,#621,.T.);
#617 = VERTEX_POINT('',#618);
#618 = CARTESIAN_POINT('',(-1.789219906122E+03,249.99981150996,
    70.709698957275));
#619 = VERTEX_POINT('',#620);
#620 = CARTESIAN_POINT('',(-1.789219906122E+03,249.99981150996,
    60.709698957275));
#621 = LINE('',#622,#623);
#622 = CARTESIAN_POINT('',(-1.789219906122E+03,249.99981150996,
    70.709698957275));
#623 = VECTOR('',#624,1.);
#624 = DIRECTION('',(0.,0.,-1.));
#625 = ORIENTED_EDGE('',*,*,#626,.T.);
#626 = EDGE_CURVE('',#619,#627,#629,.T.);
#627 = VERTEX_POINT('',#628);
#628 = CARTESIAN_POINT('',(-1.639219906122E+03,249.99981150996,
    60.709698957275));
#629 = LINE('',#630,#631);
#630 = CARTESIAN_POINT('',(-1.789219906122E+03,249.99981150996,
    60.709698957275));
#631 = VECTOR('',#632,1.);
#632 = DIRECTION('',(1.,0.,0.));
#633 = ORIENTED_EDGE('',*,*,#634,.F.);
#634 = EDGE_CURVE('',#635,#627,#637,.T.);
#635 = VERTEX_POINT('',#636);
#636 = CARTESIAN_POINT('',(-1.639219906122E+03,249.99981150996,
    70.709698957275));
#637 = LINE('',#638,#639);
#638 = CARTESIAN_POINT('',(-1.639219906122E+03,249.99981150996,
    70.709698957275));
#639 = VECTOR('',#640,1.);
#640 = DIRECTION('',(0.,0.,-1.));
#641 = ORIENTED_EDGE('',*,*,#642,.F.);
#642 = EDGE_CURVE('',#617,#635,#643,.T.);
#643 = LINE('',#644,#645);
#644 = CARTESIAN_POINT('',(-1.789219906122E+03,249.99981150996,
    70.709698957275));
#645 = VECTOR('',#646,1.);
#646 = DIRECTION('',(1.,0.,0.));
#647 = PLANE('',#648);
#648 = AXIS2_PLACEMENT_3D('',#649,#650,#651);
#649 = CARTESIAN_POINT('',(-1.789219906122E+03,249.99981150996,
    70.709698957275));
#650 = DIRECTION('',(0.,-1.,0.));
#651 = DIRECTION('',(1.,0.,0.));
#652 = ADVANCED_FACE('',(#653),#678,.F.);
#653 = FACE_BOUND('',#654,.F.);
#654 = EDGE_LOOP('',(#655,#656,#664,#672));
#655 = ORIENTED_EDGE('',*,*,#634,.T.);
#656 = ORIENTED_EDGE('',*,*,#657,.T.);
#657 = EDGE_CURVE('',#627,#658,#660,.T.);
#658 = VERTEX_POINT('',#659);
#659 = CARTESIAN_POINT('',(-1.639219906122E+03,-250.00018849,
    60.709698957275));
#660 = LINE('',#661,#662);
#661 = CARTESIAN_POINT('',(-1.639219906122E+03,249.99981150996,
    60.709698957275));
#662 = VECTOR('',#663,1.);
#663 = DIRECTION('',(0.,-1.,1.224646799147E-16));
#664 = ORIENTED_EDGE('',*,*,#665,.F.);
#665 = EDGE_CURVE('',#666,#658,#668,.T.);
#666 = VERTEX_POINT('',#667);
#667 = CARTESIAN_POINT('',(-1.639219906122E+03,-250.00018849,
    70.709698957275));
#668 = LINE('',#669,#670);
#669 = CARTESIAN_POINT('',(-1.639219906122E+03,-250.00018849,
    70.709698957275));
#670 = VECTOR('',#671,1.);
#671 = DIRECTION('',(0.,0.,-1.));
#672 = ORIENTED_EDGE('',*,*,#673,.F.);
#673 = EDGE_CURVE('',#635,#666,#674,.T.);
#674 = LINE('',#675,#676);
#675 = CARTESIAN_POINT('',(-1.639219906122E+03,249.99981150996,
    70.709698957275));
#676 = VECTOR('',#677,1.);
#677 = DIRECTION('',(0.,-1.,1.224646799147E-16));
#678 = PLANE('',#679);
#679 = AXIS2_PLACEMENT_3D('',#680,#681,#682);
#680 = CARTESIAN_POINT('',(-1.639219906122E+03,249.99981150996,
    70.709698957275));
#681 = DIRECTION('',(-1.,-0.,-0.));
#682 = DIRECTION('',(0.,-1.,1.224646799147E-16));
#683 = ADVANCED_FACE('',(#684),#709,.F.);
#684 = FACE_BOUND('',#685,.F.);
#685 = EDGE_LOOP('',(#686,#687,#695,#703));
#686 = ORIENTED_EDGE('',*,*,#665,.T.);
#687 = ORIENTED_EDGE('',*,*,#688,.T.);
#688 = EDGE_CURVE('',#658,#689,#691,.T.);
#689 = VERTEX_POINT('',#690);
#690 = CARTESIAN_POINT('',(-1.789219906122E+03,-250.00018849,
    60.709698957275));
#691 = LINE('',#692,#693);
#692 = CARTESIAN_POINT('',(-1.639219906122E+03,-250.00018849,
    60.709698957275));
#693 = VECTOR('',#694,1.);
#694 = DIRECTION('',(-1.,-0.,0.));
#695 = ORIENTED_EDGE('',*,*,#696,.F.);
#696 = EDGE_CURVE('',#697,#689,#699,.T.);
#697 = VERTEX_POINT('',#698);
#698 = CARTESIAN_POINT('',(-1.789219906122E+03,-250.00018849,
    70.709698957275));
#699 = LINE('',#700,#701);
#700 = CARTESIAN_POINT('',(-1.789219906122E+03,-250.00018849,
    70.709698957275));
#701 = VECTOR('',#702,1.);
#702 = DIRECTION('',(0.,0.,-1.));
#703 = ORIENTED_EDGE('',*,*,#704,.F.);
#704 = EDGE_CURVE('',#666,#697,#705,.T.);
#705 = LINE('',#706,#707);
#706 = CARTESIAN_POINT('',(-1.639219906122E+03,-250.00018849,
    70.709698957275));
#707 = VECTOR('',#708,1.);
#708 = DIRECTION('',(-1.,-0.,0.));
#709 = PLANE('',#710);
#710 = AXIS2_PLACEMENT_3D('',#711,#712,#713);
#711 = CARTESIAN_POINT('',(-1.639219906122E+03,-250.00018849,
    70.709698957275));
#712 = DIRECTION('',(0.,1.,0.));
#713 = DIRECTION('',(-1.,0.,0.));
#714 = ADVANCED_FACE('',(#715),#731,.F.);
#715 = FACE_BOUND('',#716,.F.);
#716 = EDGE_LOOP('',(#717,#718,#724,#725));
#717 = ORIENTED_EDGE('',*,*,#696,.T.);
#718 = ORIENTED_EDGE('',*,*,#719,.T.);
#719 = EDGE_CURVE('',#689,#619,#720,.T.);
#720 = LINE('',#721,#722);
#721 = CARTESIAN_POINT('',(-1.789219906122E+03,-250.00018849,
    60.709698957275));
#722 = VECTOR('',#723,1.);
#723 = DIRECTION('',(0.,1.,-1.224646799147E-16));
#724 = ORIENTED_EDGE('',*,*,#616,.F.);
#725 = ORIENTED_EDGE('',*,*,#726,.F.);
#726 = EDGE_CURVE('',#697,#617,#727,.T.);
#727 = LINE('',#728,#729);
#728 = CARTESIAN_POINT('',(-1.789219906122E+03,-250.00018849,
    70.709698957275));
#729 = VECTOR('',#730,1.);
#730 = DIRECTION('',(0.,1.,-1.224646799147E-16));
#731 = PLANE('',#732);
#732 = AXIS2_PLACEMENT_3D('',#733,#734,#735);
#733 = CARTESIAN_POINT('',(-1.789219906122E+03,-250.00018849,
    70.709698957275));
#734 = DIRECTION('',(1.,0.,0.));
#735 = DIRECTION('',(0.,1.,-1.224646799147E-16));
#736 = ADVANCED_FACE('',(#737),#743,.T.);
#737 = FACE_BOUND('',#738,.F.);
#738 = EDGE_LOOP('',(#739,#740,#741,#742));
#739 = ORIENTED_EDGE('',*,*,#642,.T.);
#740 = ORIENTED_EDGE('',*,*,#673,.T.);
#741 = ORIENTED_EDGE('',*,*,#704,.T.);
#742 = ORIENTED_EDGE('',*,*,#726,.T.);
#743 = PLANE('',#744);
#744 = AXIS2_PLACEMENT_3D('',#745,#746,#747);
#745 = CARTESIAN_POINT('',(-1.714219906122E+03,-1.884900381489E-04,
    70.709698957275));
#746 = DIRECTION('',(0.,0.,1.));
#747 = DIRECTION('',(1.,0.,-0.));
#748 = ADVANCED_FACE('',(#749),#755,.F.);
#749 = FACE_BOUND('',#750,.T.);
#750 = EDGE_LOOP('',(#751,#752,#753,#754));
#751 = ORIENTED_EDGE('',*,*,#626,.T.);
#752 = ORIENTED_EDGE('',*,*,#657,.T.);
#753 = ORIENTED_EDGE('',*,*,#688,.T.);
#754 = ORIENTED_EDGE('',*,*,#719,.T.);
#755 = PLANE('',#756);
#756 = AXIS2_PLACEMENT_3D('',#757,#758,#759);
#757 = CARTESIAN_POINT('',(-1.714219906122E+03,-1.884900381489E-04,
    60.709698957275));
#758 = DIRECTION('',(0.,0.,1.));
#759 = DIRECTION('',(1.,0.,-0.));
#760 = ( GEOMETRIC_REPRESENTATION_CONTEXT(3) 
GLOBAL_UNCERTAINTY_ASSIGNED_CONTEXT((#764)) GLOBAL_UNIT_ASSIGNED_CONTEXT
((#761,#762,#763)) REPRESENTATION_CONTEXT('Context #1',
  '3D Context with UNIT and UNCERTAINTY') );
#761 = ( LENGTH_UNIT() NAMED_UNIT(*) SI_UNIT(.MILLI.,.METRE.) );
#762 = ( NAMED_UNIT(*) PLANE_ANGLE_UNIT() SI_UNIT($,.RADIAN.) );
#763 = ( NAMED_UNIT(*) SI_UNIT($,.STERADIAN.) SOLID_ANGLE_UNIT() );
#764 = UNCERTAINTY_MEASURE_WITH_UNIT(LENGTH_MEASURE(1.E-07),#761,
  'distance_accuracy_value','confusion accuracy');
#765 = CONTEXT_DEPENDENT_SHAPE_REPRESENTATION(#766,#768);
#766 = ( REPRESENTATION_RELATIONSHIP('','',#609,#10) 
REPRESENTATION_RELATIONSHIP_WITH_TRANSFORMATION(#767) 
SHAPE_REPRESENTATION_RELATIONSHIP() );
#767 = ITEM_DEFINED_TRANSFORMATION('','',#11,#19);
#768 = PRODUCT_DEFINITION_SHAPE('Placement','Placement of an item',#769
  );
#769 = NEXT_ASSEMBLY_USAGE_OCCURRENCE('9','Extrude005','',#5,#604,$);
#770 = PRODUCT_RELATED_PRODUCT_CATEGORY('part',$,(#606));
#771 = SHAPE_DEFINITION_REPRESENTATION(#772,#778);
#772 = PRODUCT_DEFINITION_SHAPE('','',#773);
#773 = PRODUCT_DEFINITION('design','',#774,#777);
#774 = PRODUCT_DEFINITION_FORMATION('','',#775);
#775 = PRODUCT('Body011','Body011','',(#776));
#776 = PRODUCT_CONTEXT('',#2,'mechanical');
#777 = PRODUCT_DEFINITION_CONTEXT('part definition',#2,'design');
#778 = ADVANCED_BREP_SHAPE_REPRESENTATION('',(#11,#779),#1755);
#779 = MANIFOLD_SOLID_BREP('',#780);
#780 = CLOSED_SHELL('',(#781,#821,#868,#923,#963,#1019,#1152,#1225,#1242
    ,#1266,#1291,#1320,#1337,#1354,#1373,#1385,#1402,#1414,#1427,#1458,
    #1483,#1508,#1525,#1556,#1580,#1604,#1621,#1652,#1677,#1702,#1719,
    #1731,#1743));
#781 = ADVANCED_FACE('',(#782),#816,.F.);
#782 = FACE_BOUND('',#783,.F.);
#783 = EDGE_LOOP('',(#784,#794,#802,#810));
#784 = ORIENTED_EDGE('',*,*,#785,.T.);
#785 = EDGE_CURVE('',#786,#788,#790,.T.);
#786 = VERTEX_POINT('',#787);
#787 = CARTESIAN_POINT('',(580.81454567811,-1.1E+03,1.570709698974E+03)
  );
#788 = VERTEX_POINT('',#789);
#789 = CARTESIAN_POINT('',(-4.319185454322E+03,-1.1E+03,
    1.570709698974E+03));
#790 = LINE('',#791,#792);
#791 = CARTESIAN_POINT('',(630.81454567811,-1.1E+03,1.570709698974E+03)
  );
#792 = VECTOR('',#793,1.);
#793 = DIRECTION('',(-1.,0.,0.));
#794 = ORIENTED_EDGE('',*,*,#795,.F.);
#795 = EDGE_CURVE('',#796,#788,#798,.T.);
#796 = VERTEX_POINT('',#797);
#797 = CARTESIAN_POINT('',(-4.319185454322E+03,-1.05E+03,
    1.570709698974E+03));
#798 = LINE('',#799,#800);
#799 = CARTESIAN_POINT('',(-4.319185454322E+03,1.1E+03,
    1.570709698974E+03));
#800 = VECTOR('',#801,1.);
#801 = DIRECTION('',(0.,-1.,0.));
#802 = ORIENTED_EDGE('',*,*,#803,.T.);
#803 = EDGE_CURVE('',#796,#804,#806,.T.);
#804 = VERTEX_POINT('',#805);
#805 = CARTESIAN_POINT('',(580.81454567811,-1.05E+03,1.570709698974E+03)
  );
#806 = LINE('',#807,#808);
#807 = CARTESIAN_POINT('',(-619.1854543218,-1.05E+03,1.570709698974E+03)
  );
#808 = VECTOR('',#809,1.);
#809 = DIRECTION('',(1.,0.,0.));
#810 = ORIENTED_EDGE('',*,*,#811,.T.);
#811 = EDGE_CURVE('',#804,#786,#812,.T.);
#812 = LINE('',#813,#814);
#813 = CARTESIAN_POINT('',(580.81454567811,549.29671310398,
    1.570709698974E+03));
#814 = VECTOR('',#815,1.);
#815 = DIRECTION('',(-0.,-1.,-3.3E-16));
#816 = PLANE('',#817);
#817 = AXIS2_PLACEMENT_3D('',#818,#819,#820);
#818 = CARTESIAN_POINT('',(630.81454567811,1.1E+03,1.570709698974E+03));
#819 = DIRECTION('',(0.,3.3E-16,-1.));
#820 = DIRECTION('',(-1.,0.,0.));
#821 = ADVANCED_FACE('',(#822),#863,.F.);
#822 = FACE_BOUND('',#823,.T.);
#823 = EDGE_LOOP('',(#824,#834,#842,#848,#849,#857));
#824 = ORIENTED_EDGE('',*,*,#825,.T.);
#825 = EDGE_CURVE('',#826,#828,#830,.T.);
#826 = VERTEX_POINT('',#827);
#827 = CARTESIAN_POINT('',(-4.369185454322E+03,-1.1E+03,70.709698973973)
  );
#828 = VERTEX_POINT('',#829);
#829 = CARTESIAN_POINT('',(630.81454567811,-1.1E+03,70.709698973973));
#830 = LINE('',#831,#832);
#831 = CARTESIAN_POINT('',(-4.369185454322E+03,-1.1E+03,70.709698973973)
  );
#832 = VECTOR('',#833,1.);
#833 = DIRECTION('',(1.,0.,0.));
#834 = ORIENTED_EDGE('',*,*,#835,.T.);
#835 = EDGE_CURVE('',#828,#836,#838,.T.);
#836 = VERTEX_POINT('',#837);
#837 = CARTESIAN_POINT('',(630.81454567811,-1.1E+03,1.570709698974E+03)
  );
#838 = LINE('',#839,#840);
#839 = CARTESIAN_POINT('',(630.81454567811,-1.1E+03,70.709698973973));
#840 = VECTOR('',#841,1.);
#841 = DIRECTION('',(0.,-2.2E-16,1.));
#842 = ORIENTED_EDGE('',*,*,#843,.T.);
#843 = EDGE_CURVE('',#836,#786,#844,.T.);
#844 = LINE('',#845,#846);
#845 = CARTESIAN_POINT('',(630.81454567811,-1.1E+03,1.570709698974E+03)
  );
#846 = VECTOR('',#847,1.);
#847 = DIRECTION('',(-1.,0.,0.));
#848 = ORIENTED_EDGE('',*,*,#785,.T.);
#849 = ORIENTED_EDGE('',*,*,#850,.T.);
#850 = EDGE_CURVE('',#788,#851,#853,.T.);
#851 = VERTEX_POINT('',#852);
#852 = CARTESIAN_POINT('',(-4.369185454322E+03,-1.1E+03,
    1.570709698974E+03));
#853 = LINE('',#854,#855);
#854 = CARTESIAN_POINT('',(630.81454567811,-1.1E+03,1.570709698974E+03)
  );
#855 = VECTOR('',#856,1.);
#856 = DIRECTION('',(-1.,0.,0.));
#857 = ORIENTED_EDGE('',*,*,#858,.T.);
#858 = EDGE_CURVE('',#851,#826,#859,.T.);
#859 = LINE('',#860,#861);
#860 = CARTESIAN_POINT('',(-4.369185454322E+03,-1.1E+03,
    1.570709698974E+03));
#861 = VECTOR('',#862,1.);
#862 = DIRECTION('',(0.,0.,-1.));
#863 = PLANE('',#864);
#864 = AXIS2_PLACEMENT_3D('',#865,#866,#867);
#865 = CARTESIAN_POINT('',(-1.869185454322E+03,-1.1E+03,820.70969897397)
  );
#866 = DIRECTION('',(0.,1.,3.E-16));
#867 = DIRECTION('',(0.,-3.E-16,1.));
#868 = ADVANCED_FACE('',(#869),#918,.T.);
#869 = FACE_BOUND('',#870,.T.);
#870 = EDGE_LOOP('',(#871,#881,#889,#895,#896,#904,#912));
#871 = ORIENTED_EDGE('',*,*,#872,.F.);
#872 = EDGE_CURVE('',#873,#875,#877,.T.);
#873 = VERTEX_POINT('',#874);
#874 = CARTESIAN_POINT('',(-4.319185454322E+03,1.1E+03,
    1.570709698974E+03));
#875 = VERTEX_POINT('',#876);
#876 = CARTESIAN_POINT('',(-4.319185454322E+03,1.05E+03,
    1.570709698974E+03));
#877 = LINE('',#878,#879);
#878 = CARTESIAN_POINT('',(-4.319185454322E+03,1.1E+03,
    1.570709698974E+03));
#879 = VECTOR('',#880,1.);
#880 = DIRECTION('',(0.,-1.,0.));
#881 = ORIENTED_EDGE('',*,*,#882,.F.);
#882 = EDGE_CURVE('',#883,#873,#885,.T.);
#883 = VERTEX_POINT('',#884);
#884 = CARTESIAN_POINT('',(-4.319185454322E+03,0.,1.763899536E+03));
#885 = LINE('',#886,#887);
#886 = CARTESIAN_POINT('',(-4.319185454322E+03,0.,1.763899536E+03));
#887 = VECTOR('',#888,1.);
#888 = DIRECTION('',(0.,0.984925404389,-0.172979616688));
#889 = ORIENTED_EDGE('',*,*,#890,.F.);
#890 = EDGE_CURVE('',#788,#883,#891,.T.);
#891 = LINE('',#892,#893);
#892 = CARTESIAN_POINT('',(-4.319185454322E+03,-1.1E+03,
    1.570709698974E+03));
#893 = VECTOR('',#894,1.);
#894 = DIRECTION('',(0.,0.984925404389,0.172979616688));
#895 = ORIENTED_EDGE('',*,*,#795,.F.);
#896 = ORIENTED_EDGE('',*,*,#897,.F.);
#897 = EDGE_CURVE('',#898,#796,#900,.T.);
#898 = VERTEX_POINT('',#899);
#899 = CARTESIAN_POINT('',(-4.319185454322E+03,-1.05E+03,120.70969897397
    ));
#900 = LINE('',#901,#902);
#901 = CARTESIAN_POINT('',(-4.319185454322E+03,-1.05E+03,
    1.195709698974E+03));
#902 = VECTOR('',#903,1.);
#903 = DIRECTION('',(0.,-3.E-16,1.));
#904 = ORIENTED_EDGE('',*,*,#905,.T.);
#905 = EDGE_CURVE('',#898,#906,#908,.T.);
#906 = VERTEX_POINT('',#907);
#907 = CARTESIAN_POINT('',(-4.319185454322E+03,1.05E+03,120.70969897397)
  );
#908 = LINE('',#909,#910);
#909 = CARTESIAN_POINT('',(-4.319185454322E+03,1.1E+03,120.70969897397)
  );
#910 = VECTOR('',#911,1.);
#911 = DIRECTION('',(0.,1.,3.3E-16));
#912 = ORIENTED_EDGE('',*,*,#913,.T.);
#913 = EDGE_CURVE('',#906,#875,#914,.T.);
#914 = LINE('',#915,#916);
#915 = CARTESIAN_POINT('',(-4.319185454322E+03,1.05E+03,
    1.195709698974E+03));
#916 = VECTOR('',#917,1.);
#917 = DIRECTION('',(0.,-3.E-16,1.));
#918 = PLANE('',#919);
#919 = AXIS2_PLACEMENT_3D('',#920,#921,#922);
#920 = CARTESIAN_POINT('',(-4.319185454322E+03,-2.8573E-13,
    898.23090966256));
#921 = DIRECTION('',(1.,0.,0.));
#922 = DIRECTION('',(0.,0.,1.));
#923 = ADVANCED_FACE('',(#924),#958,.T.);
#924 = FACE_BOUND('',#925,.T.);
#925 = EDGE_LOOP('',(#926,#936,#944,#950,#951,#952));
#926 = ORIENTED_EDGE('',*,*,#927,.F.);
#927 = EDGE_CURVE('',#928,#930,#932,.T.);
#928 = VERTEX_POINT('',#929);
#929 = CARTESIAN_POINT('',(630.81454567811,-1.05E+03,1.370709698974E+03)
  );
#930 = VERTEX_POINT('',#931);
#931 = CARTESIAN_POINT('',(580.81454567811,-1.05E+03,1.370709698974E+03)
  );
#932 = LINE('',#933,#934);
#933 = CARTESIAN_POINT('',(-619.1854543218,-1.05E+03,1.370709698974E+03)
  );
#934 = VECTOR('',#935,1.);
#935 = DIRECTION('',(-1.,-0.,-0.));
#936 = ORIENTED_EDGE('',*,*,#937,.T.);
#937 = EDGE_CURVE('',#928,#938,#940,.T.);
#938 = VERTEX_POINT('',#939);
#939 = CARTESIAN_POINT('',(630.81454567811,-1.05E+03,120.70969897397));
#940 = LINE('',#941,#942);
#941 = CARTESIAN_POINT('',(630.81454567811,-1.05E+03,445.70969897397));
#942 = VECTOR('',#943,1.);
#943 = DIRECTION('',(0.,3.E-16,-1.));
#944 = ORIENTED_EDGE('',*,*,#945,.T.);
#945 = EDGE_CURVE('',#938,#898,#946,.T.);
#946 = LINE('',#947,#948);
#947 = CARTESIAN_POINT('',(-3.119185454322E+03,-1.05E+03,120.70969897397
    ));
#948 = VECTOR('',#949,1.);
#949 = DIRECTION('',(-1.,-0.,-0.));
#950 = ORIENTED_EDGE('',*,*,#897,.T.);
#951 = ORIENTED_EDGE('',*,*,#803,.T.);
#952 = ORIENTED_EDGE('',*,*,#953,.T.);
#953 = EDGE_CURVE('',#804,#930,#954,.T.);
#954 = LINE('',#955,#956);
#955 = CARTESIAN_POINT('',(580.81454567811,-1.05E+03,1.168518069278E+03)
  );
#956 = VECTOR('',#957,1.);
#957 = DIRECTION('',(0.,3.E-16,-1.));
#958 = PLANE('',#959);
#959 = AXIS2_PLACEMENT_3D('',#960,#961,#962);
#960 = CARTESIAN_POINT('',(-1.869185454322E+03,-1.05E+03,820.70969897397
    ));
#961 = DIRECTION('',(0.,1.,3.E-16));
#962 = DIRECTION('',(0.,-3.E-16,1.));
#963 = ADVANCED_FACE('',(#964),#1014,.F.);
#964 = FACE_BOUND('',#965,.F.);
#965 = EDGE_LOOP('',(#966,#967,#975,#983,#991,#999,#1007,#1013));
#966 = ORIENTED_EDGE('',*,*,#953,.T.);
#967 = ORIENTED_EDGE('',*,*,#968,.T.);
#968 = EDGE_CURVE('',#930,#969,#971,.T.);
#969 = VERTEX_POINT('',#970);
#970 = CARTESIAN_POINT('',(580.81454567811,1.05E+03,1.370709698974E+03)
  );
#971 = LINE('',#972,#973);
#972 = CARTESIAN_POINT('',(580.81454567811,-1.1E+03,1.370709698974E+03)
  );
#973 = VECTOR('',#974,1.);
#974 = DIRECTION('',(0.,1.,0.));
#975 = ORIENTED_EDGE('',*,*,#976,.F.);
#976 = EDGE_CURVE('',#977,#969,#979,.T.);
#977 = VERTEX_POINT('',#978);
#978 = CARTESIAN_POINT('',(580.81454567811,1.05E+03,1.570709698974E+03)
  );
#979 = LINE('',#980,#981);
#980 = CARTESIAN_POINT('',(580.81454567811,1.05E+03,1.168518069278E+03)
  );
#981 = VECTOR('',#982,1.);
#982 = DIRECTION('',(0.,3.E-16,-1.));
#983 = ORIENTED_EDGE('',*,*,#984,.F.);
#984 = EDGE_CURVE('',#985,#977,#987,.T.);
#985 = VERTEX_POINT('',#986);
#986 = CARTESIAN_POINT('',(580.81454567811,1.096181763E+03,
    1.570709698974E+03));
#987 = LINE('',#988,#989);
#988 = CARTESIAN_POINT('',(580.81454567811,549.29671310398,
    1.570709698974E+03));
#989 = VECTOR('',#990,1.);
#990 = DIRECTION('',(-0.,-1.,-3.3E-16));
#991 = ORIENTED_EDGE('',*,*,#992,.T.);
#992 = EDGE_CURVE('',#985,#993,#995,.T.);
#993 = VERTEX_POINT('',#994);
#994 = CARTESIAN_POINT('',(580.81454567811,1.096181763E+03,
    1.573064575E+03));
#995 = LINE('',#996,#997);
#996 = CARTESIAN_POINT('',(580.81454567811,1.096181763E+03,
    1.370709698974E+03));
#997 = VECTOR('',#998,1.);
#998 = DIRECTION('',(0.,0.,1.));
#999 = ORIENTED_EDGE('',*,*,#1000,.T.);
#1000 = EDGE_CURVE('',#993,#1001,#1003,.T.);
#1001 = VERTEX_POINT('',#1002);
#1002 = CARTESIAN_POINT('',(580.81454567811,0.,1.763899536E+03));
#1003 = LINE('',#1004,#1005);
#1004 = CARTESIAN_POINT('',(580.81454567811,1.096181763E+03,
    1.573064575E+03));
#1005 = VECTOR('',#1006,1.);
#1006 = DIRECTION('',(0.,-0.985182208413,0.1715109799));
#1007 = ORIENTED_EDGE('',*,*,#1008,.T.);
#1008 = EDGE_CURVE('',#1001,#786,#1009,.T.);
#1009 = LINE('',#1010,#1011);
#1010 = CARTESIAN_POINT('',(580.81454567811,0.,1.763899536E+03));
#1011 = VECTOR('',#1012,1.);
#1012 = DIRECTION('',(0.,-0.984925404389,-0.172979616688));
#1013 = ORIENTED_EDGE('',*,*,#811,.F.);
#1014 = PLANE('',#1015);
#1015 = AXIS2_PLACEMENT_3D('',#1016,#1017,#1018);
#1016 = CARTESIAN_POINT('',(580.81454567811,-1.406573792038,
    1.516326439581E+03));
#1017 = DIRECTION('',(1.,0.,0.));
#1018 = DIRECTION('',(0.,0.,1.));
#1019 = ADVANCED_FACE('',(#1020,#1045,#1079,#1113),#1147,.F.);
#1020 = FACE_BOUND('',#1021,.F.);
#1021 = EDGE_LOOP('',(#1022,#1030,#1031,#1039));
#1022 = ORIENTED_EDGE('',*,*,#1023,.T.);
#1023 = EDGE_CURVE('',#1024,#826,#1026,.T.);
#1024 = VERTEX_POINT('',#1025);
#1025 = CARTESIAN_POINT('',(-4.369185454322E+03,1.1E+03,70.709698973973)
  );
#1026 = LINE('',#1027,#1028);
#1027 = CARTESIAN_POINT('',(-4.369185454322E+03,1.1E+03,70.709698973973)
  );
#1028 = VECTOR('',#1029,1.);
#1029 = DIRECTION('',(0.,-1.,-3.3E-16));
#1030 = ORIENTED_EDGE('',*,*,#825,.T.);
#1031 = ORIENTED_EDGE('',*,*,#1032,.F.);
#1032 = EDGE_CURVE('',#1033,#828,#1035,.T.);
#1033 = VERTEX_POINT('',#1034);
#1034 = CARTESIAN_POINT('',(630.81454567811,1.1E+03,70.709698973973));
#1035 = LINE('',#1036,#1037);
#1036 = CARTESIAN_POINT('',(630.81454567811,1.1E+03,70.709698973973));
#1037 = VECTOR('',#1038,1.);
#1038 = DIRECTION('',(0.,-1.,-3.3E-16));
#1039 = ORIENTED_EDGE('',*,*,#1040,.F.);
#1040 = EDGE_CURVE('',#1024,#1033,#1041,.T.);
#1041 = LINE('',#1042,#1043);
#1042 = CARTESIAN_POINT('',(-4.369185454322E+03,1.1E+03,70.709698973973)
  );
#1043 = VECTOR('',#1044,1.);
#1044 = DIRECTION('',(1.,0.,0.));
#1045 = FACE_BOUND('',#1046,.F.);
#1046 = EDGE_LOOP('',(#1047,#1057,#1065,#1073));
#1047 = ORIENTED_EDGE('',*,*,#1048,.F.);
#1048 = EDGE_CURVE('',#1049,#1051,#1053,.T.);
#1049 = VERTEX_POINT('',#1050);
#1050 = CARTESIAN_POINT('',(-60.,-600.,70.709698973973));
#1051 = VERTEX_POINT('',#1052);
#1052 = CARTESIAN_POINT('',(-60.,-650.,70.709698973973));
#1053 = LINE('',#1054,#1055);
#1054 = CARTESIAN_POINT('',(-60.,-600.,70.709698973973));
#1055 = VECTOR('',#1056,1.);
#1056 = DIRECTION('',(0.,-1.,-3.3E-16));
#1057 = ORIENTED_EDGE('',*,*,#1058,.F.);
#1058 = EDGE_CURVE('',#1059,#1049,#1061,.T.);
#1059 = VERTEX_POINT('',#1060);
#1060 = CARTESIAN_POINT('',(60.,-600.,70.709698973973));
#1061 = LINE('',#1062,#1063);
#1062 = CARTESIAN_POINT('',(60.,-600.,70.709698973973));
#1063 = VECTOR('',#1064,1.);
#1064 = DIRECTION('',(-1.,0.,0.));
#1065 = ORIENTED_EDGE('',*,*,#1066,.T.);
#1066 = EDGE_CURVE('',#1059,#1067,#1069,.T.);
#1067 = VERTEX_POINT('',#1068);
#1068 = CARTESIAN_POINT('',(60.,-650.,70.709698973973));
#1069 = LINE('',#1070,#1071);
#1070 = CARTESIAN_POINT('',(60.,-600.,70.709698973973));
#1071 = VECTOR('',#1072,1.);
#1072 = DIRECTION('',(0.,-1.,-3.3E-16));
#1073 = ORIENTED_EDGE('',*,*,#1074,.T.);
#1074 = EDGE_CURVE('',#1067,#1051,#1075,.T.);
#1075 = LINE('',#1076,#1077);
#1076 = CARTESIAN_POINT('',(60.,-650.,70.709698973973));
#1077 = VECTOR('',#1078,1.);
#1078 = DIRECTION('',(-1.,0.,0.));
#1079 = FACE_BOUND('',#1080,.F.);
#1080 = EDGE_LOOP('',(#1081,#1091,#1099,#1107));
#1081 = ORIENTED_EDGE('',*,*,#1082,.T.);
#1082 = EDGE_CURVE('',#1083,#1085,#1087,.T.);
#1083 = VERTEX_POINT('',#1084);
#1084 = CARTESIAN_POINT('',(-3.314185454322E+03,-169.,70.709698973973));
#1085 = VERTEX_POINT('',#1086);
#1086 = CARTESIAN_POINT('',(-3.314185454322E+03,169.,70.709698973973));
#1087 = LINE('',#1088,#1089);
#1088 = CARTESIAN_POINT('',(-3.314185454322E+03,-169.,70.709698973973));
#1089 = VECTOR('',#1090,1.);
#1090 = DIRECTION('',(0.,1.,3.3E-16));
#1091 = ORIENTED_EDGE('',*,*,#1092,.T.);
#1092 = EDGE_CURVE('',#1085,#1093,#1095,.T.);
#1093 = VERTEX_POINT('',#1094);
#1094 = CARTESIAN_POINT('',(-3.164185454322E+03,169.,70.709698973973));
#1095 = LINE('',#1096,#1097);
#1096 = CARTESIAN_POINT('',(-3.314185454322E+03,169.,70.709698973973));
#1097 = VECTOR('',#1098,1.);
#1098 = DIRECTION('',(1.,0.,0.));
#1099 = ORIENTED_EDGE('',*,*,#1100,.T.);
#1100 = EDGE_CURVE('',#1093,#1101,#1103,.T.);
#1101 = VERTEX_POINT('',#1102);
#1102 = CARTESIAN_POINT('',(-3.164185454322E+03,-169.,70.709698973973));
#1103 = LINE('',#1104,#1105);
#1104 = CARTESIAN_POINT('',(-3.164185454322E+03,169.,70.709698973973));
#1105 = VECTOR('',#1106,1.);
#1106 = DIRECTION('',(0.,-1.,-3.3E-16));
#1107 = ORIENTED_EDGE('',*,*,#1108,.T.);
#1108 = EDGE_CURVE('',#1101,#1083,#1109,.T.);
#1109 = LINE('',#1110,#1111);
#1110 = CARTESIAN_POINT('',(-3.164185454322E+03,-169.,70.709698973973));
#1111 = VECTOR('',#1112,1.);
#1112 = DIRECTION('',(-1.,0.,-0.));
#1113 = FACE_BOUND('',#1114,.F.);
#1114 = EDGE_LOOP('',(#1115,#1125,#1133,#1141));
#1115 = ORIENTED_EDGE('',*,*,#1116,.F.);
#1116 = EDGE_CURVE('',#1117,#1119,#1121,.T.);
#1117 = VERTEX_POINT('',#1118);
#1118 = CARTESIAN_POINT('',(-60.,650.,70.709698973973));
#1119 = VERTEX_POINT('',#1120);
#1120 = CARTESIAN_POINT('',(-60.,600.,70.709698973973));
#1121 = LINE('',#1122,#1123);
#1122 = CARTESIAN_POINT('',(-60.,650.,70.709698973973));
#1123 = VECTOR('',#1124,1.);
#1124 = DIRECTION('',(0.,-1.,-3.3E-16));
#1125 = ORIENTED_EDGE('',*,*,#1126,.F.);
#1126 = EDGE_CURVE('',#1127,#1117,#1129,.T.);
#1127 = VERTEX_POINT('',#1128);
#1128 = CARTESIAN_POINT('',(60.,650.,70.709698973973));
#1129 = LINE('',#1130,#1131);
#1130 = CARTESIAN_POINT('',(60.,650.,70.709698973973));
#1131 = VECTOR('',#1132,1.);
#1132 = DIRECTION('',(-1.,0.,0.));
#1133 = ORIENTED_EDGE('',*,*,#1134,.T.);
#1134 = EDGE_CURVE('',#1127,#1135,#1137,.T.);
#1135 = VERTEX_POINT('',#1136);
#1136 = CARTESIAN_POINT('',(60.,600.,70.709698973973));
#1137 = LINE('',#1138,#1139);
#1138 = CARTESIAN_POINT('',(60.,650.,70.709698973973));
#1139 = VECTOR('',#1140,1.);
#1140 = DIRECTION('',(0.,-1.,-3.3E-16));
#1141 = ORIENTED_EDGE('',*,*,#1142,.T.);
#1142 = EDGE_CURVE('',#1135,#1119,#1143,.T.);
#1143 = LINE('',#1144,#1145);
#1144 = CARTESIAN_POINT('',(60.,600.,70.709698973973));
#1145 = VECTOR('',#1146,1.);
#1146 = DIRECTION('',(-1.,0.,0.));
#1147 = PLANE('',#1148);
#1148 = AXIS2_PLACEMENT_3D('',#1149,#1150,#1151);
#1149 = CARTESIAN_POINT('',(-4.369185454322E+03,1.1E+03,70.709698973973)
  );
#1150 = DIRECTION('',(0.,-3.3E-16,1.));
#1151 = DIRECTION('',(1.,0.,0.));
#1152 = ADVANCED_FACE('',(#1153,#1195),#1220,.T.);
#1153 = FACE_BOUND('',#1154,.T.);
#1154 = EDGE_LOOP('',(#1155,#1165,#1173,#1181,#1187,#1188,#1189));
#1155 = ORIENTED_EDGE('',*,*,#1156,.T.);
#1156 = EDGE_CURVE('',#1157,#1159,#1161,.T.);
#1157 = VERTEX_POINT('',#1158);
#1158 = CARTESIAN_POINT('',(630.81454567811,1.1E+03,1.570709698974E+03)
  );
#1159 = VERTEX_POINT('',#1160);
#1160 = CARTESIAN_POINT('',(630.81454567811,1.096181763E+03,
    1.570709698974E+03));
#1161 = LINE('',#1162,#1163);
#1162 = CARTESIAN_POINT('',(630.81454567811,1.1E+03,1.570709698974E+03)
  );
#1163 = VECTOR('',#1164,1.);
#1164 = DIRECTION('',(0.,-1.,-3.3E-16));
#1165 = ORIENTED_EDGE('',*,*,#1166,.T.);
#1166 = EDGE_CURVE('',#1159,#1167,#1169,.T.);
#1167 = VERTEX_POINT('',#1168);
#1168 = CARTESIAN_POINT('',(630.81454567811,1.096181763E+03,
    1.573064575E+03));
#1169 = LINE('',#1170,#1171);
#1170 = CARTESIAN_POINT('',(630.81454567811,1.096181763E+03,
    1.370709698974E+03));
#1171 = VECTOR('',#1172,1.);
#1172 = DIRECTION('',(0.,0.,1.));
#1173 = ORIENTED_EDGE('',*,*,#1174,.T.);
#1174 = EDGE_CURVE('',#1167,#1175,#1177,.T.);
#1175 = VERTEX_POINT('',#1176);
#1176 = CARTESIAN_POINT('',(630.81454567811,0.,1.763899536E+03));
#1177 = LINE('',#1178,#1179);
#1178 = CARTESIAN_POINT('',(630.81454567811,1.096181763E+03,
    1.573064575E+03));
#1179 = VECTOR('',#1180,1.);
#1180 = DIRECTION('',(0.,-0.985182208413,0.1715109799));
#1181 = ORIENTED_EDGE('',*,*,#1182,.T.);
#1182 = EDGE_CURVE('',#1175,#836,#1183,.T.);
#1183 = LINE('',#1184,#1185);
#1184 = CARTESIAN_POINT('',(630.81454567811,0.,1.763899536E+03));
#1185 = VECTOR('',#1186,1.);
#1186 = DIRECTION('',(0.,-0.984925404389,-0.172979616688));
#1187 = ORIENTED_EDGE('',*,*,#835,.F.);
#1188 = ORIENTED_EDGE('',*,*,#1032,.F.);
#1189 = ORIENTED_EDGE('',*,*,#1190,.T.);
#1190 = EDGE_CURVE('',#1033,#1157,#1191,.T.);
#1191 = LINE('',#1192,#1193);
#1192 = CARTESIAN_POINT('',(630.81454567811,1.1E+03,70.709698973973));
#1193 = VECTOR('',#1194,1.);
#1194 = DIRECTION('',(0.,0.,1.));
#1195 = FACE_BOUND('',#1196,.T.);
#1196 = EDGE_LOOP('',(#1197,#1207,#1213,#1214));
#1197 = ORIENTED_EDGE('',*,*,#1198,.T.);
#1198 = EDGE_CURVE('',#1199,#1201,#1203,.T.);
#1199 = VERTEX_POINT('',#1200);
#1200 = CARTESIAN_POINT('',(630.81454567811,1.05E+03,1.370709698974E+03)
  );
#1201 = VERTEX_POINT('',#1202);
#1202 = CARTESIAN_POINT('',(630.81454567811,1.05E+03,120.70969897397));
#1203 = LINE('',#1204,#1205);
#1204 = CARTESIAN_POINT('',(630.81454567811,1.05E+03,445.70969897397));
#1205 = VECTOR('',#1206,1.);
#1206 = DIRECTION('',(0.,3.E-16,-1.));
#1207 = ORIENTED_EDGE('',*,*,#1208,.F.);
#1208 = EDGE_CURVE('',#938,#1201,#1209,.T.);
#1209 = LINE('',#1210,#1211);
#1210 = CARTESIAN_POINT('',(630.81454567811,1.1E+03,120.70969897397));
#1211 = VECTOR('',#1212,1.);
#1212 = DIRECTION('',(0.,1.,3.3E-16));
#1213 = ORIENTED_EDGE('',*,*,#937,.F.);
#1214 = ORIENTED_EDGE('',*,*,#1215,.T.);
#1215 = EDGE_CURVE('',#928,#1199,#1216,.T.);
#1216 = LINE('',#1217,#1218);
#1217 = CARTESIAN_POINT('',(630.81454567811,-1.1E+03,1.370709698974E+03)
  );
#1218 = VECTOR('',#1219,1.);
#1219 = DIRECTION('',(0.,1.,0.));
#1220 = PLANE('',#1221);
#1221 = AXIS2_PLACEMENT_3D('',#1222,#1223,#1224);
#1222 = CARTESIAN_POINT('',(630.81454567811,0.317145679131,
    853.44783438309));
#1223 = DIRECTION('',(1.,0.,0.));
#1224 = DIRECTION('',(0.,0.,1.));
#1225 = ADVANCED_FACE('',(#1226),#1237,.T.);
#1226 = FACE_BOUND('',#1227,.T.);
#1227 = EDGE_LOOP('',(#1228,#1234,#1235,#1236));
#1228 = ORIENTED_EDGE('',*,*,#1229,.T.);
#1229 = EDGE_CURVE('',#1175,#1001,#1230,.T.);
#1230 = LINE('',#1231,#1232);
#1231 = CARTESIAN_POINT('',(630.81454567811,0.,1.763899536E+03));
#1232 = VECTOR('',#1233,1.);
#1233 = DIRECTION('',(-1.,-0.,-0.));
#1234 = ORIENTED_EDGE('',*,*,#1008,.T.);
#1235 = ORIENTED_EDGE('',*,*,#843,.F.);
#1236 = ORIENTED_EDGE('',*,*,#1182,.F.);
#1237 = PLANE('',#1238);
#1238 = AXIS2_PLACEMENT_3D('',#1239,#1240,#1241);
#1239 = CARTESIAN_POINT('',(630.81454567811,0.,1.763899536E+03));
#1240 = DIRECTION('',(0.,-0.172979616688,0.984925404389));
#1241 = DIRECTION('',(0.,-0.984925404389,-0.172979616688));
#1242 = ADVANCED_FACE('',(#1243),#1261,.T.);
#1243 = FACE_BOUND('',#1244,.T.);
#1244 = EDGE_LOOP('',(#1245,#1246,#1247,#1255));
#1245 = ORIENTED_EDGE('',*,*,#850,.F.);
#1246 = ORIENTED_EDGE('',*,*,#890,.T.);
#1247 = ORIENTED_EDGE('',*,*,#1248,.F.);
#1248 = EDGE_CURVE('',#1249,#883,#1251,.T.);
#1249 = VERTEX_POINT('',#1250);
#1250 = CARTESIAN_POINT('',(-4.369185454322E+03,0.,1.763899536E+03));
#1251 = LINE('',#1252,#1253);
#1252 = CARTESIAN_POINT('',(-4.369185454322E+03,0.,1.763899536E+03));
#1253 = VECTOR('',#1254,1.);
#1254 = DIRECTION('',(1.,0.,0.));
#1255 = ORIENTED_EDGE('',*,*,#1256,.F.);
#1256 = EDGE_CURVE('',#851,#1249,#1257,.T.);
#1257 = LINE('',#1258,#1259);
#1258 = CARTESIAN_POINT('',(-4.369185454322E+03,-1.1E+03,
    1.570709698974E+03));
#1259 = VECTOR('',#1260,1.);
#1260 = DIRECTION('',(0.,0.984925404389,0.172979616688));
#1261 = PLANE('',#1262);
#1262 = AXIS2_PLACEMENT_3D('',#1263,#1264,#1265);
#1263 = CARTESIAN_POINT('',(-4.369185454322E+03,-1.1E+03,
    1.570709698974E+03));
#1264 = DIRECTION('',(0.,-0.172979616688,0.984925404389));
#1265 = DIRECTION('',(0.,0.984925404389,0.172979616688));
#1266 = ADVANCED_FACE('',(#1267),#1286,.T.);
#1267 = FACE_BOUND('',#1268,.T.);
#1268 = EDGE_LOOP('',(#1269,#1270,#1271,#1272,#1280));
#1269 = ORIENTED_EDGE('',*,*,#1023,.T.);
#1270 = ORIENTED_EDGE('',*,*,#858,.F.);
#1271 = ORIENTED_EDGE('',*,*,#1256,.T.);
#1272 = ORIENTED_EDGE('',*,*,#1273,.T.);
#1273 = EDGE_CURVE('',#1249,#1274,#1276,.T.);
#1274 = VERTEX_POINT('',#1275);
#1275 = CARTESIAN_POINT('',(-4.369185454322E+03,1.1E+03,
    1.570709698974E+03));
#1276 = LINE('',#1277,#1278);
#1277 = CARTESIAN_POINT('',(-4.369185454322E+03,0.,1.763899536E+03));
#1278 = VECTOR('',#1279,1.);
#1279 = DIRECTION('',(0.,0.984925404389,-0.172979616688));
#1280 = ORIENTED_EDGE('',*,*,#1281,.T.);
#1281 = EDGE_CURVE('',#1274,#1024,#1282,.T.);
#1282 = LINE('',#1283,#1284);
#1283 = CARTESIAN_POINT('',(-4.369185454322E+03,1.1E+03,
    1.570709698974E+03));
#1284 = VECTOR('',#1285,1.);
#1285 = DIRECTION('',(0.,0.,-1.));
#1286 = PLANE('',#1287);
#1287 = AXIS2_PLACEMENT_3D('',#1288,#1289,#1290);
#1288 = CARTESIAN_POINT('',(-4.369185454322E+03,-2.3491E-13,
    853.13178036169));
#1289 = DIRECTION('',(-1.,-0.,-0.));
#1290 = DIRECTION('',(0.,0.,-1.));
#1291 = ADVANCED_FACE('',(#1292),#1315,.F.);
#1292 = FACE_BOUND('',#1293,.F.);
#1293 = EDGE_LOOP('',(#1294,#1295,#1301,#1302,#1308,#1309));
#1294 = ORIENTED_EDGE('',*,*,#872,.F.);
#1295 = ORIENTED_EDGE('',*,*,#1296,.F.);
#1296 = EDGE_CURVE('',#1157,#873,#1297,.T.);
#1297 = LINE('',#1298,#1299);
#1298 = CARTESIAN_POINT('',(630.81454567811,1.1E+03,1.570709698974E+03)
  );
#1299 = VECTOR('',#1300,1.);
#1300 = DIRECTION('',(-1.,0.,0.));
#1301 = ORIENTED_EDGE('',*,*,#1156,.T.);
#1302 = ORIENTED_EDGE('',*,*,#1303,.F.);
#1303 = EDGE_CURVE('',#985,#1159,#1304,.T.);
#1304 = LINE('',#1305,#1306);
#1305 = CARTESIAN_POINT('',(630.81454567811,1.096181763E+03,
    1.570709698974E+03));
#1306 = VECTOR('',#1307,1.);
#1307 = DIRECTION('',(1.,0.,0.));
#1308 = ORIENTED_EDGE('',*,*,#984,.T.);
#1309 = ORIENTED_EDGE('',*,*,#1310,.F.);
#1310 = EDGE_CURVE('',#875,#977,#1311,.T.);
#1311 = LINE('',#1312,#1313);
#1312 = CARTESIAN_POINT('',(-619.1854543218,1.05E+03,1.570709698974E+03)
  );
#1313 = VECTOR('',#1314,1.);
#1314 = DIRECTION('',(1.,0.,0.));
#1315 = PLANE('',#1316);
#1316 = AXIS2_PLACEMENT_3D('',#1317,#1318,#1319);
#1317 = CARTESIAN_POINT('',(630.81454567811,1.1E+03,1.570709698974E+03)
  );
#1318 = DIRECTION('',(0.,3.3E-16,-1.));
#1319 = DIRECTION('',(-1.,0.,0.));
#1320 = ADVANCED_FACE('',(#1321),#1332,.T.);
#1321 = FACE_BOUND('',#1322,.T.);
#1322 = EDGE_LOOP('',(#1323,#1324,#1325,#1331));
#1323 = ORIENTED_EDGE('',*,*,#1248,.T.);
#1324 = ORIENTED_EDGE('',*,*,#882,.T.);
#1325 = ORIENTED_EDGE('',*,*,#1326,.T.);
#1326 = EDGE_CURVE('',#873,#1274,#1327,.T.);
#1327 = LINE('',#1328,#1329);
#1328 = CARTESIAN_POINT('',(630.81454567811,1.1E+03,1.570709698974E+03)
  );
#1329 = VECTOR('',#1330,1.);
#1330 = DIRECTION('',(-1.,0.,0.));
#1331 = ORIENTED_EDGE('',*,*,#1273,.F.);
#1332 = PLANE('',#1333);
#1333 = AXIS2_PLACEMENT_3D('',#1334,#1335,#1336);
#1334 = CARTESIAN_POINT('',(-4.369185454322E+03,0.,1.763899536E+03));
#1335 = DIRECTION('',(0.,0.172979616688,0.984925404389));
#1336 = DIRECTION('',(0.,0.984925404389,-0.172979616688));
#1337 = ADVANCED_FACE('',(#1338),#1349,.T.);
#1338 = FACE_BOUND('',#1339,.T.);
#1339 = EDGE_LOOP('',(#1340,#1341,#1342,#1343));
#1340 = ORIENTED_EDGE('',*,*,#905,.F.);
#1341 = ORIENTED_EDGE('',*,*,#945,.F.);
#1342 = ORIENTED_EDGE('',*,*,#1208,.T.);
#1343 = ORIENTED_EDGE('',*,*,#1344,.T.);
#1344 = EDGE_CURVE('',#1201,#906,#1345,.T.);
#1345 = LINE('',#1346,#1347);
#1346 = CARTESIAN_POINT('',(-3.119185454322E+03,1.05E+03,120.70969897397
    ));
#1347 = VECTOR('',#1348,1.);
#1348 = DIRECTION('',(-1.,-0.,-0.));
#1349 = PLANE('',#1350);
#1350 = AXIS2_PLACEMENT_3D('',#1351,#1352,#1353);
#1351 = CARTESIAN_POINT('',(-4.369185454322E+03,1.1E+03,120.70969897397)
  );
#1352 = DIRECTION('',(0.,-3.3E-16,1.));
#1353 = DIRECTION('',(1.,0.,0.));
#1354 = ADVANCED_FACE('',(#1355),#1368,.F.);
#1355 = FACE_BOUND('',#1356,.F.);
#1356 = EDGE_LOOP('',(#1357,#1363,#1364,#1365,#1366,#1367));
#1357 = ORIENTED_EDGE('',*,*,#1358,.F.);
#1358 = EDGE_CURVE('',#1199,#969,#1359,.T.);
#1359 = LINE('',#1360,#1361);
#1360 = CARTESIAN_POINT('',(-619.1854543218,1.05E+03,1.370709698974E+03)
  );
#1361 = VECTOR('',#1362,1.);
#1362 = DIRECTION('',(-1.,-0.,-0.));
#1363 = ORIENTED_EDGE('',*,*,#1198,.T.);
#1364 = ORIENTED_EDGE('',*,*,#1344,.T.);
#1365 = ORIENTED_EDGE('',*,*,#913,.T.);
#1366 = ORIENTED_EDGE('',*,*,#1310,.T.);
#1367 = ORIENTED_EDGE('',*,*,#976,.T.);
#1368 = PLANE('',#1369);
#1369 = AXIS2_PLACEMENT_3D('',#1370,#1371,#1372);
#1370 = CARTESIAN_POINT('',(-1.869185454322E+03,1.05E+03,820.70969897397
    ));
#1371 = DIRECTION('',(0.,1.,3.E-16));
#1372 = DIRECTION('',(0.,-3.E-16,1.));
#1373 = ADVANCED_FACE('',(#1374),#1380,.T.);
#1374 = FACE_BOUND('',#1375,.T.);
#1375 = EDGE_LOOP('',(#1376,#1377,#1378,#1379));
#1376 = ORIENTED_EDGE('',*,*,#1215,.F.);
#1377 = ORIENTED_EDGE('',*,*,#927,.T.);
#1378 = ORIENTED_EDGE('',*,*,#968,.T.);
#1379 = ORIENTED_EDGE('',*,*,#1358,.F.);
#1380 = PLANE('',#1381);
#1381 = AXIS2_PLACEMENT_3D('',#1382,#1383,#1384);
#1382 = CARTESIAN_POINT('',(630.81454567811,-1.1E+03,1.370709698974E+03)
  );
#1383 = DIRECTION('',(0.,0.,-1.));
#1384 = DIRECTION('',(0.,1.,0.));
#1385 = ADVANCED_FACE('',(#1386),#1397,.T.);
#1386 = FACE_BOUND('',#1387,.T.);
#1387 = EDGE_LOOP('',(#1388,#1389,#1390,#1391));
#1388 = ORIENTED_EDGE('',*,*,#1166,.F.);
#1389 = ORIENTED_EDGE('',*,*,#1303,.F.);
#1390 = ORIENTED_EDGE('',*,*,#992,.T.);
#1391 = ORIENTED_EDGE('',*,*,#1392,.F.);
#1392 = EDGE_CURVE('',#1167,#993,#1393,.T.);
#1393 = LINE('',#1394,#1395);
#1394 = CARTESIAN_POINT('',(630.81454567811,1.096181763E+03,
    1.573064575E+03));
#1395 = VECTOR('',#1396,1.);
#1396 = DIRECTION('',(-1.,-0.,-0.));
#1397 = PLANE('',#1398);
#1398 = AXIS2_PLACEMENT_3D('',#1399,#1400,#1401);
#1399 = CARTESIAN_POINT('',(630.81454567811,1.096181763E+03,
    1.370709698974E+03));
#1400 = DIRECTION('',(0.,1.,0.));
#1401 = DIRECTION('',(0.,-0.,1.));
#1402 = ADVANCED_FACE('',(#1403),#1409,.T.);
#1403 = FACE_BOUND('',#1404,.T.);
#1404 = EDGE_LOOP('',(#1405,#1406,#1407,#1408));
#1405 = ORIENTED_EDGE('',*,*,#1392,.T.);
#1406 = ORIENTED_EDGE('',*,*,#1000,.T.);
#1407 = ORIENTED_EDGE('',*,*,#1229,.F.);
#1408 = ORIENTED_EDGE('',*,*,#1174,.F.);
#1409 = PLANE('',#1410);
#1410 = AXIS2_PLACEMENT_3D('',#1411,#1412,#1413);
#1411 = CARTESIAN_POINT('',(630.81454567811,1.096181763E+03,
    1.573064575E+03));
#1412 = DIRECTION('',(0.,0.1715109799,0.985182208413));
#1413 = DIRECTION('',(0.,-0.985182208413,0.1715109799));
#1414 = ADVANCED_FACE('',(#1415),#1422,.T.);
#1415 = FACE_BOUND('',#1416,.F.);
#1416 = EDGE_LOOP('',(#1417,#1418,#1419,#1420,#1421));
#1417 = ORIENTED_EDGE('',*,*,#1040,.T.);
#1418 = ORIENTED_EDGE('',*,*,#1190,.T.);
#1419 = ORIENTED_EDGE('',*,*,#1296,.T.);
#1420 = ORIENTED_EDGE('',*,*,#1326,.T.);
#1421 = ORIENTED_EDGE('',*,*,#1281,.T.);
#1422 = PLANE('',#1423);
#1423 = AXIS2_PLACEMENT_3D('',#1424,#1425,#1426);
#1424 = CARTESIAN_POINT('',(-1.869185454322E+03,1.1E+03,820.70969897397)
  );
#1425 = DIRECTION('',(0.,1.,3.E-16));
#1426 = DIRECTION('',(0.,-3.E-16,1.));
#1427 = ADVANCED_FACE('',(#1428),#1453,.F.);
#1428 = FACE_BOUND('',#1429,.F.);
#1429 = EDGE_LOOP('',(#1430,#1431,#1439,#1447));
#1430 = ORIENTED_EDGE('',*,*,#1048,.T.);
#1431 = ORIENTED_EDGE('',*,*,#1432,.T.);
#1432 = EDGE_CURVE('',#1051,#1433,#1435,.T.);
#1433 = VERTEX_POINT('',#1434);
#1434 = CARTESIAN_POINT('',(-60.,-650.,2.E-15));
#1435 = LINE('',#1436,#1437);
#1436 = CARTESIAN_POINT('',(-60.,-650.,70.709698973973));
#1437 = VECTOR('',#1438,1.);
#1438 = DIRECTION('',(0.,0.,-1.));
#1439 = ORIENTED_EDGE('',*,*,#1440,.F.);
#1440 = EDGE_CURVE('',#1441,#1433,#1443,.T.);
#1441 = VERTEX_POINT('',#1442);
#1442 = CARTESIAN_POINT('',(-60.,-600.,1.9E-14));
#1443 = LINE('',#1444,#1445);
#1444 = CARTESIAN_POINT('',(-60.,-600.,1.911E-14));
#1445 = VECTOR('',#1446,1.);
#1446 = DIRECTION('',(0.,-1.,-3.3E-16));
#1447 = ORIENTED_EDGE('',*,*,#1448,.F.);
#1448 = EDGE_CURVE('',#1049,#1441,#1449,.T.);
#1449 = LINE('',#1450,#1451);
#1450 = CARTESIAN_POINT('',(-60.,-600.,70.709698973973));
#1451 = VECTOR('',#1452,1.);
#1452 = DIRECTION('',(0.,0.,-1.));
#1453 = PLANE('',#1454);
#1454 = AXIS2_PLACEMENT_3D('',#1455,#1456,#1457);
#1455 = CARTESIAN_POINT('',(-60.,-600.,70.709698973973));
#1456 = DIRECTION('',(1.,0.,0.));
#1457 = DIRECTION('',(0.,2.2E-16,-1.));
#1458 = ADVANCED_FACE('',(#1459),#1478,.T.);
#1459 = FACE_BOUND('',#1460,.F.);
#1460 = EDGE_LOOP('',(#1461,#1462,#1471,#1477));
#1461 = ORIENTED_EDGE('',*,*,#1448,.T.);
#1462 = ORIENTED_EDGE('',*,*,#1463,.T.);
#1463 = EDGE_CURVE('',#1441,#1464,#1466,.T.);
#1464 = VERTEX_POINT('',#1465);
#1465 = CARTESIAN_POINT('',(60.,-600.,-7.E-15));
#1466 = CIRCLE('',#1467,60.);
#1467 = AXIS2_PLACEMENT_3D('',#1468,#1469,#1470);
#1468 = CARTESIAN_POINT('',(0.,-600.,8.E-15));
#1469 = DIRECTION('',(0.,-1.,0.));
#1470 = DIRECTION('',(1.,0.,0.));
#1471 = ORIENTED_EDGE('',*,*,#1472,.T.);
#1472 = EDGE_CURVE('',#1464,#1059,#1473,.T.);
#1473 = LINE('',#1474,#1475);
#1474 = CARTESIAN_POINT('',(60.,-600.,-6.7E-15));
#1475 = VECTOR('',#1476,1.);
#1476 = DIRECTION('',(0.,0.,1.));
#1477 = ORIENTED_EDGE('',*,*,#1058,.T.);
#1478 = PLANE('',#1479);
#1479 = AXIS2_PLACEMENT_3D('',#1480,#1481,#1482);
#1480 = CARTESIAN_POINT('',(0.,-600.,16.423479648426));
#1481 = DIRECTION('',(0.,1.,2.E-16));
#1482 = DIRECTION('',(0.,-2.E-16,1.));
#1483 = ADVANCED_FACE('',(#1484),#1503,.F.);
#1484 = FACE_BOUND('',#1485,.T.);
#1485 = EDGE_LOOP('',(#1486,#1487,#1496,#1502));
#1486 = ORIENTED_EDGE('',*,*,#1432,.T.);
#1487 = ORIENTED_EDGE('',*,*,#1488,.T.);
#1488 = EDGE_CURVE('',#1433,#1489,#1491,.T.);
#1489 = VERTEX_POINT('',#1490);
#1490 = CARTESIAN_POINT('',(60.,-650.,-2.4E-14));
#1491 = CIRCLE('',#1492,60.);
#1492 = AXIS2_PLACEMENT_3D('',#1493,#1494,#1495);
#1493 = CARTESIAN_POINT('',(0.,-650.,-9.E-15));
#1494 = DIRECTION('',(0.,-1.,0.));
#1495 = DIRECTION('',(1.,0.,0.));
#1496 = ORIENTED_EDGE('',*,*,#1497,.T.);
#1497 = EDGE_CURVE('',#1489,#1067,#1498,.T.);
#1498 = LINE('',#1499,#1500);
#1499 = CARTESIAN_POINT('',(60.,-650.,-2.37E-14));
#1500 = VECTOR('',#1501,1.);
#1501 = DIRECTION('',(0.,0.,1.));
#1502 = ORIENTED_EDGE('',*,*,#1074,.T.);
#1503 = PLANE('',#1504);
#1504 = AXIS2_PLACEMENT_3D('',#1505,#1506,#1507);
#1505 = CARTESIAN_POINT('',(0.,-650.,16.423479648426));
#1506 = DIRECTION('',(0.,1.,2.E-16));
#1507 = DIRECTION('',(0.,-2.E-16,1.));
#1508 = ADVANCED_FACE('',(#1509),#1520,.F.);
#1509 = FACE_BOUND('',#1510,.F.);
#1510 = EDGE_LOOP('',(#1511,#1517,#1518,#1519));
#1511 = ORIENTED_EDGE('',*,*,#1512,.T.);
#1512 = EDGE_CURVE('',#1464,#1489,#1513,.T.);
#1513 = LINE('',#1514,#1515);
#1514 = CARTESIAN_POINT('',(60.,-600.,-6.37E-15));
#1515 = VECTOR('',#1516,1.);
#1516 = DIRECTION('',(0.,-1.,-3.3E-16));
#1517 = ORIENTED_EDGE('',*,*,#1497,.T.);
#1518 = ORIENTED_EDGE('',*,*,#1066,.F.);
#1519 = ORIENTED_EDGE('',*,*,#1472,.F.);
#1520 = PLANE('',#1521);
#1521 = AXIS2_PLACEMENT_3D('',#1522,#1523,#1524);
#1522 = CARTESIAN_POINT('',(60.,-600.,-6.37E-15));
#1523 = DIRECTION('',(-1.,0.,0.));
#1524 = DIRECTION('',(0.,-2.2E-16,1.));
#1525 = ADVANCED_FACE('',(#1526),#1551,.F.);
#1526 = FACE_BOUND('',#1527,.F.);
#1527 = EDGE_LOOP('',(#1528,#1536,#1544,#1550));
#1528 = ORIENTED_EDGE('',*,*,#1529,.T.);
#1529 = EDGE_CURVE('',#1083,#1530,#1532,.T.);
#1530 = VERTEX_POINT('',#1531);
#1531 = CARTESIAN_POINT('',(-3.314185454322E+03,-169.,60.709698973973));
#1532 = LINE('',#1533,#1534);
#1533 = CARTESIAN_POINT('',(-3.314185454322E+03,-169.,70.709698973973));
#1534 = VECTOR('',#1535,1.);
#1535 = DIRECTION('',(0.,3.3E-16,-1.));
#1536 = ORIENTED_EDGE('',*,*,#1537,.T.);
#1537 = EDGE_CURVE('',#1530,#1538,#1540,.T.);
#1538 = VERTEX_POINT('',#1539);
#1539 = CARTESIAN_POINT('',(-3.314185454322E+03,169.,60.709698973973));
#1540 = LINE('',#1541,#1542);
#1541 = CARTESIAN_POINT('',(-3.314185454322E+03,-169.,60.709698973973));
#1542 = VECTOR('',#1543,1.);
#1543 = DIRECTION('',(0.,1.,3.3E-16));
#1544 = ORIENTED_EDGE('',*,*,#1545,.F.);
#1545 = EDGE_CURVE('',#1085,#1538,#1546,.T.);
#1546 = LINE('',#1547,#1548);
#1547 = CARTESIAN_POINT('',(-3.314185454322E+03,169.,70.709698973973));
#1548 = VECTOR('',#1549,1.);
#1549 = DIRECTION('',(0.,3.3E-16,-1.));
#1550 = ORIENTED_EDGE('',*,*,#1082,.F.);
#1551 = PLANE('',#1552);
#1552 = AXIS2_PLACEMENT_3D('',#1553,#1554,#1555);
#1553 = CARTESIAN_POINT('',(-3.314185454322E+03,-169.,70.709698973973));
#1554 = DIRECTION('',(1.,0.,0.));
#1555 = DIRECTION('',(-0.,1.,3.3E-16));
#1556 = ADVANCED_FACE('',(#1557),#1575,.F.);
#1557 = FACE_BOUND('',#1558,.F.);
#1558 = EDGE_LOOP('',(#1559,#1567,#1573,#1574));
#1559 = ORIENTED_EDGE('',*,*,#1560,.T.);
#1560 = EDGE_CURVE('',#1101,#1561,#1563,.T.);
#1561 = VERTEX_POINT('',#1562);
#1562 = CARTESIAN_POINT('',(-3.164185454322E+03,-169.,60.709698973973));
#1563 = LINE('',#1564,#1565);
#1564 = CARTESIAN_POINT('',(-3.164185454322E+03,-169.,70.709698973973));
#1565 = VECTOR('',#1566,1.);
#1566 = DIRECTION('',(0.,3.3E-16,-1.));
#1567 = ORIENTED_EDGE('',*,*,#1568,.T.);
#1568 = EDGE_CURVE('',#1561,#1530,#1569,.T.);
#1569 = LINE('',#1570,#1571);
#1570 = CARTESIAN_POINT('',(-3.164185454322E+03,-169.,60.709698973973));
#1571 = VECTOR('',#1572,1.);
#1572 = DIRECTION('',(-1.,0.,-0.));
#1573 = ORIENTED_EDGE('',*,*,#1529,.F.);
#1574 = ORIENTED_EDGE('',*,*,#1108,.F.);
#1575 = PLANE('',#1576);
#1576 = AXIS2_PLACEMENT_3D('',#1577,#1578,#1579);
#1577 = CARTESIAN_POINT('',(-3.164185454322E+03,-169.,70.709698973973));
#1578 = DIRECTION('',(0.,1.,3.3E-16));
#1579 = DIRECTION('',(-1.,0.,0.));
#1580 = ADVANCED_FACE('',(#1581),#1599,.F.);
#1581 = FACE_BOUND('',#1582,.F.);
#1582 = EDGE_LOOP('',(#1583,#1591,#1597,#1598));
#1583 = ORIENTED_EDGE('',*,*,#1584,.T.);
#1584 = EDGE_CURVE('',#1093,#1585,#1587,.T.);
#1585 = VERTEX_POINT('',#1586);
#1586 = CARTESIAN_POINT('',(-3.164185454322E+03,169.,60.709698973973));
#1587 = LINE('',#1588,#1589);
#1588 = CARTESIAN_POINT('',(-3.164185454322E+03,169.,70.709698973973));
#1589 = VECTOR('',#1590,1.);
#1590 = DIRECTION('',(0.,3.3E-16,-1.));
#1591 = ORIENTED_EDGE('',*,*,#1592,.T.);
#1592 = EDGE_CURVE('',#1585,#1561,#1593,.T.);
#1593 = LINE('',#1594,#1595);
#1594 = CARTESIAN_POINT('',(-3.164185454322E+03,169.,60.709698973973));
#1595 = VECTOR('',#1596,1.);
#1596 = DIRECTION('',(0.,-1.,-3.3E-16));
#1597 = ORIENTED_EDGE('',*,*,#1560,.F.);
#1598 = ORIENTED_EDGE('',*,*,#1100,.F.);
#1599 = PLANE('',#1600);
#1600 = AXIS2_PLACEMENT_3D('',#1601,#1602,#1603);
#1601 = CARTESIAN_POINT('',(-3.164185454322E+03,169.,70.709698973973));
#1602 = DIRECTION('',(-1.,0.,0.));
#1603 = DIRECTION('',(-0.,-1.,-3.3E-16));
#1604 = ADVANCED_FACE('',(#1605),#1616,.F.);
#1605 = FACE_BOUND('',#1606,.F.);
#1606 = EDGE_LOOP('',(#1607,#1608,#1614,#1615));
#1607 = ORIENTED_EDGE('',*,*,#1545,.T.);
#1608 = ORIENTED_EDGE('',*,*,#1609,.T.);
#1609 = EDGE_CURVE('',#1538,#1585,#1610,.T.);
#1610 = LINE('',#1611,#1612);
#1611 = CARTESIAN_POINT('',(-3.314185454322E+03,169.,60.709698973973));
#1612 = VECTOR('',#1613,1.);
#1613 = DIRECTION('',(1.,0.,0.));
#1614 = ORIENTED_EDGE('',*,*,#1584,.F.);
#1615 = ORIENTED_EDGE('',*,*,#1092,.F.);
#1616 = PLANE('',#1617);
#1617 = AXIS2_PLACEMENT_3D('',#1618,#1619,#1620);
#1618 = CARTESIAN_POINT('',(-3.314185454322E+03,169.,70.709698973973));
#1619 = DIRECTION('',(0.,-1.,-3.3E-16));
#1620 = DIRECTION('',(1.,0.,0.));
#1621 = ADVANCED_FACE('',(#1622),#1647,.F.);
#1622 = FACE_BOUND('',#1623,.F.);
#1623 = EDGE_LOOP('',(#1624,#1625,#1633,#1641));
#1624 = ORIENTED_EDGE('',*,*,#1116,.T.);
#1625 = ORIENTED_EDGE('',*,*,#1626,.T.);
#1626 = EDGE_CURVE('',#1119,#1627,#1629,.T.);
#1627 = VERTEX_POINT('',#1628);
#1628 = CARTESIAN_POINT('',(-60.,600.,2.E-15));
#1629 = LINE('',#1630,#1631);
#1630 = CARTESIAN_POINT('',(-60.,600.,70.709698973973));
#1631 = VECTOR('',#1632,1.);
#1632 = DIRECTION('',(0.,0.,-1.));
#1633 = ORIENTED_EDGE('',*,*,#1634,.F.);
#1634 = EDGE_CURVE('',#1635,#1627,#1637,.T.);
#1635 = VERTEX_POINT('',#1636);
#1636 = CARTESIAN_POINT('',(-60.,650.,1.9E-14));
#1637 = LINE('',#1638,#1639);
#1638 = CARTESIAN_POINT('',(-60.,650.,1.911E-14));
#1639 = VECTOR('',#1640,1.);
#1640 = DIRECTION('',(0.,-1.,-3.3E-16));
#1641 = ORIENTED_EDGE('',*,*,#1642,.F.);
#1642 = EDGE_CURVE('',#1117,#1635,#1643,.T.);
#1643 = LINE('',#1644,#1645);
#1644 = CARTESIAN_POINT('',(-60.,650.,70.709698973973));
#1645 = VECTOR('',#1646,1.);
#1646 = DIRECTION('',(0.,0.,-1.));
#1647 = PLANE('',#1648);
#1648 = AXIS2_PLACEMENT_3D('',#1649,#1650,#1651);
#1649 = CARTESIAN_POINT('',(-60.,650.,70.709698973973));
#1650 = DIRECTION('',(1.,0.,0.));
#1651 = DIRECTION('',(0.,2.2E-16,-1.));
#1652 = ADVANCED_FACE('',(#1653),#1672,.T.);
#1653 = FACE_BOUND('',#1654,.F.);
#1654 = EDGE_LOOP('',(#1655,#1656,#1665,#1671));
#1655 = ORIENTED_EDGE('',*,*,#1642,.T.);
#1656 = ORIENTED_EDGE('',*,*,#1657,.T.);
#1657 = EDGE_CURVE('',#1635,#1658,#1660,.T.);
#1658 = VERTEX_POINT('',#1659);
#1659 = CARTESIAN_POINT('',(60.,650.,-7.E-15));
#1660 = CIRCLE('',#1661,60.);
#1661 = AXIS2_PLACEMENT_3D('',#1662,#1663,#1664);
#1662 = CARTESIAN_POINT('',(0.,650.,8.E-15));
#1663 = DIRECTION('',(0.,-1.,0.));
#1664 = DIRECTION('',(1.,0.,0.));
#1665 = ORIENTED_EDGE('',*,*,#1666,.T.);
#1666 = EDGE_CURVE('',#1658,#1127,#1667,.T.);
#1667 = LINE('',#1668,#1669);
#1668 = CARTESIAN_POINT('',(60.,650.,-6.7E-15));
#1669 = VECTOR('',#1670,1.);
#1670 = DIRECTION('',(0.,0.,1.));
#1671 = ORIENTED_EDGE('',*,*,#1126,.T.);
#1672 = PLANE('',#1673);
#1673 = AXIS2_PLACEMENT_3D('',#1674,#1675,#1676);
#1674 = CARTESIAN_POINT('',(0.,650.,16.423479648426));
#1675 = DIRECTION('',(0.,1.,2.E-16));
#1676 = DIRECTION('',(0.,-2.E-16,1.));
#1677 = ADVANCED_FACE('',(#1678),#1697,.F.);
#1678 = FACE_BOUND('',#1679,.T.);
#1679 = EDGE_LOOP('',(#1680,#1681,#1690,#1696));
#1680 = ORIENTED_EDGE('',*,*,#1626,.T.);
#1681 = ORIENTED_EDGE('',*,*,#1682,.T.);
#1682 = EDGE_CURVE('',#1627,#1683,#1685,.T.);
#1683 = VERTEX_POINT('',#1684);
#1684 = CARTESIAN_POINT('',(60.,600.,-2.4E-14));
#1685 = CIRCLE('',#1686,60.);
#1686 = AXIS2_PLACEMENT_3D('',#1687,#1688,#1689);
#1687 = CARTESIAN_POINT('',(0.,600.,-9.E-15));
#1688 = DIRECTION('',(0.,-1.,0.));
#1689 = DIRECTION('',(1.,0.,0.));
#1690 = ORIENTED_EDGE('',*,*,#1691,.T.);
#1691 = EDGE_CURVE('',#1683,#1135,#1692,.T.);
#1692 = LINE('',#1693,#1694);
#1693 = CARTESIAN_POINT('',(60.,600.,-2.37E-14));
#1694 = VECTOR('',#1695,1.);
#1695 = DIRECTION('',(0.,0.,1.));
#1696 = ORIENTED_EDGE('',*,*,#1142,.T.);
#1697 = PLANE('',#1698);
#1698 = AXIS2_PLACEMENT_3D('',#1699,#1700,#1701);
#1699 = CARTESIAN_POINT('',(0.,600.,16.423479648426));
#1700 = DIRECTION('',(0.,1.,2.E-16));
#1701 = DIRECTION('',(0.,-2.E-16,1.));
#1702 = ADVANCED_FACE('',(#1703),#1714,.F.);
#1703 = FACE_BOUND('',#1704,.F.);
#1704 = EDGE_LOOP('',(#1705,#1711,#1712,#1713));
#1705 = ORIENTED_EDGE('',*,*,#1706,.T.);
#1706 = EDGE_CURVE('',#1658,#1683,#1707,.T.);
#1707 = LINE('',#1708,#1709);
#1708 = CARTESIAN_POINT('',(60.,650.,-6.37E-15));
#1709 = VECTOR('',#1710,1.);
#1710 = DIRECTION('',(0.,-1.,-3.3E-16));
#1711 = ORIENTED_EDGE('',*,*,#1691,.T.);
#1712 = ORIENTED_EDGE('',*,*,#1134,.F.);
#1713 = ORIENTED_EDGE('',*,*,#1666,.F.);
#1714 = PLANE('',#1715);
#1715 = AXIS2_PLACEMENT_3D('',#1716,#1717,#1718);
#1716 = CARTESIAN_POINT('',(60.,650.,-6.37E-15));
#1717 = DIRECTION('',(-1.,0.,0.));
#1718 = DIRECTION('',(0.,-2.2E-16,1.));
#1719 = ADVANCED_FACE('',(#1720),#1726,.T.);
#1720 = FACE_BOUND('',#1721,.T.);
#1721 = EDGE_LOOP('',(#1722,#1723,#1724,#1725));
#1722 = ORIENTED_EDGE('',*,*,#1463,.T.);
#1723 = ORIENTED_EDGE('',*,*,#1512,.T.);
#1724 = ORIENTED_EDGE('',*,*,#1488,.F.);
#1725 = ORIENTED_EDGE('',*,*,#1440,.F.);
#1726 = CYLINDRICAL_SURFACE('',#1727,60.);
#1727 = AXIS2_PLACEMENT_3D('',#1728,#1729,#1730);
#1728 = CARTESIAN_POINT('',(0.,-600.,8.33E-15));
#1729 = DIRECTION('',(0.,1.,2.2E-16));
#1730 = DIRECTION('',(1.,0.,-0.));
#1731 = ADVANCED_FACE('',(#1732),#1738,.F.);
#1732 = FACE_BOUND('',#1733,.T.);
#1733 = EDGE_LOOP('',(#1734,#1735,#1736,#1737));
#1734 = ORIENTED_EDGE('',*,*,#1609,.T.);
#1735 = ORIENTED_EDGE('',*,*,#1592,.T.);
#1736 = ORIENTED_EDGE('',*,*,#1568,.T.);
#1737 = ORIENTED_EDGE('',*,*,#1537,.T.);
#1738 = PLANE('',#1739);
#1739 = AXIS2_PLACEMENT_3D('',#1740,#1741,#1742);
#1740 = CARTESIAN_POINT('',(-3.239185454322E+03,-1.906E-14,
    60.709698973973));
#1741 = DIRECTION('',(0.,-3.4E-16,1.));
#1742 = DIRECTION('',(0.,1.,3.4E-16));
#1743 = ADVANCED_FACE('',(#1744),#1750,.T.);
#1744 = FACE_BOUND('',#1745,.T.);
#1745 = EDGE_LOOP('',(#1746,#1747,#1748,#1749));
#1746 = ORIENTED_EDGE('',*,*,#1657,.T.);
#1747 = ORIENTED_EDGE('',*,*,#1706,.T.);
#1748 = ORIENTED_EDGE('',*,*,#1682,.F.);
#1749 = ORIENTED_EDGE('',*,*,#1634,.F.);
#1750 = CYLINDRICAL_SURFACE('',#1751,60.);
#1751 = AXIS2_PLACEMENT_3D('',#1752,#1753,#1754);
#1752 = CARTESIAN_POINT('',(0.,650.,8.33E-15));
#1753 = DIRECTION('',(0.,1.,2.2E-16));
#1754 = DIRECTION('',(1.,0.,-0.));
#1755 = ( GEOMETRIC_REPRESENTATION_CONTEXT(3) 
GLOBAL_UNCERTAINTY_ASSIGNED_CONTEXT((#1759)) 
GLOBAL_UNIT_ASSIGNED_CONTEXT((#1756,#1757,#1758)) REPRESENTATION_CONTEXT
('Context #1','3D Context with UNIT and UNCERTAINTY') );
#1756 = ( LENGTH_UNIT() NAMED_UNIT(*) SI_UNIT(.MILLI.,.METRE.) );
#1757 = ( NAMED_UNIT(*) PLANE_ANGLE_UNIT() SI_UNIT($,.RADIAN.) );
#1758 = ( NAMED_UNIT(*) SI_UNIT($,.STERADIAN.) SOLID_ANGLE_UNIT() );
#1759 = UNCERTAINTY_MEASURE_WITH_UNIT(LENGTH_MEASURE(1.E-07),#1756,
  'distance_accuracy_value','confusion accuracy');
#1760 = CONTEXT_DEPENDENT_SHAPE_REPRESENTATION(#1761,#1763);
#1761 = ( REPRESENTATION_RELATIONSHIP('','',#778,#10) 
REPRESENTATION_RELATIONSHIP_WITH_TRANSFORMATION(#1762) 
SHAPE_REPRESENTATION_RELATIONSHIP() );
#1762 = ITEM_DEFINED_TRANSFORMATION('','',#11,#23);
#1763 = PRODUCT_DEFINITION_SHAPE('Placement','Placement of an item',
  #1764);
#1764 = NEXT_ASSEMBLY_USAGE_OCCURRENCE('10','Body011','',#5,#773,$);
#1765 = PRODUCT_RELATED_PRODUCT_CATEGORY('part',$,(#775));
#1766 = SHAPE_DEFINITION_REPRESENTATION(#1767,#1773);
#1767 = PRODUCT_DEFINITION_SHAPE('','',#1768);
#1768 = PRODUCT_DEFINITION('design','',#1769,#1772);
#1769 = PRODUCT_DEFINITION_FORMATION('','',#1770);
#1770 = PRODUCT('Body017','Body017','',(#1771));
#1771 = PRODUCT_CONTEXT('',#2,'mechanical');
#1772 = PRODUCT_DEFINITION_CONTEXT('part definition',#2,'design');
#1773 = ADVANCED_BREP_SHAPE_REPRESENTATION('',(#11,#1774),#2056);
#1774 = MANIFOLD_SOLID_BREP('',#1775);
#1775 = CLOSED_SHELL('',(#1776,#1816,#1847,#1878,#1909,#1940,#1971,#2002
    ,#2024,#2040));
#1776 = ADVANCED_FACE('',(#1777),#1811,.T.);
#1777 = FACE_BOUND('',#1778,.F.);
#1778 = EDGE_LOOP('',(#1779,#1789,#1797,#1805));
#1779 = ORIENTED_EDGE('',*,*,#1780,.T.);
#1780 = EDGE_CURVE('',#1781,#1783,#1785,.T.);
#1781 = VERTEX_POINT('',#1782);
#1782 = CARTESIAN_POINT('',(-2.878186616167E+03,597.421,-278.248236737)
  );
#1783 = VERTEX_POINT('',#1784);
#1784 = CARTESIAN_POINT('',(-2.878186616167E+03,1.097421E+03,
    -278.248236737));
#1785 = LINE('',#1786,#1787);
#1786 = CARTESIAN_POINT('',(-2.878186616167E+03,597.421,-278.248236737)
  );
#1787 = VECTOR('',#1788,1.);
#1788 = DIRECTION('',(0.,1.,-3.3E-16));
#1789 = ORIENTED_EDGE('',*,*,#1790,.T.);
#1790 = EDGE_CURVE('',#1783,#1791,#1793,.T.);
#1791 = VERTEX_POINT('',#1792);
#1792 = CARTESIAN_POINT('',(-2.585386488066E+03,1.097421E+03,
    20.523690518127));
#1793 = LINE('',#1794,#1795);
#1794 = CARTESIAN_POINT('',(-2.878186616167E+03,1.097421E+03,
    -278.248236737));
#1795 = VECTOR('',#1796,1.);
#1796 = DIRECTION('',(0.699933020162,1.6E-16,0.714208490069));
#1797 = ORIENTED_EDGE('',*,*,#1798,.F.);
#1798 = EDGE_CURVE('',#1799,#1791,#1801,.T.);
#1799 = VERTEX_POINT('',#1800);
#1800 = CARTESIAN_POINT('',(-2.585386488066E+03,597.421,20.523690518127)
  );
#1801 = LINE('',#1802,#1803);
#1802 = CARTESIAN_POINT('',(-2.585386488066E+03,597.421,20.523690518127)
  );
#1803 = VECTOR('',#1804,1.);
#1804 = DIRECTION('',(0.,1.,-3.3E-16));
#1805 = ORIENTED_EDGE('',*,*,#1806,.F.);
#1806 = EDGE_CURVE('',#1781,#1799,#1807,.T.);
#1807 = LINE('',#1808,#1809);
#1808 = CARTESIAN_POINT('',(-2.878186616167E+03,597.421,-278.248236737)
  );
#1809 = VECTOR('',#1810,1.);
#1810 = DIRECTION('',(0.699933020162,1.6E-16,0.714208490069));
#1811 = PLANE('',#1812);
#1812 = AXIS2_PLACEMENT_3D('',#1813,#1814,#1815);
#1813 = CARTESIAN_POINT('',(-2.878186616167E+03,597.421,-278.248236737)
  );
#1814 = DIRECTION('',(-0.714208490069,2.3E-16,0.699933020162));
#1815 = DIRECTION('',(-0.699933020162,-1.6E-16,-0.714208490069));
#1816 = ADVANCED_FACE('',(#1817),#1842,.T.);
#1817 = FACE_BOUND('',#1818,.F.);
#1818 = EDGE_LOOP('',(#1819,#1820,#1828,#1836));
#1819 = ORIENTED_EDGE('',*,*,#1798,.T.);
#1820 = ORIENTED_EDGE('',*,*,#1821,.T.);
#1821 = EDGE_CURVE('',#1791,#1822,#1824,.T.);
#1822 = VERTEX_POINT('',#1823);
#1823 = CARTESIAN_POINT('',(-497.9393419219,1.097421E+03,20.523690518127
    ));
#1824 = LINE('',#1825,#1826);
#1825 = CARTESIAN_POINT('',(-2.585386488066E+03,1.097421E+03,
    20.523690518127));
#1826 = VECTOR('',#1827,1.);
#1827 = DIRECTION('',(1.,0.,0.));
#1828 = ORIENTED_EDGE('',*,*,#1829,.F.);
#1829 = EDGE_CURVE('',#1830,#1822,#1832,.T.);
#1830 = VERTEX_POINT('',#1831);
#1831 = CARTESIAN_POINT('',(-497.9393419219,597.421,20.523690518127));
#1832 = LINE('',#1833,#1834);
#1833 = CARTESIAN_POINT('',(-497.9393419219,597.421,20.523690518127));
#1834 = VECTOR('',#1835,1.);
#1835 = DIRECTION('',(0.,1.,-3.3E-16));
#1836 = ORIENTED_EDGE('',*,*,#1837,.F.);
#1837 = EDGE_CURVE('',#1799,#1830,#1838,.T.);
#1838 = LINE('',#1839,#1840);
#1839 = CARTESIAN_POINT('',(-2.585386488066E+03,597.421,20.523690518127)
  );
#1840 = VECTOR('',#1841,1.);
#1841 = DIRECTION('',(1.,0.,0.));
#1842 = PLANE('',#1843);
#1843 = AXIS2_PLACEMENT_3D('',#1844,#1845,#1846);
#1844 = CARTESIAN_POINT('',(-2.585386488066E+03,597.421,20.523690518127)
  );
#1845 = DIRECTION('',(0.,3.3E-16,1.));
#1846 = DIRECTION('',(-1.,0.,0.));
#1847 = ADVANCED_FACE('',(#1848),#1873,.T.);
#1848 = FACE_BOUND('',#1849,.F.);
#1849 = EDGE_LOOP('',(#1850,#1851,#1859,#1867));
#1850 = ORIENTED_EDGE('',*,*,#1829,.T.);
#1851 = ORIENTED_EDGE('',*,*,#1852,.T.);
#1852 = EDGE_CURVE('',#1822,#1853,#1855,.T.);
#1853 = VERTEX_POINT('',#1854);
#1854 = CARTESIAN_POINT('',(-181.2672788041,1.097421E+03,-278.248236737)
  );
#1855 = LINE('',#1856,#1857);
#1856 = CARTESIAN_POINT('',(-497.9393419219,1.097421E+03,20.523690518127
    ));
#1857 = VECTOR('',#1858,1.);
#1858 = DIRECTION('',(0.727365335623,-1.5E-16,-0.686250441555));
#1859 = ORIENTED_EDGE('',*,*,#1860,.F.);
#1860 = EDGE_CURVE('',#1861,#1853,#1863,.T.);
#1861 = VERTEX_POINT('',#1862);
#1862 = CARTESIAN_POINT('',(-181.2672788041,597.421,-278.248236737));
#1863 = LINE('',#1864,#1865);
#1864 = CARTESIAN_POINT('',(-181.2672788041,597.421,-278.248236737));
#1865 = VECTOR('',#1866,1.);
#1866 = DIRECTION('',(0.,1.,-3.3E-16));
#1867 = ORIENTED_EDGE('',*,*,#1868,.F.);
#1868 = EDGE_CURVE('',#1830,#1861,#1869,.T.);
#1869 = LINE('',#1870,#1871);
#1870 = CARTESIAN_POINT('',(-497.9393419219,597.421,20.523690518127));
#1871 = VECTOR('',#1872,1.);
#1872 = DIRECTION('',(0.727365335623,-1.5E-16,-0.686250441555));
#1873 = PLANE('',#1874);
#1874 = AXIS2_PLACEMENT_3D('',#1875,#1876,#1877);
#1875 = CARTESIAN_POINT('',(-497.9393419219,597.421,20.523690518127));
#1876 = DIRECTION('',(0.686250441555,2.4E-16,0.727365335623));
#1877 = DIRECTION('',(-0.727365335623,1.5E-16,0.686250441555));
#1878 = ADVANCED_FACE('',(#1879),#1904,.T.);
#1879 = FACE_BOUND('',#1880,.F.);
#1880 = EDGE_LOOP('',(#1881,#1882,#1890,#1898));
#1881 = ORIENTED_EDGE('',*,*,#1860,.T.);
#1882 = ORIENTED_EDGE('',*,*,#1883,.T.);
#1883 = EDGE_CURVE('',#1853,#1884,#1886,.T.);
#1884 = VERTEX_POINT('',#1885);
#1885 = CARTESIAN_POINT('',(-312.4147354033,1.097421E+03,-278.248236737)
  );
#1886 = LINE('',#1887,#1888);
#1887 = CARTESIAN_POINT('',(-181.2672788041,1.097421E+03,-278.248236737)
  );
#1888 = VECTOR('',#1889,1.);
#1889 = DIRECTION('',(-1.,0.,0.));
#1890 = ORIENTED_EDGE('',*,*,#1891,.F.);
#1891 = EDGE_CURVE('',#1892,#1884,#1894,.T.);
#1892 = VERTEX_POINT('',#1893);
#1893 = CARTESIAN_POINT('',(-312.4147354033,597.421,-278.248236737));
#1894 = LINE('',#1895,#1896);
#1895 = CARTESIAN_POINT('',(-312.4147354033,597.421,-278.248236737));
#1896 = VECTOR('',#1897,1.);
#1897 = DIRECTION('',(0.,1.,-3.3E-16));
#1898 = ORIENTED_EDGE('',*,*,#1899,.F.);
#1899 = EDGE_CURVE('',#1861,#1892,#1900,.T.);
#1900 = LINE('',#1901,#1902);
#1901 = CARTESIAN_POINT('',(-181.2672788041,597.421,-278.248236737));
#1902 = VECTOR('',#1903,1.);
#1903 = DIRECTION('',(-1.,0.,0.));
#1904 = PLANE('',#1905);
#1905 = AXIS2_PLACEMENT_3D('',#1906,#1907,#1908);
#1906 = CARTESIAN_POINT('',(-181.2672788041,597.421,-278.248236737));
#1907 = DIRECTION('',(-0.,-3.3E-16,-1.));
#1908 = DIRECTION('',(1.,-0.,0.));
#1909 = ADVANCED_FACE('',(#1910),#1935,.T.);
#1910 = FACE_BOUND('',#1911,.F.);
#1911 = EDGE_LOOP('',(#1912,#1913,#1921,#1929));
#1912 = ORIENTED_EDGE('',*,*,#1891,.T.);
#1913 = ORIENTED_EDGE('',*,*,#1914,.T.);
#1914 = EDGE_CURVE('',#1884,#1915,#1917,.T.);
#1915 = VERTEX_POINT('',#1916);
#1916 = CARTESIAN_POINT('',(-576.0911797514,1.097421E+03,-29.47630948187
    ));
#1917 = LINE('',#1918,#1919);
#1918 = CARTESIAN_POINT('',(-312.4147354033,1.097421E+03,-278.248236737)
  );
#1919 = VECTOR('',#1920,1.);
#1920 = DIRECTION('',(-0.727365335623,1.5E-16,0.686250441555));
#1921 = ORIENTED_EDGE('',*,*,#1922,.F.);
#1922 = EDGE_CURVE('',#1923,#1915,#1925,.T.);
#1923 = VERTEX_POINT('',#1924);
#1924 = CARTESIAN_POINT('',(-576.0911797514,597.421,-29.47630948187));
#1925 = LINE('',#1926,#1927);
#1926 = CARTESIAN_POINT('',(-576.0911797514,597.421,-29.47630948187));
#1927 = VECTOR('',#1928,1.);
#1928 = DIRECTION('',(0.,1.,-3.3E-16));
#1929 = ORIENTED_EDGE('',*,*,#1930,.F.);
#1930 = EDGE_CURVE('',#1892,#1923,#1931,.T.);
#1931 = LINE('',#1932,#1933);
#1932 = CARTESIAN_POINT('',(-312.4147354033,597.421,-278.248236737));
#1933 = VECTOR('',#1934,1.);
#1934 = DIRECTION('',(-0.727365335623,1.5E-16,0.686250441555));
#1935 = PLANE('',#1936);
#1936 = AXIS2_PLACEMENT_3D('',#1937,#1938,#1939);
#1937 = CARTESIAN_POINT('',(-312.4147354033,597.421,-278.248236737));
#1938 = DIRECTION('',(-0.686250441555,-2.4E-16,-0.727365335623));
#1939 = DIRECTION('',(0.727365335623,-1.5E-16,-0.686250441555));
#1940 = ADVANCED_FACE('',(#1941),#1966,.T.);
#1941 = FACE_BOUND('',#1942,.F.);
#1942 = EDGE_LOOP('',(#1943,#1944,#1952,#1960));
#1943 = ORIENTED_EDGE('',*,*,#1922,.T.);
#1944 = ORIENTED_EDGE('',*,*,#1945,.T.);
#1945 = EDGE_CURVE('',#1915,#1946,#1948,.T.);
#1946 = VERTEX_POINT('',#1947);
#1947 = CARTESIAN_POINT('',(-2.508373473299E+03,1.097421E+03,
    -29.47630948187));
#1948 = LINE('',#1949,#1950);
#1949 = CARTESIAN_POINT('',(-576.0911797514,1.097421E+03,-29.47630948187
    ));
#1950 = VECTOR('',#1951,1.);
#1951 = DIRECTION('',(-1.,0.,0.));
#1952 = ORIENTED_EDGE('',*,*,#1953,.F.);
#1953 = EDGE_CURVE('',#1954,#1946,#1956,.T.);
#1954 = VERTEX_POINT('',#1955);
#1955 = CARTESIAN_POINT('',(-2.508373473299E+03,597.421,-29.47630948187)
  );
#1956 = LINE('',#1957,#1958);
#1957 = CARTESIAN_POINT('',(-2.508373473299E+03,597.421,-29.47630948187)
  );
#1958 = VECTOR('',#1959,1.);
#1959 = DIRECTION('',(0.,1.,-3.3E-16));
#1960 = ORIENTED_EDGE('',*,*,#1961,.F.);
#1961 = EDGE_CURVE('',#1923,#1954,#1962,.T.);
#1962 = LINE('',#1963,#1964);
#1963 = CARTESIAN_POINT('',(-576.0911797514,597.421,-29.47630948187));
#1964 = VECTOR('',#1965,1.);
#1965 = DIRECTION('',(-1.,0.,0.));
#1966 = PLANE('',#1967);
#1967 = AXIS2_PLACEMENT_3D('',#1968,#1969,#1970);
#1968 = CARTESIAN_POINT('',(-576.0911797514,597.421,-29.47630948187));
#1969 = DIRECTION('',(-0.,-3.3E-16,-1.));
#1970 = DIRECTION('',(1.,-0.,0.));
#1971 = ADVANCED_FACE('',(#1972),#1997,.T.);
#1972 = FACE_BOUND('',#1973,.F.);
#1973 = EDGE_LOOP('',(#1974,#1975,#1983,#1991));
#1974 = ORIENTED_EDGE('',*,*,#1953,.T.);
#1975 = ORIENTED_EDGE('',*,*,#1976,.T.);
#1976 = EDGE_CURVE('',#1946,#1977,#1979,.T.);
#1977 = VERTEX_POINT('',#1978);
#1978 = CARTESIAN_POINT('',(-2.752172992343E+03,1.097421E+03,
    -278.248236737));
#1979 = LINE('',#1980,#1981);
#1980 = CARTESIAN_POINT('',(-2.508373473299E+03,1.097421E+03,
    -29.47630948187));
#1981 = VECTOR('',#1982,1.);
#1982 = DIRECTION('',(-0.699933020162,-1.6E-16,-0.714208490069));
#1983 = ORIENTED_EDGE('',*,*,#1984,.F.);
#1984 = EDGE_CURVE('',#1985,#1977,#1987,.T.);
#1985 = VERTEX_POINT('',#1986);
#1986 = CARTESIAN_POINT('',(-2.752172992343E+03,597.421,-278.248236737)
  );
#1987 = LINE('',#1988,#1989);
#1988 = CARTESIAN_POINT('',(-2.752172992343E+03,597.421,-278.248236737)
  );
#1989 = VECTOR('',#1990,1.);
#1990 = DIRECTION('',(0.,1.,-3.3E-16));
#1991 = ORIENTED_EDGE('',*,*,#1992,.F.);
#1992 = EDGE_CURVE('',#1954,#1985,#1993,.T.);
#1993 = LINE('',#1994,#1995);
#1994 = CARTESIAN_POINT('',(-2.508373473299E+03,597.421,-29.47630948187)
  );
#1995 = VECTOR('',#1996,1.);
#1996 = DIRECTION('',(-0.699933020162,-1.6E-16,-0.714208490069));
#1997 = PLANE('',#1998);
#1998 = AXIS2_PLACEMENT_3D('',#1999,#2000,#2001);
#1999 = CARTESIAN_POINT('',(-2.508373473299E+03,597.421,-29.47630948187)
  );
#2000 = DIRECTION('',(0.714208490069,-2.3E-16,-0.699933020162));
#2001 = DIRECTION('',(0.699933020162,1.6E-16,0.714208490069));
#2002 = ADVANCED_FACE('',(#2003),#2019,.T.);
#2003 = FACE_BOUND('',#2004,.F.);
#2004 = EDGE_LOOP('',(#2005,#2006,#2012,#2013));
#2005 = ORIENTED_EDGE('',*,*,#1984,.T.);
#2006 = ORIENTED_EDGE('',*,*,#2007,.T.);
#2007 = EDGE_CURVE('',#1977,#1783,#2008,.T.);
#2008 = LINE('',#2009,#2010);
#2009 = CARTESIAN_POINT('',(-2.752172992343E+03,1.097421E+03,
    -278.248236737));
#2010 = VECTOR('',#2011,1.);
#2011 = DIRECTION('',(-1.,0.,0.));
#2012 = ORIENTED_EDGE('',*,*,#1780,.F.);
#2013 = ORIENTED_EDGE('',*,*,#2014,.F.);
#2014 = EDGE_CURVE('',#1985,#1781,#2015,.T.);
#2015 = LINE('',#2016,#2017);
#2016 = CARTESIAN_POINT('',(-2.752172992343E+03,597.421,-278.248236737)
  );
#2017 = VECTOR('',#2018,1.);
#2018 = DIRECTION('',(-1.,0.,0.));
#2019 = PLANE('',#2020);
#2020 = AXIS2_PLACEMENT_3D('',#2021,#2022,#2023);
#2021 = CARTESIAN_POINT('',(-2.752172992343E+03,597.421,-278.248236737)
  );
#2022 = DIRECTION('',(-0.,-3.3E-16,-1.));
#2023 = DIRECTION('',(1.,-0.,0.));
#2024 = ADVANCED_FACE('',(#2025),#2035,.T.);
#2025 = FACE_BOUND('',#2026,.F.);
#2026 = EDGE_LOOP('',(#2027,#2028,#2029,#2030,#2031,#2032,#2033,#2034));
#2027 = ORIENTED_EDGE('',*,*,#1806,.T.);
#2028 = ORIENTED_EDGE('',*,*,#1837,.T.);
#2029 = ORIENTED_EDGE('',*,*,#1868,.T.);
#2030 = ORIENTED_EDGE('',*,*,#1899,.T.);
#2031 = ORIENTED_EDGE('',*,*,#1930,.T.);
#2032 = ORIENTED_EDGE('',*,*,#1961,.T.);
#2033 = ORIENTED_EDGE('',*,*,#1992,.T.);
#2034 = ORIENTED_EDGE('',*,*,#2014,.T.);
#2035 = PLANE('',#2036);
#2036 = AXIS2_PLACEMENT_3D('',#2037,#2038,#2039);
#2037 = CARTESIAN_POINT('',(-1.532701156476E+03,597.421,-52.22154445477)
  );
#2038 = DIRECTION('',(0.,-1.,2.2E-16));
#2039 = DIRECTION('',(0.,-2.2E-16,-1.));
#2040 = ADVANCED_FACE('',(#2041),#2051,.F.);
#2041 = FACE_BOUND('',#2042,.T.);
#2042 = EDGE_LOOP('',(#2043,#2044,#2045,#2046,#2047,#2048,#2049,#2050));
#2043 = ORIENTED_EDGE('',*,*,#1790,.T.);
#2044 = ORIENTED_EDGE('',*,*,#1821,.T.);
#2045 = ORIENTED_EDGE('',*,*,#1852,.T.);
#2046 = ORIENTED_EDGE('',*,*,#1883,.T.);
#2047 = ORIENTED_EDGE('',*,*,#1914,.T.);
#2048 = ORIENTED_EDGE('',*,*,#1945,.T.);
#2049 = ORIENTED_EDGE('',*,*,#1976,.T.);
#2050 = ORIENTED_EDGE('',*,*,#2007,.T.);
#2051 = PLANE('',#2052);
#2052 = AXIS2_PLACEMENT_3D('',#2053,#2054,#2055);
#2053 = CARTESIAN_POINT('',(-1.532701156476E+03,1.097421E+03,
    -52.22154445477));
#2054 = DIRECTION('',(0.,-1.,2.2E-16));
#2055 = DIRECTION('',(0.,-2.2E-16,-1.));
#2056 = ( GEOMETRIC_REPRESENTATION_CONTEXT(3) 
GLOBAL_UNCERTAINTY_ASSIGNED_CONTEXT((#2060)) 
GLOBAL_UNIT_ASSIGNED_CONTEXT((#2057,#2058,#2059)) REPRESENTATION_CONTEXT
('Context #1','3D Context with UNIT and UNCERTAINTY') );
#2057 = ( LENGTH_UNIT() NAMED_UNIT(*) SI_UNIT(.MILLI.,.METRE.) );
#2058 = ( NAMED_UNIT(*) PLANE_ANGLE_UNIT() SI_UNIT($,.RADIAN.) );
#2059 = ( NAMED_UNIT(*) SI_UNIT($,.STERADIAN.) SOLID_ANGLE_UNIT() );
#2060 = UNCERTAINTY_MEASURE_WITH_UNIT(LENGTH_MEASURE(1.E-07),#2057,
  'distance_accuracy_value','confusion accuracy');
#2061 = CONTEXT_DEPENDENT_SHAPE_REPRESENTATION(#2062,#2064);
#2062 = ( REPRESENTATION_RELATIONSHIP('','',#1773,#10) 
REPRESENTATION_RELATIONSHIP_WITH_TRANSFORMATION(#2063) 
SHAPE_REPRESENTATION_RELATIONSHIP() );
#2063 = ITEM_DEFINED_TRANSFORMATION('','',#11,#27);
#2064 = PRODUCT_DEFINITION_SHAPE('Placement','Placement of an item',
  #2065);
#2065 = NEXT_ASSEMBLY_USAGE_OCCURRENCE('11','Body017','',#5,#1768,$);
#2066 = PRODUCT_RELATED_PRODUCT_CATEGORY('part',$,(#1770));
#2067 = SHAPE_DEFINITION_REPRESENTATION(#2068,#2074);
#2068 = PRODUCT_DEFINITION_SHAPE('','',#2069);
#2069 = PRODUCT_DEFINITION('design','',#2070,#2073);
#2070 = PRODUCT_DEFINITION_FORMATION('','',#2071);
#2071 = PRODUCT('Body018','Body018','',(#2072));
#2072 = PRODUCT_CONTEXT('',#2,'mechanical');
#2073 = PRODUCT_DEFINITION_CONTEXT('part definition',#2,'design');
#2074 = ADVANCED_BREP_SHAPE_REPRESENTATION('',(#11,#2075),#2357);
#2075 = MANIFOLD_SOLID_BREP('',#2076);
#2076 = CLOSED_SHELL('',(#2077,#2117,#2148,#2179,#2210,#2241,#2272,#2303
    ,#2325,#2341));
#2077 = ADVANCED_FACE('',(#2078),#2112,.T.);
#2078 = FACE_BOUND('',#2079,.F.);
#2079 = EDGE_LOOP('',(#2080,#2090,#2098,#2106));
#2080 = ORIENTED_EDGE('',*,*,#2081,.T.);
#2081 = EDGE_CURVE('',#2082,#2084,#2086,.T.);
#2082 = VERTEX_POINT('',#2083);
#2083 = CARTESIAN_POINT('',(-2.878186616167E+03,-1.09969E+03,
    -278.248236737));
#2084 = VERTEX_POINT('',#2085);
#2085 = CARTESIAN_POINT('',(-2.878186616167E+03,-599.69,-278.248236737)
  );
#2086 = LINE('',#2087,#2088);
#2087 = CARTESIAN_POINT('',(-2.878186616167E+03,-1.09969E+03,
    -278.248236737));
#2088 = VECTOR('',#2089,1.);
#2089 = DIRECTION('',(0.,1.,-3.3E-16));
#2090 = ORIENTED_EDGE('',*,*,#2091,.T.);
#2091 = EDGE_CURVE('',#2084,#2092,#2094,.T.);
#2092 = VERTEX_POINT('',#2093);
#2093 = CARTESIAN_POINT('',(-2.585386488066E+03,-599.69,20.523690518127)
  );
#2094 = LINE('',#2095,#2096);
#2095 = CARTESIAN_POINT('',(-2.878186616167E+03,-599.69,-278.248236737)
  );
#2096 = VECTOR('',#2097,1.);
#2097 = DIRECTION('',(0.699933020162,1.6E-16,0.714208490069));
#2098 = ORIENTED_EDGE('',*,*,#2099,.F.);
#2099 = EDGE_CURVE('',#2100,#2092,#2102,.T.);
#2100 = VERTEX_POINT('',#2101);
#2101 = CARTESIAN_POINT('',(-2.585386488066E+03,-1.09969E+03,
    20.523690518127));
#2102 = LINE('',#2103,#2104);
#2103 = CARTESIAN_POINT('',(-2.585386488066E+03,-1.09969E+03,
    20.523690518127));
#2104 = VECTOR('',#2105,1.);
#2105 = DIRECTION('',(0.,1.,-3.3E-16));
#2106 = ORIENTED_EDGE('',*,*,#2107,.F.);
#2107 = EDGE_CURVE('',#2082,#2100,#2108,.T.);
#2108 = LINE('',#2109,#2110);
#2109 = CARTESIAN_POINT('',(-2.878186616167E+03,-1.09969E+03,
    -278.248236737));
#2110 = VECTOR('',#2111,1.);
#2111 = DIRECTION('',(0.699933020162,1.6E-16,0.714208490069));
#2112 = PLANE('',#2113);
#2113 = AXIS2_PLACEMENT_3D('',#2114,#2115,#2116);
#2114 = CARTESIAN_POINT('',(-2.878186616167E+03,-1.09969E+03,
    -278.248236737));
#2115 = DIRECTION('',(-0.714208490069,2.3E-16,0.699933020162));
#2116 = DIRECTION('',(-0.699933020162,-1.6E-16,-0.714208490069));
#2117 = ADVANCED_FACE('',(#2118),#2143,.T.);
#2118 = FACE_BOUND('',#2119,.F.);
#2119 = EDGE_LOOP('',(#2120,#2121,#2129,#2137));
#2120 = ORIENTED_EDGE('',*,*,#2099,.T.);
#2121 = ORIENTED_EDGE('',*,*,#2122,.T.);
#2122 = EDGE_CURVE('',#2092,#2123,#2125,.T.);
#2123 = VERTEX_POINT('',#2124);
#2124 = CARTESIAN_POINT('',(-497.9393419219,-599.69,20.523690518127));
#2125 = LINE('',#2126,#2127);
#2126 = CARTESIAN_POINT('',(-2.585386488066E+03,-599.69,20.523690518127)
  );
#2127 = VECTOR('',#2128,1.);
#2128 = DIRECTION('',(1.,0.,0.));
#2129 = ORIENTED_EDGE('',*,*,#2130,.F.);
#2130 = EDGE_CURVE('',#2131,#2123,#2133,.T.);
#2131 = VERTEX_POINT('',#2132);
#2132 = CARTESIAN_POINT('',(-497.9393419219,-1.09969E+03,20.523690518127
    ));
#2133 = LINE('',#2134,#2135);
#2134 = CARTESIAN_POINT('',(-497.9393419219,-1.09969E+03,20.523690518127
    ));
#2135 = VECTOR('',#2136,1.);
#2136 = DIRECTION('',(0.,1.,-3.3E-16));
#2137 = ORIENTED_EDGE('',*,*,#2138,.F.);
#2138 = EDGE_CURVE('',#2100,#2131,#2139,.T.);
#2139 = LINE('',#2140,#2141);
#2140 = CARTESIAN_POINT('',(-2.585386488066E+03,-1.09969E+03,
    20.523690518127));
#2141 = VECTOR('',#2142,1.);
#2142 = DIRECTION('',(1.,0.,0.));
#2143 = PLANE('',#2144);
#2144 = AXIS2_PLACEMENT_3D('',#2145,#2146,#2147);
#2145 = CARTESIAN_POINT('',(-2.585386488066E+03,-1.09969E+03,
    20.523690518127));
#2146 = DIRECTION('',(0.,3.3E-16,1.));
#2147 = DIRECTION('',(-1.,0.,0.));
#2148 = ADVANCED_FACE('',(#2149),#2174,.T.);
#2149 = FACE_BOUND('',#2150,.F.);
#2150 = EDGE_LOOP('',(#2151,#2152,#2160,#2168));
#2151 = ORIENTED_EDGE('',*,*,#2130,.T.);
#2152 = ORIENTED_EDGE('',*,*,#2153,.T.);
#2153 = EDGE_CURVE('',#2123,#2154,#2156,.T.);
#2154 = VERTEX_POINT('',#2155);
#2155 = CARTESIAN_POINT('',(-181.2672788041,-599.69,-278.248236737));
#2156 = LINE('',#2157,#2158);
#2157 = CARTESIAN_POINT('',(-497.9393419219,-599.69,20.523690518127));
#2158 = VECTOR('',#2159,1.);
#2159 = DIRECTION('',(0.727365335623,-1.5E-16,-0.686250441555));
#2160 = ORIENTED_EDGE('',*,*,#2161,.F.);
#2161 = EDGE_CURVE('',#2162,#2154,#2164,.T.);
#2162 = VERTEX_POINT('',#2163);
#2163 = CARTESIAN_POINT('',(-181.2672788041,-1.09969E+03,-278.248236737)
  );
#2164 = LINE('',#2165,#2166);
#2165 = CARTESIAN_POINT('',(-181.2672788041,-1.09969E+03,-278.248236737)
  );
#2166 = VECTOR('',#2167,1.);
#2167 = DIRECTION('',(0.,1.,-3.3E-16));
#2168 = ORIENTED_EDGE('',*,*,#2169,.F.);
#2169 = EDGE_CURVE('',#2131,#2162,#2170,.T.);
#2170 = LINE('',#2171,#2172);
#2171 = CARTESIAN_POINT('',(-497.9393419219,-1.09969E+03,20.523690518127
    ));
#2172 = VECTOR('',#2173,1.);
#2173 = DIRECTION('',(0.727365335623,-1.5E-16,-0.686250441555));
#2174 = PLANE('',#2175);
#2175 = AXIS2_PLACEMENT_3D('',#2176,#2177,#2178);
#2176 = CARTESIAN_POINT('',(-497.9393419219,-1.09969E+03,20.523690518127
    ));
#2177 = DIRECTION('',(0.686250441555,2.4E-16,0.727365335623));
#2178 = DIRECTION('',(-0.727365335623,1.5E-16,0.686250441555));
#2179 = ADVANCED_FACE('',(#2180),#2205,.T.);
#2180 = FACE_BOUND('',#2181,.F.);
#2181 = EDGE_LOOP('',(#2182,#2183,#2191,#2199));
#2182 = ORIENTED_EDGE('',*,*,#2161,.T.);
#2183 = ORIENTED_EDGE('',*,*,#2184,.T.);
#2184 = EDGE_CURVE('',#2154,#2185,#2187,.T.);
#2185 = VERTEX_POINT('',#2186);
#2186 = CARTESIAN_POINT('',(-312.4147354033,-599.69,-278.248236737));
#2187 = LINE('',#2188,#2189);
#2188 = CARTESIAN_POINT('',(-181.2672788041,-599.69,-278.248236737));
#2189 = VECTOR('',#2190,1.);
#2190 = DIRECTION('',(-1.,0.,0.));
#2191 = ORIENTED_EDGE('',*,*,#2192,.F.);
#2192 = EDGE_CURVE('',#2193,#2185,#2195,.T.);
#2193 = VERTEX_POINT('',#2194);
#2194 = CARTESIAN_POINT('',(-312.4147354033,-1.09969E+03,-278.248236737)
  );
#2195 = LINE('',#2196,#2197);
#2196 = CARTESIAN_POINT('',(-312.4147354033,-1.09969E+03,-278.248236737)
  );
#2197 = VECTOR('',#2198,1.);
#2198 = DIRECTION('',(0.,1.,-3.3E-16));
#2199 = ORIENTED_EDGE('',*,*,#2200,.F.);
#2200 = EDGE_CURVE('',#2162,#2193,#2201,.T.);
#2201 = LINE('',#2202,#2203);
#2202 = CARTESIAN_POINT('',(-181.2672788041,-1.09969E+03,-278.248236737)
  );
#2203 = VECTOR('',#2204,1.);
#2204 = DIRECTION('',(-1.,0.,0.));
#2205 = PLANE('',#2206);
#2206 = AXIS2_PLACEMENT_3D('',#2207,#2208,#2209);
#2207 = CARTESIAN_POINT('',(-181.2672788041,-1.09969E+03,-278.248236737)
  );
#2208 = DIRECTION('',(-0.,-3.3E-16,-1.));
#2209 = DIRECTION('',(1.,-0.,0.));
#2210 = ADVANCED_FACE('',(#2211),#2236,.T.);
#2211 = FACE_BOUND('',#2212,.F.);
#2212 = EDGE_LOOP('',(#2213,#2214,#2222,#2230));
#2213 = ORIENTED_EDGE('',*,*,#2192,.T.);
#2214 = ORIENTED_EDGE('',*,*,#2215,.T.);
#2215 = EDGE_CURVE('',#2185,#2216,#2218,.T.);
#2216 = VERTEX_POINT('',#2217);
#2217 = CARTESIAN_POINT('',(-576.0911797514,-599.69,-29.47630948187));
#2218 = LINE('',#2219,#2220);
#2219 = CARTESIAN_POINT('',(-312.4147354033,-599.69,-278.248236737));
#2220 = VECTOR('',#2221,1.);
#2221 = DIRECTION('',(-0.727365335623,1.5E-16,0.686250441555));
#2222 = ORIENTED_EDGE('',*,*,#2223,.F.);
#2223 = EDGE_CURVE('',#2224,#2216,#2226,.T.);
#2224 = VERTEX_POINT('',#2225);
#2225 = CARTESIAN_POINT('',(-576.0911797514,-1.09969E+03,-29.47630948187
    ));
#2226 = LINE('',#2227,#2228);
#2227 = CARTESIAN_POINT('',(-576.0911797514,-1.09969E+03,-29.47630948187
    ));
#2228 = VECTOR('',#2229,1.);
#2229 = DIRECTION('',(0.,1.,-3.3E-16));
#2230 = ORIENTED_EDGE('',*,*,#2231,.F.);
#2231 = EDGE_CURVE('',#2193,#2224,#2232,.T.);
#2232 = LINE('',#2233,#2234);
#2233 = CARTESIAN_POINT('',(-312.4147354033,-1.09969E+03,-278.248236737)
  );
#2234 = VECTOR('',#2235,1.);
#2235 = DIRECTION('',(-0.727365335623,1.5E-16,0.686250441555));
#2236 = PLANE('',#2237);
#2237 = AXIS2_PLACEMENT_3D('',#2238,#2239,#2240);
#2238 = CARTESIAN_POINT('',(-312.4147354033,-1.09969E+03,-278.248236737)
  );
#2239 = DIRECTION('',(-0.686250441555,-2.4E-16,-0.727365335623));
#2240 = DIRECTION('',(0.727365335623,-1.5E-16,-0.686250441555));
#2241 = ADVANCED_FACE('',(#2242),#2267,.T.);
#2242 = FACE_BOUND('',#2243,.F.);
#2243 = EDGE_LOOP('',(#2244,#2245,#2253,#2261));
#2244 = ORIENTED_EDGE('',*,*,#2223,.T.);
#2245 = ORIENTED_EDGE('',*,*,#2246,.T.);
#2246 = EDGE_CURVE('',#2216,#2247,#2249,.T.);
#2247 = VERTEX_POINT('',#2248);
#2248 = CARTESIAN_POINT('',(-2.508373473299E+03,-599.69,-29.47630948187)
  );
#2249 = LINE('',#2250,#2251);
#2250 = CARTESIAN_POINT('',(-576.0911797514,-599.69,-29.47630948187));
#2251 = VECTOR('',#2252,1.);
#2252 = DIRECTION('',(-1.,0.,0.));
#2253 = ORIENTED_EDGE('',*,*,#2254,.F.);
#2254 = EDGE_CURVE('',#2255,#2247,#2257,.T.);
#2255 = VERTEX_POINT('',#2256);
#2256 = CARTESIAN_POINT('',(-2.508373473299E+03,-1.09969E+03,
    -29.47630948187));
#2257 = LINE('',#2258,#2259);
#2258 = CARTESIAN_POINT('',(-2.508373473299E+03,-1.09969E+03,
    -29.47630948187));
#2259 = VECTOR('',#2260,1.);
#2260 = DIRECTION('',(0.,1.,-3.3E-16));
#2261 = ORIENTED_EDGE('',*,*,#2262,.F.);
#2262 = EDGE_CURVE('',#2224,#2255,#2263,.T.);
#2263 = LINE('',#2264,#2265);
#2264 = CARTESIAN_POINT('',(-576.0911797514,-1.09969E+03,-29.47630948187
    ));
#2265 = VECTOR('',#2266,1.);
#2266 = DIRECTION('',(-1.,0.,0.));
#2267 = PLANE('',#2268);
#2268 = AXIS2_PLACEMENT_3D('',#2269,#2270,#2271);
#2269 = CARTESIAN_POINT('',(-576.0911797514,-1.09969E+03,-29.47630948187
    ));
#2270 = DIRECTION('',(-0.,-3.3E-16,-1.));
#2271 = DIRECTION('',(1.,-0.,0.));
#2272 = ADVANCED_FACE('',(#2273),#2298,.T.);
#2273 = FACE_BOUND('',#2274,.F.);
#2274 = EDGE_LOOP('',(#2275,#2276,#2284,#2292));
#2275 = ORIENTED_EDGE('',*,*,#2254,.T.);
#2276 = ORIENTED_EDGE('',*,*,#2277,.T.);
#2277 = EDGE_CURVE('',#2247,#2278,#2280,.T.);
#2278 = VERTEX_POINT('',#2279);
#2279 = CARTESIAN_POINT('',(-2.752172992343E+03,-599.69,-278.248236737)
  );
#2280 = LINE('',#2281,#2282);
#2281 = CARTESIAN_POINT('',(-2.508373473299E+03,-599.69,-29.47630948187)
  );
#2282 = VECTOR('',#2283,1.);
#2283 = DIRECTION('',(-0.699933020162,-1.6E-16,-0.714208490069));
#2284 = ORIENTED_EDGE('',*,*,#2285,.F.);
#2285 = EDGE_CURVE('',#2286,#2278,#2288,.T.);
#2286 = VERTEX_POINT('',#2287);
#2287 = CARTESIAN_POINT('',(-2.752172992343E+03,-1.09969E+03,
    -278.248236737));
#2288 = LINE('',#2289,#2290);
#2289 = CARTESIAN_POINT('',(-2.752172992343E+03,-1.09969E+03,
    -278.248236737));
#2290 = VECTOR('',#2291,1.);
#2291 = DIRECTION('',(0.,1.,-3.3E-16));
#2292 = ORIENTED_EDGE('',*,*,#2293,.F.);
#2293 = EDGE_CURVE('',#2255,#2286,#2294,.T.);
#2294 = LINE('',#2295,#2296);
#2295 = CARTESIAN_POINT('',(-2.508373473299E+03,-1.09969E+03,
    -29.47630948187));
#2296 = VECTOR('',#2297,1.);
#2297 = DIRECTION('',(-0.699933020162,-1.6E-16,-0.714208490069));
#2298 = PLANE('',#2299);
#2299 = AXIS2_PLACEMENT_3D('',#2300,#2301,#2302);
#2300 = CARTESIAN_POINT('',(-2.508373473299E+03,-1.09969E+03,
    -29.47630948187));
#2301 = DIRECTION('',(0.714208490069,-2.3E-16,-0.699933020162));
#2302 = DIRECTION('',(0.699933020162,1.6E-16,0.714208490069));
#2303 = ADVANCED_FACE('',(#2304),#2320,.T.);
#2304 = FACE_BOUND('',#2305,.F.);
#2305 = EDGE_LOOP('',(#2306,#2307,#2313,#2314));
#2306 = ORIENTED_EDGE('',*,*,#2285,.T.);
#2307 = ORIENTED_EDGE('',*,*,#2308,.T.);
#2308 = EDGE_CURVE('',#2278,#2084,#2309,.T.);
#2309 = LINE('',#2310,#2311);
#2310 = CARTESIAN_POINT('',(-2.752172992343E+03,-599.69,-278.248236737)
  );
#2311 = VECTOR('',#2312,1.);
#2312 = DIRECTION('',(-1.,0.,0.));
#2313 = ORIENTED_EDGE('',*,*,#2081,.F.);
#2314 = ORIENTED_EDGE('',*,*,#2315,.F.);
#2315 = EDGE_CURVE('',#2286,#2082,#2316,.T.);
#2316 = LINE('',#2317,#2318);
#2317 = CARTESIAN_POINT('',(-2.752172992343E+03,-1.09969E+03,
    -278.248236737));
#2318 = VECTOR('',#2319,1.);
#2319 = DIRECTION('',(-1.,0.,0.));
#2320 = PLANE('',#2321);
#2321 = AXIS2_PLACEMENT_3D('',#2322,#2323,#2324);
#2322 = CARTESIAN_POINT('',(-2.752172992343E+03,-1.09969E+03,
    -278.248236737));
#2323 = DIRECTION('',(-0.,-3.3E-16,-1.));
#2324 = DIRECTION('',(1.,-0.,0.));
#2325 = ADVANCED_FACE('',(#2326),#2336,.T.);
#2326 = FACE_BOUND('',#2327,.F.);
#2327 = EDGE_LOOP('',(#2328,#2329,#2330,#2331,#2332,#2333,#2334,#2335));
#2328 = ORIENTED_EDGE('',*,*,#2107,.T.);
#2329 = ORIENTED_EDGE('',*,*,#2138,.T.);
#2330 = ORIENTED_EDGE('',*,*,#2169,.T.);
#2331 = ORIENTED_EDGE('',*,*,#2200,.T.);
#2332 = ORIENTED_EDGE('',*,*,#2231,.T.);
#2333 = ORIENTED_EDGE('',*,*,#2262,.T.);
#2334 = ORIENTED_EDGE('',*,*,#2293,.T.);
#2335 = ORIENTED_EDGE('',*,*,#2315,.T.);
#2336 = PLANE('',#2337);
#2337 = AXIS2_PLACEMENT_3D('',#2338,#2339,#2340);
#2338 = CARTESIAN_POINT('',(-1.532701156476E+03,-1.09969E+03,
    -52.22154445477));
#2339 = DIRECTION('',(0.,-1.,2.2E-16));
#2340 = DIRECTION('',(0.,-2.2E-16,-1.));
#2341 = ADVANCED_FACE('',(#2342),#2352,.F.);
#2342 = FACE_BOUND('',#2343,.T.);
#2343 = EDGE_LOOP('',(#2344,#2345,#2346,#2347,#2348,#2349,#2350,#2351));
#2344 = ORIENTED_EDGE('',*,*,#2091,.T.);
#2345 = ORIENTED_EDGE('',*,*,#2122,.T.);
#2346 = ORIENTED_EDGE('',*,*,#2153,.T.);
#2347 = ORIENTED_EDGE('',*,*,#2184,.T.);
#2348 = ORIENTED_EDGE('',*,*,#2215,.T.);
#2349 = ORIENTED_EDGE('',*,*,#2246,.T.);
#2350 = ORIENTED_EDGE('',*,*,#2277,.T.);
#2351 = ORIENTED_EDGE('',*,*,#2308,.T.);
#2352 = PLANE('',#2353);
#2353 = AXIS2_PLACEMENT_3D('',#2354,#2355,#2356);
#2354 = CARTESIAN_POINT('',(-1.532701156476E+03,-599.69,-52.22154445477)
  );
#2355 = DIRECTION('',(0.,-1.,2.2E-16));
#2356 = DIRECTION('',(0.,-2.2E-16,-1.));
#2357 = ( GEOMETRIC_REPRESENTATION_CONTEXT(3) 
GLOBAL_UNCERTAINTY_ASSIGNED_CONTEXT((#2361)) 
GLOBAL_UNIT_ASSIGNED_CONTEXT((#2358,#2359,#2360)) REPRESENTATION_CONTEXT
('Context #1','3D Context with UNIT and UNCERTAINTY') );
#2358 = ( LENGTH_UNIT() NAMED_UNIT(*) SI_UNIT(.MILLI.,.METRE.) );
#2359 = ( NAMED_UNIT(*) PLANE_ANGLE_UNIT() SI_UNIT($,.RADIAN.) );
#2360 = ( NAMED_UNIT(*) SI_UNIT($,.STERADIAN.) SOLID_ANGLE_UNIT() );
#2361 = UNCERTAINTY_MEASURE_WITH_UNIT(LENGTH_MEASURE(1.E-07),#2358,
  'distance_accuracy_value','confusion accuracy');
#2362 = CONTEXT_DEPENDENT_SHAPE_REPRESENTATION(#2363,#2365);
#2363 = ( REPRESENTATION_RELATIONSHIP('','',#2074,#10) 
REPRESENTATION_RELATIONSHIP_WITH_TRANSFORMATION(#2364) 
SHAPE_REPRESENTATION_RELATIONSHIP() );
#2364 = ITEM_DEFINED_TRANSFORMATION('','',#11,#31);
#2365 = PRODUCT_DEFINITION_SHAPE('Placement','Placement of an item',
  #2366);
#2366 = NEXT_ASSEMBLY_USAGE_OCCURRENCE('12','Body018','',#5,#2069,$);
#2367 = PRODUCT_RELATED_PRODUCT_CATEGORY('part',$,(#2071));
#2368 = SHAPE_DEFINITION_REPRESENTATION(#2369,#2375);
#2369 = PRODUCT_DEFINITION_SHAPE('','',#2370);
#2370 = PRODUCT_DEFINITION('design','',#2371,#2374);
#2371 = PRODUCT_DEFINITION_FORMATION('','',#2372);
#2372 = PRODUCT('Fusion (mirrored)','Fusion (mirrored)','',(#2373));
#2373 = PRODUCT_CONTEXT('',#2,'mechanical');
#2374 = PRODUCT_DEFINITION_CONTEXT('part definition',#2,'design');
#2375 = SHAPE_REPRESENTATION('',(#11,#2376,#2666,#2956,#3246,#3536),
  #3826);
#2376 = MANIFOLD_SOLID_BREP('',#2377);
#2377 = CLOSED_SHELL('',(#2378,#2420,#2451,#2482,#2513,#2544,#2575,#2597
    ,#2630,#2648));
#2378 = ADVANCED_FACE('',(#2379),#2415,.T.);
#2379 = FACE_BOUND('',#2380,.F.);
#2380 = EDGE_LOOP('',(#2381,#2391,#2400,#2408));
#2381 = ORIENTED_EDGE('',*,*,#2382,.T.);
#2382 = EDGE_CURVE('',#2383,#2385,#2387,.T.);
#2383 = VERTEX_POINT('',#2384);
#2384 = CARTESIAN_POINT('',(-3.79431E+03,1.100938811825E+03,
    1.581209979667E+03));
#2385 = VERTEX_POINT('',#2386);
#2386 = CARTESIAN_POINT('',(-3.84431E+03,1.100938811825E+03,
    1.581209979667E+03));
#2387 = LINE('',#2388,#2389);
#2388 = CARTESIAN_POINT('',(-3.79431E+03,1.100938811825E+03,
    1.581209979667E+03));
#2389 = VECTOR('',#2390,1.);
#2390 = DIRECTION('',(-1.,2.3E-16,1.1E-16));
#2391 = ORIENTED_EDGE('',*,*,#2392,.T.);
#2392 = EDGE_CURVE('',#2385,#2393,#2395,.T.);
#2393 = VERTEX_POINT('',#2394);
#2394 = CARTESIAN_POINT('',(-3.84431E+03,1.118912730843E+03,
    1.58052530641E+03));
#2395 = CIRCLE('',#2396,9.);
#2396 = AXIS2_PLACEMENT_3D('',#2397,#2398,#2399);
#2397 = CARTESIAN_POINT('',(-3.84431E+03,1.109938811825E+03,
    1.581209979667E+03));
#2398 = DIRECTION('',(-1.,3.4E-16,2.2E-16));
#2399 = DIRECTION('',(-3.4E-16,-1.,-2.2E-16));
#2400 = ORIENTED_EDGE('',*,*,#2401,.F.);
#2401 = EDGE_CURVE('',#2402,#2393,#2404,.T.);
#2402 = VERTEX_POINT('',#2403);
#2403 = CARTESIAN_POINT('',(-3.79431E+03,1.118912730843E+03,
    1.58052530641E+03));
#2404 = LINE('',#2405,#2406);
#2405 = CARTESIAN_POINT('',(-3.79431E+03,1.118912730843E+03,
    1.58052530641E+03));
#2406 = VECTOR('',#2407,1.);
#2407 = DIRECTION('',(-1.,2.3E-16,1.1E-16));
#2408 = ORIENTED_EDGE('',*,*,#2409,.F.);
#2409 = EDGE_CURVE('',#2383,#2402,#2410,.T.);
#2410 = CIRCLE('',#2411,9.);
#2411 = AXIS2_PLACEMENT_3D('',#2412,#2413,#2414);
#2412 = CARTESIAN_POINT('',(-3.79431E+03,1.109938811825E+03,
    1.581209979667E+03));
#2413 = DIRECTION('',(-1.,3.4E-16,2.2E-16));
#2414 = DIRECTION('',(-3.4E-16,-1.,-2.2E-16));
#2415 = CYLINDRICAL_SURFACE('',#2416,9.);
#2416 = AXIS2_PLACEMENT_3D('',#2417,#2418,#2419);
#2417 = CARTESIAN_POINT('',(-3.79431E+03,1.109938811825E+03,
    1.581209979667E+03));
#2418 = DIRECTION('',(1.,-3.4E-16,-2.2E-16));
#2419 = DIRECTION('',(-3.4E-16,-1.,-2.2E-16));
#2420 = ADVANCED_FACE('',(#2421),#2446,.F.);
#2421 = FACE_BOUND('',#2422,.F.);
#2422 = EDGE_LOOP('',(#2423,#2424,#2432,#2440));
#2423 = ORIENTED_EDGE('',*,*,#2401,.T.);
#2424 = ORIENTED_EDGE('',*,*,#2425,.T.);
#2425 = EDGE_CURVE('',#2393,#2426,#2428,.T.);
#2426 = VERTEX_POINT('',#2427);
#2427 = CARTESIAN_POINT('',(-3.84431E+03,1.118912730843E+03,
    1.570120278E+03));
#2428 = LINE('',#2429,#2430);
#2429 = CARTESIAN_POINT('',(-3.84431E+03,1.118912730843E+03,
    1.58052530641E+03));
#2430 = VECTOR('',#2431,1.);
#2431 = DIRECTION('',(-2.2E-16,2.2E-16,-1.));
#2432 = ORIENTED_EDGE('',*,*,#2433,.F.);
#2433 = EDGE_CURVE('',#2434,#2426,#2436,.T.);
#2434 = VERTEX_POINT('',#2435);
#2435 = CARTESIAN_POINT('',(-3.79431E+03,1.118912730843E+03,
    1.570120278E+03));
#2436 = LINE('',#2437,#2438);
#2437 = CARTESIAN_POINT('',(-3.79431E+03,1.118912730843E+03,
    1.570120278E+03));
#2438 = VECTOR('',#2439,1.);
#2439 = DIRECTION('',(-1.,2.3E-16,1.1E-16));
#2440 = ORIENTED_EDGE('',*,*,#2441,.F.);
#2441 = EDGE_CURVE('',#2402,#2434,#2442,.T.);
#2442 = LINE('',#2443,#2444);
#2443 = CARTESIAN_POINT('',(-3.79431E+03,1.118912730843E+03,
    1.58052530641E+03));
#2444 = VECTOR('',#2445,1.);
#2445 = DIRECTION('',(-2.2E-16,2.2E-16,-1.));
#2446 = PLANE('',#2447);
#2447 = AXIS2_PLACEMENT_3D('',#2448,#2449,#2450);
#2448 = CARTESIAN_POINT('',(-3.79431E+03,1.118912730843E+03,
    1.58052530641E+03));
#2449 = DIRECTION('',(-2.3E-16,-1.,-2.2E-16));
#2450 = DIRECTION('',(-2.2E-16,2.2E-16,-1.));
#2451 = ADVANCED_FACE('',(#2452),#2477,.F.);
#2452 = FACE_BOUND('',#2453,.F.);
#2453 = EDGE_LOOP('',(#2454,#2455,#2463,#2471));
#2454 = ORIENTED_EDGE('',*,*,#2433,.T.);
#2455 = ORIENTED_EDGE('',*,*,#2456,.T.);
#2456 = EDGE_CURVE('',#2426,#2457,#2459,.T.);
#2457 = VERTEX_POINT('',#2458);
#2458 = CARTESIAN_POINT('',(-3.84431E+03,1.109681397E+03,1.554346841E+03
    ));
#2459 = LINE('',#2460,#2461);
#2460 = CARTESIAN_POINT('',(-3.84431E+03,1.118912730843E+03,
    1.570120278E+03));
#2461 = VECTOR('',#2462,1.);
#2462 = DIRECTION('',(-3.6E-16,-0.505101869379,-0.863059732319));
#2463 = ORIENTED_EDGE('',*,*,#2464,.F.);
#2464 = EDGE_CURVE('',#2465,#2457,#2467,.T.);
#2465 = VERTEX_POINT('',#2466);
#2466 = CARTESIAN_POINT('',(-3.79431E+03,1.109681397E+03,1.554346841E+03
    ));
#2467 = LINE('',#2468,#2469);
#2468 = CARTESIAN_POINT('',(-3.79431E+03,1.109681397E+03,1.554346841E+03
    ));
#2469 = VECTOR('',#2470,1.);
#2470 = DIRECTION('',(-1.,2.3E-16,1.1E-16));
#2471 = ORIENTED_EDGE('',*,*,#2472,.F.);
#2472 = EDGE_CURVE('',#2434,#2465,#2473,.T.);
#2473 = LINE('',#2474,#2475);
#2474 = CARTESIAN_POINT('',(-3.79431E+03,1.118912730843E+03,
    1.570120278E+03));
#2475 = VECTOR('',#2476,1.);
#2476 = DIRECTION('',(-3.6E-16,-0.505101869379,-0.863059732319));
#2477 = PLANE('',#2478);
#2478 = AXIS2_PLACEMENT_3D('',#2479,#2480,#2481);
#2479 = CARTESIAN_POINT('',(-3.79431E+03,1.118912730843E+03,
    1.570120278E+03));
#2480 = DIRECTION('',(-1.5E-16,-0.863059732319,0.505101869379));
#2481 = DIRECTION('',(-3.6E-16,-0.505101869379,-0.863059732319));
#2482 = ADVANCED_FACE('',(#2483),#2508,.F.);
#2483 = FACE_BOUND('',#2484,.F.);
#2484 = EDGE_LOOP('',(#2485,#2486,#2494,#2502));
#2485 = ORIENTED_EDGE('',*,*,#2464,.T.);
#2486 = ORIENTED_EDGE('',*,*,#2487,.T.);
#2487 = EDGE_CURVE('',#2457,#2488,#2490,.T.);
#2488 = VERTEX_POINT('',#2489);
#2489 = CARTESIAN_POINT('',(-3.84431E+03,1.100016226E+03,1.554346841E+03
    ));
#2490 = LINE('',#2491,#2492);
#2491 = CARTESIAN_POINT('',(-3.84431E+03,1.109681397E+03,1.554346841E+03
    ));
#2492 = VECTOR('',#2493,1.);
#2493 = DIRECTION('',(-3.4E-16,-1.,-2.2E-16));
#2494 = ORIENTED_EDGE('',*,*,#2495,.F.);
#2495 = EDGE_CURVE('',#2496,#2488,#2498,.T.);
#2496 = VERTEX_POINT('',#2497);
#2497 = CARTESIAN_POINT('',(-3.79431E+03,1.100016226E+03,1.554346841E+03
    ));
#2498 = LINE('',#2499,#2500);
#2499 = CARTESIAN_POINT('',(-3.79431E+03,1.100016226E+03,1.554346841E+03
    ));
#2500 = VECTOR('',#2501,1.);
#2501 = DIRECTION('',(-1.,2.3E-16,1.1E-16));
#2502 = ORIENTED_EDGE('',*,*,#2503,.F.);
#2503 = EDGE_CURVE('',#2465,#2496,#2504,.T.);
#2504 = LINE('',#2505,#2506);
#2505 = CARTESIAN_POINT('',(-3.79431E+03,1.109681397E+03,1.554346841E+03
    ));
#2506 = VECTOR('',#2507,1.);
#2507 = DIRECTION('',(-3.4E-16,-1.,-2.2E-16));
#2508 = PLANE('',#2509);
#2509 = AXIS2_PLACEMENT_3D('',#2510,#2511,#2512);
#2510 = CARTESIAN_POINT('',(-3.79431E+03,1.109681397E+03,1.554346841E+03
    ));
#2511 = DIRECTION('',(1.1E-16,-2.2E-16,1.));
#2512 = DIRECTION('',(-3.4E-16,-1.,-2.2E-16));
#2513 = ADVANCED_FACE('',(#2514),#2539,.F.);
#2514 = FACE_BOUND('',#2515,.F.);
#2515 = EDGE_LOOP('',(#2516,#2517,#2525,#2533));
#2516 = ORIENTED_EDGE('',*,*,#2495,.T.);
#2517 = ORIENTED_EDGE('',*,*,#2518,.T.);
#2518 = EDGE_CURVE('',#2488,#2519,#2521,.T.);
#2519 = VERTEX_POINT('',#2520);
#2520 = CARTESIAN_POINT('',(-3.84431E+03,1.100016226E+03,
    1.569873448751E+03));
#2521 = LINE('',#2522,#2523);
#2522 = CARTESIAN_POINT('',(-3.84431E+03,1.100016226E+03,1.554346841E+03
    ));
#2523 = VECTOR('',#2524,1.);
#2524 = DIRECTION('',(2.2E-16,-2.2E-16,1.));
#2525 = ORIENTED_EDGE('',*,*,#2526,.F.);
#2526 = EDGE_CURVE('',#2527,#2519,#2529,.T.);
#2527 = VERTEX_POINT('',#2528);
#2528 = CARTESIAN_POINT('',(-3.79431E+03,1.100016226E+03,
    1.569873448751E+03));
#2529 = LINE('',#2530,#2531);
#2530 = CARTESIAN_POINT('',(-3.79431E+03,1.100016226E+03,
    1.569873448751E+03));
#2531 = VECTOR('',#2532,1.);
#2532 = DIRECTION('',(-1.,2.3E-16,1.1E-16));
#2533 = ORIENTED_EDGE('',*,*,#2534,.F.);
#2534 = EDGE_CURVE('',#2496,#2527,#2535,.T.);
#2535 = LINE('',#2536,#2537);
#2536 = CARTESIAN_POINT('',(-3.79431E+03,1.100016226E+03,1.554346841E+03
    ));
#2537 = VECTOR('',#2538,1.);
#2538 = DIRECTION('',(2.2E-16,-2.2E-16,1.));
#2539 = PLANE('',#2540);
#2540 = AXIS2_PLACEMENT_3D('',#2541,#2542,#2543);
#2541 = CARTESIAN_POINT('',(-3.79431E+03,1.100016226E+03,1.554346841E+03
    ));
#2542 = DIRECTION('',(2.3E-16,1.,2.2E-16));
#2543 = DIRECTION('',(2.2E-16,-2.2E-16,1.));
#2544 = ADVANCED_FACE('',(#2545),#2570,.F.);
#2545 = FACE_BOUND('',#2546,.F.);
#2546 = EDGE_LOOP('',(#2547,#2548,#2556,#2564));
#2547 = ORIENTED_EDGE('',*,*,#2526,.T.);
#2548 = ORIENTED_EDGE('',*,*,#2549,.T.);
#2549 = EDGE_CURVE('',#2519,#2550,#2552,.T.);
#2550 = VERTEX_POINT('',#2551);
#2551 = CARTESIAN_POINT('',(-3.84431E+03,1.100938811825E+03,
    1.569873448751E+03));
#2552 = LINE('',#2553,#2554);
#2553 = CARTESIAN_POINT('',(-3.84431E+03,1.100016226E+03,
    1.569873448751E+03));
#2554 = VECTOR('',#2555,1.);
#2555 = DIRECTION('',(3.4E-16,1.,2.2E-16));
#2556 = ORIENTED_EDGE('',*,*,#2557,.F.);
#2557 = EDGE_CURVE('',#2558,#2550,#2560,.T.);
#2558 = VERTEX_POINT('',#2559);
#2559 = CARTESIAN_POINT('',(-3.79431E+03,1.100938811825E+03,
    1.569873448751E+03));
#2560 = LINE('',#2561,#2562);
#2561 = CARTESIAN_POINT('',(-3.79431E+03,1.100938811825E+03,
    1.569873448751E+03));
#2562 = VECTOR('',#2563,1.);
#2563 = DIRECTION('',(-1.,2.3E-16,1.1E-16));
#2564 = ORIENTED_EDGE('',*,*,#2565,.F.);
#2565 = EDGE_CURVE('',#2527,#2558,#2566,.T.);
#2566 = LINE('',#2567,#2568);
#2567 = CARTESIAN_POINT('',(-3.79431E+03,1.100016226E+03,
    1.569873448751E+03));
#2568 = VECTOR('',#2569,1.);
#2569 = DIRECTION('',(3.4E-16,1.,2.2E-16));
#2570 = PLANE('',#2571);
#2571 = AXIS2_PLACEMENT_3D('',#2572,#2573,#2574);
#2572 = CARTESIAN_POINT('',(-3.79431E+03,1.100016226E+03,
    1.569873448751E+03));
#2573 = DIRECTION('',(-1.1E-16,2.2E-16,-1.));
#2574 = DIRECTION('',(3.4E-16,1.,2.2E-16));
#2575 = ADVANCED_FACE('',(#2576),#2592,.F.);
#2576 = FACE_BOUND('',#2577,.F.);
#2577 = EDGE_LOOP('',(#2578,#2579,#2585,#2586));
#2578 = ORIENTED_EDGE('',*,*,#2557,.T.);
#2579 = ORIENTED_EDGE('',*,*,#2580,.T.);
#2580 = EDGE_CURVE('',#2550,#2385,#2581,.T.);
#2581 = LINE('',#2582,#2583);
#2582 = CARTESIAN_POINT('',(-3.84431E+03,1.100938811825E+03,
    1.569873448751E+03));
#2583 = VECTOR('',#2584,1.);
#2584 = DIRECTION('',(2.2E-16,-2.2E-16,1.));
#2585 = ORIENTED_EDGE('',*,*,#2382,.F.);
#2586 = ORIENTED_EDGE('',*,*,#2587,.F.);
#2587 = EDGE_CURVE('',#2558,#2383,#2588,.T.);
#2588 = LINE('',#2589,#2590);
#2589 = CARTESIAN_POINT('',(-3.79431E+03,1.100938811825E+03,
    1.569873448751E+03));
#2590 = VECTOR('',#2591,1.);
#2591 = DIRECTION('',(2.2E-16,-2.2E-16,1.));
#2592 = PLANE('',#2593);
#2593 = AXIS2_PLACEMENT_3D('',#2594,#2595,#2596);
#2594 = CARTESIAN_POINT('',(-3.79431E+03,1.100938811825E+03,
    1.569873448751E+03));
#2595 = DIRECTION('',(2.3E-16,1.,2.2E-16));
#2596 = DIRECTION('',(2.2E-16,-2.2E-16,1.));
#2597 = ADVANCED_FACE('',(#2598),#2625,.F.);
#2598 = FACE_BOUND('',#2599,.T.);
#2599 = EDGE_LOOP('',(#2600,#2610,#2617,#2618));
#2600 = ORIENTED_EDGE('',*,*,#2601,.T.);
#2601 = EDGE_CURVE('',#2602,#2604,#2606,.T.);
#2602 = VERTEX_POINT('',#2603);
#2603 = CARTESIAN_POINT('',(-3.79431E+03,1.103938811825E+03,
    1.581209979667E+03));
#2604 = VERTEX_POINT('',#2605);
#2605 = CARTESIAN_POINT('',(-3.84431E+03,1.103938811825E+03,
    1.581209979667E+03));
#2606 = LINE('',#2607,#2608);
#2607 = CARTESIAN_POINT('',(-3.79431E+03,1.103938811825E+03,
    1.581209979667E+03));
#2608 = VECTOR('',#2609,1.);
#2609 = DIRECTION('',(-1.,2.3E-16,1.1E-16));
#2610 = ORIENTED_EDGE('',*,*,#2611,.T.);
#2611 = EDGE_CURVE('',#2604,#2604,#2612,.T.);
#2612 = CIRCLE('',#2613,6.);
#2613 = AXIS2_PLACEMENT_3D('',#2614,#2615,#2616);
#2614 = CARTESIAN_POINT('',(-3.84431E+03,1.109938811825E+03,
    1.581209979667E+03));
#2615 = DIRECTION('',(-1.,3.4E-16,2.2E-16));
#2616 = DIRECTION('',(-3.4E-16,-1.,-2.2E-16));
#2617 = ORIENTED_EDGE('',*,*,#2601,.F.);
#2618 = ORIENTED_EDGE('',*,*,#2619,.F.);
#2619 = EDGE_CURVE('',#2602,#2602,#2620,.T.);
#2620 = CIRCLE('',#2621,6.);
#2621 = AXIS2_PLACEMENT_3D('',#2622,#2623,#2624);
#2622 = CARTESIAN_POINT('',(-3.79431E+03,1.109938811825E+03,
    1.581209979667E+03));
#2623 = DIRECTION('',(-1.,3.4E-16,2.2E-16));
#2624 = DIRECTION('',(-3.4E-16,-1.,-2.2E-16));
#2625 = CYLINDRICAL_SURFACE('',#2626,6.);
#2626 = AXIS2_PLACEMENT_3D('',#2627,#2628,#2629);
#2627 = CARTESIAN_POINT('',(-3.79431E+03,1.109938811825E+03,
    1.581209979667E+03));
#2628 = DIRECTION('',(1.,-3.4E-16,-2.2E-16));
#2629 = DIRECTION('',(-3.4E-16,-1.,-2.2E-16));
#2630 = ADVANCED_FACE('',(#2631,#2640),#2643,.F.);
#2631 = FACE_BOUND('',#2632,.F.);
#2632 = EDGE_LOOP('',(#2633,#2634,#2635,#2636,#2637,#2638,#2639));
#2633 = ORIENTED_EDGE('',*,*,#2409,.T.);
#2634 = ORIENTED_EDGE('',*,*,#2441,.T.);
#2635 = ORIENTED_EDGE('',*,*,#2472,.T.);
#2636 = ORIENTED_EDGE('',*,*,#2503,.T.);
#2637 = ORIENTED_EDGE('',*,*,#2534,.T.);
#2638 = ORIENTED_EDGE('',*,*,#2565,.T.);
#2639 = ORIENTED_EDGE('',*,*,#2587,.T.);
#2640 = FACE_BOUND('',#2641,.T.);
#2641 = EDGE_LOOP('',(#2642));
#2642 = ORIENTED_EDGE('',*,*,#2619,.T.);
#2643 = PLANE('',#2644);
#2644 = AXIS2_PLACEMENT_3D('',#2645,#2646,#2647);
#2645 = CARTESIAN_POINT('',(-3.79431E+03,1.108852390565E+03,
    1.574004814309E+03));
#2646 = DIRECTION('',(-1.,3.4E-16,2.2E-16));
#2647 = DIRECTION('',(2.2E-16,0.,1.));
#2648 = ADVANCED_FACE('',(#2649,#2658),#2661,.T.);
#2649 = FACE_BOUND('',#2650,.T.);
#2650 = EDGE_LOOP('',(#2651,#2652,#2653,#2654,#2655,#2656,#2657));
#2651 = ORIENTED_EDGE('',*,*,#2392,.T.);
#2652 = ORIENTED_EDGE('',*,*,#2425,.T.);
#2653 = ORIENTED_EDGE('',*,*,#2456,.T.);
#2654 = ORIENTED_EDGE('',*,*,#2487,.T.);
#2655 = ORIENTED_EDGE('',*,*,#2518,.T.);
#2656 = ORIENTED_EDGE('',*,*,#2549,.T.);
#2657 = ORIENTED_EDGE('',*,*,#2580,.T.);
#2658 = FACE_BOUND('',#2659,.F.);
#2659 = EDGE_LOOP('',(#2660));
#2660 = ORIENTED_EDGE('',*,*,#2611,.T.);
#2661 = PLANE('',#2662);
#2662 = AXIS2_PLACEMENT_3D('',#2663,#2664,#2665);
#2663 = CARTESIAN_POINT('',(-3.84431E+03,1.108852390565E+03,
    1.574004814309E+03));
#2664 = DIRECTION('',(-1.,3.4E-16,2.2E-16));
#2665 = DIRECTION('',(2.2E-16,0.,1.));
#2666 = MANIFOLD_SOLID_BREP('',#2667);
#2667 = CLOSED_SHELL('',(#2668,#2710,#2741,#2772,#2803,#2834,#2865,#2887
    ,#2920,#2938));
#2668 = ADVANCED_FACE('',(#2669),#2705,.T.);
#2669 = FACE_BOUND('',#2670,.F.);
#2670 = EDGE_LOOP('',(#2671,#2681,#2690,#2698));
#2671 = ORIENTED_EDGE('',*,*,#2672,.T.);
#2672 = EDGE_CURVE('',#2673,#2675,#2677,.T.);
#2673 = VERTEX_POINT('',#2674);
#2674 = CARTESIAN_POINT('',(-1.79431E+03,1.100938811825E+03,
    1.581209979667E+03));
#2675 = VERTEX_POINT('',#2676);
#2676 = CARTESIAN_POINT('',(-1.84431E+03,1.100938811825E+03,
    1.581209979667E+03));
#2677 = LINE('',#2678,#2679);
#2678 = CARTESIAN_POINT('',(-1.79431E+03,1.100938811825E+03,
    1.581209979667E+03));
#2679 = VECTOR('',#2680,1.);
#2680 = DIRECTION('',(-1.,2.3E-16,1.1E-16));
#2681 = ORIENTED_EDGE('',*,*,#2682,.T.);
#2682 = EDGE_CURVE('',#2675,#2683,#2685,.T.);
#2683 = VERTEX_POINT('',#2684);
#2684 = CARTESIAN_POINT('',(-1.84431E+03,1.118912730843E+03,
    1.58052530641E+03));
#2685 = CIRCLE('',#2686,9.);
#2686 = AXIS2_PLACEMENT_3D('',#2687,#2688,#2689);
#2687 = CARTESIAN_POINT('',(-1.84431E+03,1.109938811825E+03,
    1.581209979667E+03));
#2688 = DIRECTION('',(-1.,3.4E-16,2.2E-16));
#2689 = DIRECTION('',(-3.4E-16,-1.,-2.2E-16));
#2690 = ORIENTED_EDGE('',*,*,#2691,.F.);
#2691 = EDGE_CURVE('',#2692,#2683,#2694,.T.);
#2692 = VERTEX_POINT('',#2693);
#2693 = CARTESIAN_POINT('',(-1.79431E+03,1.118912730843E+03,
    1.58052530641E+03));
#2694 = LINE('',#2695,#2696);
#2695 = CARTESIAN_POINT('',(-1.79431E+03,1.118912730843E+03,
    1.58052530641E+03));
#2696 = VECTOR('',#2697,1.);
#2697 = DIRECTION('',(-1.,2.3E-16,1.1E-16));
#2698 = ORIENTED_EDGE('',*,*,#2699,.F.);
#2699 = EDGE_CURVE('',#2673,#2692,#2700,.T.);
#2700 = CIRCLE('',#2701,9.);
#2701 = AXIS2_PLACEMENT_3D('',#2702,#2703,#2704);
#2702 = CARTESIAN_POINT('',(-1.79431E+03,1.109938811825E+03,
    1.581209979667E+03));
#2703 = DIRECTION('',(-1.,3.4E-16,2.2E-16));
#2704 = DIRECTION('',(-3.4E-16,-1.,-2.2E-16));
#2705 = CYLINDRICAL_SURFACE('',#2706,9.);
#2706 = AXIS2_PLACEMENT_3D('',#2707,#2708,#2709);
#2707 = CARTESIAN_POINT('',(-1.79431E+03,1.109938811825E+03,
    1.581209979667E+03));
#2708 = DIRECTION('',(1.,-3.4E-16,-2.2E-16));
#2709 = DIRECTION('',(-3.4E-16,-1.,-2.2E-16));
#2710 = ADVANCED_FACE('',(#2711),#2736,.F.);
#2711 = FACE_BOUND('',#2712,.F.);
#2712 = EDGE_LOOP('',(#2713,#2714,#2722,#2730));
#2713 = ORIENTED_EDGE('',*,*,#2691,.T.);
#2714 = ORIENTED_EDGE('',*,*,#2715,.T.);
#2715 = EDGE_CURVE('',#2683,#2716,#2718,.T.);
#2716 = VERTEX_POINT('',#2717);
#2717 = CARTESIAN_POINT('',(-1.84431E+03,1.118912730843E+03,
    1.570120278E+03));
#2718 = LINE('',#2719,#2720);
#2719 = CARTESIAN_POINT('',(-1.84431E+03,1.118912730843E+03,
    1.58052530641E+03));
#2720 = VECTOR('',#2721,1.);
#2721 = DIRECTION('',(-2.2E-16,2.2E-16,-1.));
#2722 = ORIENTED_EDGE('',*,*,#2723,.F.);
#2723 = EDGE_CURVE('',#2724,#2716,#2726,.T.);
#2724 = VERTEX_POINT('',#2725);
#2725 = CARTESIAN_POINT('',(-1.79431E+03,1.118912730843E+03,
    1.570120278E+03));
#2726 = LINE('',#2727,#2728);
#2727 = CARTESIAN_POINT('',(-1.79431E+03,1.118912730843E+03,
    1.570120278E+03));
#2728 = VECTOR('',#2729,1.);
#2729 = DIRECTION('',(-1.,2.3E-16,1.1E-16));
#2730 = ORIENTED_EDGE('',*,*,#2731,.F.);
#2731 = EDGE_CURVE('',#2692,#2724,#2732,.T.);
#2732 = LINE('',#2733,#2734);
#2733 = CARTESIAN_POINT('',(-1.79431E+03,1.118912730843E+03,
    1.58052530641E+03));
#2734 = VECTOR('',#2735,1.);
#2735 = DIRECTION('',(-2.2E-16,2.2E-16,-1.));
#2736 = PLANE('',#2737);
#2737 = AXIS2_PLACEMENT_3D('',#2738,#2739,#2740);
#2738 = CARTESIAN_POINT('',(-1.79431E+03,1.118912730843E+03,
    1.58052530641E+03));
#2739 = DIRECTION('',(-2.3E-16,-1.,-2.2E-16));
#2740 = DIRECTION('',(-2.2E-16,2.2E-16,-1.));
#2741 = ADVANCED_FACE('',(#2742),#2767,.F.);
#2742 = FACE_BOUND('',#2743,.F.);
#2743 = EDGE_LOOP('',(#2744,#2745,#2753,#2761));
#2744 = ORIENTED_EDGE('',*,*,#2723,.T.);
#2745 = ORIENTED_EDGE('',*,*,#2746,.T.);
#2746 = EDGE_CURVE('',#2716,#2747,#2749,.T.);
#2747 = VERTEX_POINT('',#2748);
#2748 = CARTESIAN_POINT('',(-1.84431E+03,1.109681397E+03,1.554346841E+03
    ));
#2749 = LINE('',#2750,#2751);
#2750 = CARTESIAN_POINT('',(-1.84431E+03,1.118912730843E+03,
    1.570120278E+03));
#2751 = VECTOR('',#2752,1.);
#2752 = DIRECTION('',(-3.6E-16,-0.505101869379,-0.863059732319));
#2753 = ORIENTED_EDGE('',*,*,#2754,.F.);
#2754 = EDGE_CURVE('',#2755,#2747,#2757,.T.);
#2755 = VERTEX_POINT('',#2756);
#2756 = CARTESIAN_POINT('',(-1.79431E+03,1.109681397E+03,1.554346841E+03
    ));
#2757 = LINE('',#2758,#2759);
#2758 = CARTESIAN_POINT('',(-1.79431E+03,1.109681397E+03,1.554346841E+03
    ));
#2759 = VECTOR('',#2760,1.);
#2760 = DIRECTION('',(-1.,2.3E-16,1.1E-16));
#2761 = ORIENTED_EDGE('',*,*,#2762,.F.);
#2762 = EDGE_CURVE('',#2724,#2755,#2763,.T.);
#2763 = LINE('',#2764,#2765);
#2764 = CARTESIAN_POINT('',(-1.79431E+03,1.118912730843E+03,
    1.570120278E+03));
#2765 = VECTOR('',#2766,1.);
#2766 = DIRECTION('',(-3.6E-16,-0.505101869379,-0.863059732319));
#2767 = PLANE('',#2768);
#2768 = AXIS2_PLACEMENT_3D('',#2769,#2770,#2771);
#2769 = CARTESIAN_POINT('',(-1.79431E+03,1.118912730843E+03,
    1.570120278E+03));
#2770 = DIRECTION('',(-1.5E-16,-0.863059732319,0.505101869379));
#2771 = DIRECTION('',(-3.6E-16,-0.505101869379,-0.863059732319));
#2772 = ADVANCED_FACE('',(#2773),#2798,.F.);
#2773 = FACE_BOUND('',#2774,.F.);
#2774 = EDGE_LOOP('',(#2775,#2776,#2784,#2792));
#2775 = ORIENTED_EDGE('',*,*,#2754,.T.);
#2776 = ORIENTED_EDGE('',*,*,#2777,.T.);
#2777 = EDGE_CURVE('',#2747,#2778,#2780,.T.);
#2778 = VERTEX_POINT('',#2779);
#2779 = CARTESIAN_POINT('',(-1.84431E+03,1.100016226E+03,1.554346841E+03
    ));
#2780 = LINE('',#2781,#2782);
#2781 = CARTESIAN_POINT('',(-1.84431E+03,1.109681397E+03,1.554346841E+03
    ));
#2782 = VECTOR('',#2783,1.);
#2783 = DIRECTION('',(-3.4E-16,-1.,-2.2E-16));
#2784 = ORIENTED_EDGE('',*,*,#2785,.F.);
#2785 = EDGE_CURVE('',#2786,#2778,#2788,.T.);
#2786 = VERTEX_POINT('',#2787);
#2787 = CARTESIAN_POINT('',(-1.79431E+03,1.100016226E+03,1.554346841E+03
    ));
#2788 = LINE('',#2789,#2790);
#2789 = CARTESIAN_POINT('',(-1.79431E+03,1.100016226E+03,1.554346841E+03
    ));
#2790 = VECTOR('',#2791,1.);
#2791 = DIRECTION('',(-1.,2.3E-16,1.1E-16));
#2792 = ORIENTED_EDGE('',*,*,#2793,.F.);
#2793 = EDGE_CURVE('',#2755,#2786,#2794,.T.);
#2794 = LINE('',#2795,#2796);
#2795 = CARTESIAN_POINT('',(-1.79431E+03,1.109681397E+03,1.554346841E+03
    ));
#2796 = VECTOR('',#2797,1.);
#2797 = DIRECTION('',(-3.4E-16,-1.,-2.2E-16));
#2798 = PLANE('',#2799);
#2799 = AXIS2_PLACEMENT_3D('',#2800,#2801,#2802);
#2800 = CARTESIAN_POINT('',(-1.79431E+03,1.109681397E+03,1.554346841E+03
    ));
#2801 = DIRECTION('',(1.1E-16,-2.2E-16,1.));
#2802 = DIRECTION('',(-3.4E-16,-1.,-2.2E-16));
#2803 = ADVANCED_FACE('',(#2804),#2829,.F.);
#2804 = FACE_BOUND('',#2805,.F.);
#2805 = EDGE_LOOP('',(#2806,#2807,#2815,#2823));
#2806 = ORIENTED_EDGE('',*,*,#2785,.T.);
#2807 = ORIENTED_EDGE('',*,*,#2808,.T.);
#2808 = EDGE_CURVE('',#2778,#2809,#2811,.T.);
#2809 = VERTEX_POINT('',#2810);
#2810 = CARTESIAN_POINT('',(-1.84431E+03,1.100016226E+03,
    1.569873448751E+03));
#2811 = LINE('',#2812,#2813);
#2812 = CARTESIAN_POINT('',(-1.84431E+03,1.100016226E+03,1.554346841E+03
    ));
#2813 = VECTOR('',#2814,1.);
#2814 = DIRECTION('',(2.2E-16,-2.2E-16,1.));
#2815 = ORIENTED_EDGE('',*,*,#2816,.F.);
#2816 = EDGE_CURVE('',#2817,#2809,#2819,.T.);
#2817 = VERTEX_POINT('',#2818);
#2818 = CARTESIAN_POINT('',(-1.79431E+03,1.100016226E+03,
    1.569873448751E+03));
#2819 = LINE('',#2820,#2821);
#2820 = CARTESIAN_POINT('',(-1.79431E+03,1.100016226E+03,
    1.569873448751E+03));
#2821 = VECTOR('',#2822,1.);
#2822 = DIRECTION('',(-1.,2.3E-16,1.1E-16));
#2823 = ORIENTED_EDGE('',*,*,#2824,.F.);
#2824 = EDGE_CURVE('',#2786,#2817,#2825,.T.);
#2825 = LINE('',#2826,#2827);
#2826 = CARTESIAN_POINT('',(-1.79431E+03,1.100016226E+03,1.554346841E+03
    ));
#2827 = VECTOR('',#2828,1.);
#2828 = DIRECTION('',(2.2E-16,-2.2E-16,1.));
#2829 = PLANE('',#2830);
#2830 = AXIS2_PLACEMENT_3D('',#2831,#2832,#2833);
#2831 = CARTESIAN_POINT('',(-1.79431E+03,1.100016226E+03,1.554346841E+03
    ));
#2832 = DIRECTION('',(2.3E-16,1.,2.2E-16));
#2833 = DIRECTION('',(2.2E-16,-2.2E-16,1.));
#2834 = ADVANCED_FACE('',(#2835),#2860,.F.);
#2835 = FACE_BOUND('',#2836,.F.);
#2836 = EDGE_LOOP('',(#2837,#2838,#2846,#2854));
#2837 = ORIENTED_EDGE('',*,*,#2816,.T.);
#2838 = ORIENTED_EDGE('',*,*,#2839,.T.);
#2839 = EDGE_CURVE('',#2809,#2840,#2842,.T.);
#2840 = VERTEX_POINT('',#2841);
#2841 = CARTESIAN_POINT('',(-1.84431E+03,1.100938811825E+03,
    1.569873448751E+03));
#2842 = LINE('',#2843,#2844);
#2843 = CARTESIAN_POINT('',(-1.84431E+03,1.100016226E+03,
    1.569873448751E+03));
#2844 = VECTOR('',#2845,1.);
#2845 = DIRECTION('',(3.4E-16,1.,2.2E-16));
#2846 = ORIENTED_EDGE('',*,*,#2847,.F.);
#2847 = EDGE_CURVE('',#2848,#2840,#2850,.T.);
#2848 = VERTEX_POINT('',#2849);
#2849 = CARTESIAN_POINT('',(-1.79431E+03,1.100938811825E+03,
    1.569873448751E+03));
#2850 = LINE('',#2851,#2852);
#2851 = CARTESIAN_POINT('',(-1.79431E+03,1.100938811825E+03,
    1.569873448751E+03));
#2852 = VECTOR('',#2853,1.);
#2853 = DIRECTION('',(-1.,2.3E-16,1.1E-16));
#2854 = ORIENTED_EDGE('',*,*,#2855,.F.);
#2855 = EDGE_CURVE('',#2817,#2848,#2856,.T.);
#2856 = LINE('',#2857,#2858);
#2857 = CARTESIAN_POINT('',(-1.79431E+03,1.100016226E+03,
    1.569873448751E+03));
#2858 = VECTOR('',#2859,1.);
#2859 = DIRECTION('',(3.4E-16,1.,2.2E-16));
#2860 = PLANE('',#2861);
#2861 = AXIS2_PLACEMENT_3D('',#2862,#2863,#2864);
#2862 = CARTESIAN_POINT('',(-1.79431E+03,1.100016226E+03,
    1.569873448751E+03));
#2863 = DIRECTION('',(-1.1E-16,2.2E-16,-1.));
#2864 = DIRECTION('',(3.4E-16,1.,2.2E-16));
#2865 = ADVANCED_FACE('',(#2866),#2882,.F.);
#2866 = FACE_BOUND('',#2867,.F.);
#2867 = EDGE_LOOP('',(#2868,#2869,#2875,#2876));
#2868 = ORIENTED_EDGE('',*,*,#2847,.T.);
#2869 = ORIENTED_EDGE('',*,*,#2870,.T.);
#2870 = EDGE_CURVE('',#2840,#2675,#2871,.T.);
#2871 = LINE('',#2872,#2873);
#2872 = CARTESIAN_POINT('',(-1.84431E+03,1.100938811825E+03,
    1.569873448751E+03));
#2873 = VECTOR('',#2874,1.);
#2874 = DIRECTION('',(2.2E-16,-2.2E-16,1.));
#2875 = ORIENTED_EDGE('',*,*,#2672,.F.);
#2876 = ORIENTED_EDGE('',*,*,#2877,.F.);
#2877 = EDGE_CURVE('',#2848,#2673,#2878,.T.);
#2878 = LINE('',#2879,#2880);
#2879 = CARTESIAN_POINT('',(-1.79431E+03,1.100938811825E+03,
    1.569873448751E+03));
#2880 = VECTOR('',#2881,1.);
#2881 = DIRECTION('',(2.2E-16,-2.2E-16,1.));
#2882 = PLANE('',#2883);
#2883 = AXIS2_PLACEMENT_3D('',#2884,#2885,#2886);
#2884 = CARTESIAN_POINT('',(-1.79431E+03,1.100938811825E+03,
    1.569873448751E+03));
#2885 = DIRECTION('',(2.3E-16,1.,2.2E-16));
#2886 = DIRECTION('',(2.2E-16,-2.2E-16,1.));
#2887 = ADVANCED_FACE('',(#2888),#2915,.F.);
#2888 = FACE_BOUND('',#2889,.T.);
#2889 = EDGE_LOOP('',(#2890,#2900,#2907,#2908));
#2890 = ORIENTED_EDGE('',*,*,#2891,.T.);
#2891 = EDGE_CURVE('',#2892,#2894,#2896,.T.);
#2892 = VERTEX_POINT('',#2893);
#2893 = CARTESIAN_POINT('',(-1.79431E+03,1.103938811825E+03,
    1.581209979667E+03));
#2894 = VERTEX_POINT('',#2895);
#2895 = CARTESIAN_POINT('',(-1.84431E+03,1.103938811825E+03,
    1.581209979667E+03));
#2896 = LINE('',#2897,#2898);
#2897 = CARTESIAN_POINT('',(-1.79431E+03,1.103938811825E+03,
    1.581209979667E+03));
#2898 = VECTOR('',#2899,1.);
#2899 = DIRECTION('',(-1.,2.3E-16,1.1E-16));
#2900 = ORIENTED_EDGE('',*,*,#2901,.T.);
#2901 = EDGE_CURVE('',#2894,#2894,#2902,.T.);
#2902 = CIRCLE('',#2903,6.);
#2903 = AXIS2_PLACEMENT_3D('',#2904,#2905,#2906);
#2904 = CARTESIAN_POINT('',(-1.84431E+03,1.109938811825E+03,
    1.581209979667E+03));
#2905 = DIRECTION('',(-1.,3.4E-16,2.2E-16));
#2906 = DIRECTION('',(-3.4E-16,-1.,-2.2E-16));
#2907 = ORIENTED_EDGE('',*,*,#2891,.F.);
#2908 = ORIENTED_EDGE('',*,*,#2909,.F.);
#2909 = EDGE_CURVE('',#2892,#2892,#2910,.T.);
#2910 = CIRCLE('',#2911,6.);
#2911 = AXIS2_PLACEMENT_3D('',#2912,#2913,#2914);
#2912 = CARTESIAN_POINT('',(-1.79431E+03,1.109938811825E+03,
    1.581209979667E+03));
#2913 = DIRECTION('',(-1.,3.4E-16,2.2E-16));
#2914 = DIRECTION('',(-3.4E-16,-1.,-2.2E-16));
#2915 = CYLINDRICAL_SURFACE('',#2916,6.);
#2916 = AXIS2_PLACEMENT_3D('',#2917,#2918,#2919);
#2917 = CARTESIAN_POINT('',(-1.79431E+03,1.109938811825E+03,
    1.581209979667E+03));
#2918 = DIRECTION('',(1.,-3.4E-16,-2.2E-16));
#2919 = DIRECTION('',(-3.4E-16,-1.,-2.2E-16));
#2920 = ADVANCED_FACE('',(#2921,#2930),#2933,.F.);
#2921 = FACE_BOUND('',#2922,.F.);
#2922 = EDGE_LOOP('',(#2923,#2924,#2925,#2926,#2927,#2928,#2929));
#2923 = ORIENTED_EDGE('',*,*,#2699,.T.);
#2924 = ORIENTED_EDGE('',*,*,#2731,.T.);
#2925 = ORIENTED_EDGE('',*,*,#2762,.T.);
#2926 = ORIENTED_EDGE('',*,*,#2793,.T.);
#2927 = ORIENTED_EDGE('',*,*,#2824,.T.);
#2928 = ORIENTED_EDGE('',*,*,#2855,.T.);
#2929 = ORIENTED_EDGE('',*,*,#2877,.T.);
#2930 = FACE_BOUND('',#2931,.T.);
#2931 = EDGE_LOOP('',(#2932));
#2932 = ORIENTED_EDGE('',*,*,#2909,.T.);
#2933 = PLANE('',#2934);
#2934 = AXIS2_PLACEMENT_3D('',#2935,#2936,#2937);
#2935 = CARTESIAN_POINT('',(-1.79431E+03,1.108852390565E+03,
    1.574004814309E+03));
#2936 = DIRECTION('',(-1.,3.4E-16,2.2E-16));
#2937 = DIRECTION('',(2.2E-16,0.,1.));
#2938 = ADVANCED_FACE('',(#2939,#2948),#2951,.T.);
#2939 = FACE_BOUND('',#2940,.T.);
#2940 = EDGE_LOOP('',(#2941,#2942,#2943,#2944,#2945,#2946,#2947));
#2941 = ORIENTED_EDGE('',*,*,#2682,.T.);
#2942 = ORIENTED_EDGE('',*,*,#2715,.T.);
#2943 = ORIENTED_EDGE('',*,*,#2746,.T.);
#2944 = ORIENTED_EDGE('',*,*,#2777,.T.);
#2945 = ORIENTED_EDGE('',*,*,#2808,.T.);
#2946 = ORIENTED_EDGE('',*,*,#2839,.T.);
#2947 = ORIENTED_EDGE('',*,*,#2870,.T.);
#2948 = FACE_BOUND('',#2949,.F.);
#2949 = EDGE_LOOP('',(#2950));
#2950 = ORIENTED_EDGE('',*,*,#2901,.T.);
#2951 = PLANE('',#2952);
#2952 = AXIS2_PLACEMENT_3D('',#2953,#2954,#2955);
#2953 = CARTESIAN_POINT('',(-1.84431E+03,1.108852390565E+03,
    1.574004814309E+03));
#2954 = DIRECTION('',(-1.,3.4E-16,2.2E-16));
#2955 = DIRECTION('',(2.2E-16,0.,1.));
#2956 = MANIFOLD_SOLID_BREP('',#2957);
#2957 = CLOSED_SHELL('',(#2958,#3000,#3031,#3062,#3093,#3124,#3155,#3177
    ,#3210,#3228));
#2958 = ADVANCED_FACE('',(#2959),#2995,.T.);
#2959 = FACE_BOUND('',#2960,.F.);
#2960 = EDGE_LOOP('',(#2961,#2971,#2980,#2988));
#2961 = ORIENTED_EDGE('',*,*,#2962,.T.);
#2962 = EDGE_CURVE('',#2963,#2965,#2967,.T.);
#2963 = VERTEX_POINT('',#2964);
#2964 = CARTESIAN_POINT('',(-2.79431E+03,1.100938811825E+03,
    1.581209979667E+03));
#2965 = VERTEX_POINT('',#2966);
#2966 = CARTESIAN_POINT('',(-2.84431E+03,1.100938811825E+03,
    1.581209979667E+03));
#2967 = LINE('',#2968,#2969);
#2968 = CARTESIAN_POINT('',(-2.79431E+03,1.100938811825E+03,
    1.581209979667E+03));
#2969 = VECTOR('',#2970,1.);
#2970 = DIRECTION('',(-1.,2.3E-16,1.1E-16));
#2971 = ORIENTED_EDGE('',*,*,#2972,.T.);
#2972 = EDGE_CURVE('',#2965,#2973,#2975,.T.);
#2973 = VERTEX_POINT('',#2974);
#2974 = CARTESIAN_POINT('',(-2.84431E+03,1.118912730843E+03,
    1.58052530641E+03));
#2975 = CIRCLE('',#2976,9.);
#2976 = AXIS2_PLACEMENT_3D('',#2977,#2978,#2979);
#2977 = CARTESIAN_POINT('',(-2.84431E+03,1.109938811825E+03,
    1.581209979667E+03));
#2978 = DIRECTION('',(-1.,3.4E-16,2.2E-16));
#2979 = DIRECTION('',(-3.4E-16,-1.,-2.2E-16));
#2980 = ORIENTED_EDGE('',*,*,#2981,.F.);
#2981 = EDGE_CURVE('',#2982,#2973,#2984,.T.);
#2982 = VERTEX_POINT('',#2983);
#2983 = CARTESIAN_POINT('',(-2.79431E+03,1.118912730843E+03,
    1.58052530641E+03));
#2984 = LINE('',#2985,#2986);
#2985 = CARTESIAN_POINT('',(-2.79431E+03,1.118912730843E+03,
    1.58052530641E+03));
#2986 = VECTOR('',#2987,1.);
#2987 = DIRECTION('',(-1.,2.3E-16,1.1E-16));
#2988 = ORIENTED_EDGE('',*,*,#2989,.F.);
#2989 = EDGE_CURVE('',#2963,#2982,#2990,.T.);
#2990 = CIRCLE('',#2991,9.);
#2991 = AXIS2_PLACEMENT_3D('',#2992,#2993,#2994);
#2992 = CARTESIAN_POINT('',(-2.79431E+03,1.109938811825E+03,
    1.581209979667E+03));
#2993 = DIRECTION('',(-1.,3.4E-16,2.2E-16));
#2994 = DIRECTION('',(-3.4E-16,-1.,-2.2E-16));
#2995 = CYLINDRICAL_SURFACE('',#2996,9.);
#2996 = AXIS2_PLACEMENT_3D('',#2997,#2998,#2999);
#2997 = CARTESIAN_POINT('',(-2.79431E+03,1.109938811825E+03,
    1.581209979667E+03));
#2998 = DIRECTION('',(1.,-3.4E-16,-2.2E-16));
#2999 = DIRECTION('',(-3.4E-16,-1.,-2.2E-16));
#3000 = ADVANCED_FACE('',(#3001),#3026,.F.);
#3001 = FACE_BOUND('',#3002,.F.);
#3002 = EDGE_LOOP('',(#3003,#3004,#3012,#3020));
#3003 = ORIENTED_EDGE('',*,*,#2981,.T.);
#3004 = ORIENTED_EDGE('',*,*,#3005,.T.);
#3005 = EDGE_CURVE('',#2973,#3006,#3008,.T.);
#3006 = VERTEX_POINT('',#3007);
#3007 = CARTESIAN_POINT('',(-2.84431E+03,1.118912730843E+03,
    1.570120278E+03));
#3008 = LINE('',#3009,#3010);
#3009 = CARTESIAN_POINT('',(-2.84431E+03,1.118912730843E+03,
    1.58052530641E+03));
#3010 = VECTOR('',#3011,1.);
#3011 = DIRECTION('',(-2.2E-16,2.2E-16,-1.));
#3012 = ORIENTED_EDGE('',*,*,#3013,.F.);
#3013 = EDGE_CURVE('',#3014,#3006,#3016,.T.);
#3014 = VERTEX_POINT('',#3015);
#3015 = CARTESIAN_POINT('',(-2.79431E+03,1.118912730843E+03,
    1.570120278E+03));
#3016 = LINE('',#3017,#3018);
#3017 = CARTESIAN_POINT('',(-2.79431E+03,1.118912730843E+03,
    1.570120278E+03));
#3018 = VECTOR('',#3019,1.);
#3019 = DIRECTION('',(-1.,2.3E-16,1.1E-16));
#3020 = ORIENTED_EDGE('',*,*,#3021,.F.);
#3021 = EDGE_CURVE('',#2982,#3014,#3022,.T.);
#3022 = LINE('',#3023,#3024);
#3023 = CARTESIAN_POINT('',(-2.79431E+03,1.118912730843E+03,
    1.58052530641E+03));
#3024 = VECTOR('',#3025,1.);
#3025 = DIRECTION('',(-2.2E-16,2.2E-16,-1.));
#3026 = PLANE('',#3027);
#3027 = AXIS2_PLACEMENT_3D('',#3028,#3029,#3030);
#3028 = CARTESIAN_POINT('',(-2.79431E+03,1.118912730843E+03,
    1.58052530641E+03));
#3029 = DIRECTION('',(-2.3E-16,-1.,-2.2E-16));
#3030 = DIRECTION('',(-2.2E-16,2.2E-16,-1.));
#3031 = ADVANCED_FACE('',(#3032),#3057,.F.);
#3032 = FACE_BOUND('',#3033,.F.);
#3033 = EDGE_LOOP('',(#3034,#3035,#3043,#3051));
#3034 = ORIENTED_EDGE('',*,*,#3013,.T.);
#3035 = ORIENTED_EDGE('',*,*,#3036,.T.);
#3036 = EDGE_CURVE('',#3006,#3037,#3039,.T.);
#3037 = VERTEX_POINT('',#3038);
#3038 = CARTESIAN_POINT('',(-2.84431E+03,1.109681397E+03,1.554346841E+03
    ));
#3039 = LINE('',#3040,#3041);
#3040 = CARTESIAN_POINT('',(-2.84431E+03,1.118912730843E+03,
    1.570120278E+03));
#3041 = VECTOR('',#3042,1.);
#3042 = DIRECTION('',(-3.6E-16,-0.505101869379,-0.863059732319));
#3043 = ORIENTED_EDGE('',*,*,#3044,.F.);
#3044 = EDGE_CURVE('',#3045,#3037,#3047,.T.);
#3045 = VERTEX_POINT('',#3046);
#3046 = CARTESIAN_POINT('',(-2.79431E+03,1.109681397E+03,1.554346841E+03
    ));
#3047 = LINE('',#3048,#3049);
#3048 = CARTESIAN_POINT('',(-2.79431E+03,1.109681397E+03,1.554346841E+03
    ));
#3049 = VECTOR('',#3050,1.);
#3050 = DIRECTION('',(-1.,2.3E-16,1.1E-16));
#3051 = ORIENTED_EDGE('',*,*,#3052,.F.);
#3052 = EDGE_CURVE('',#3014,#3045,#3053,.T.);
#3053 = LINE('',#3054,#3055);
#3054 = CARTESIAN_POINT('',(-2.79431E+03,1.118912730843E+03,
    1.570120278E+03));
#3055 = VECTOR('',#3056,1.);
#3056 = DIRECTION('',(-3.6E-16,-0.505101869379,-0.863059732319));
#3057 = PLANE('',#3058);
#3058 = AXIS2_PLACEMENT_3D('',#3059,#3060,#3061);
#3059 = CARTESIAN_POINT('',(-2.79431E+03,1.118912730843E+03,
    1.570120278E+03));
#3060 = DIRECTION('',(-1.5E-16,-0.863059732319,0.505101869379));
#3061 = DIRECTION('',(-3.6E-16,-0.505101869379,-0.863059732319));
#3062 = ADVANCED_FACE('',(#3063),#3088,.F.);
#3063 = FACE_BOUND('',#3064,.F.);
#3064 = EDGE_LOOP('',(#3065,#3066,#3074,#3082));
#3065 = ORIENTED_EDGE('',*,*,#3044,.T.);
#3066 = ORIENTED_EDGE('',*,*,#3067,.T.);
#3067 = EDGE_CURVE('',#3037,#3068,#3070,.T.);
#3068 = VERTEX_POINT('',#3069);
#3069 = CARTESIAN_POINT('',(-2.84431E+03,1.100016226E+03,1.554346841E+03
    ));
#3070 = LINE('',#3071,#3072);
#3071 = CARTESIAN_POINT('',(-2.84431E+03,1.109681397E+03,1.554346841E+03
    ));
#3072 = VECTOR('',#3073,1.);
#3073 = DIRECTION('',(-3.4E-16,-1.,-2.2E-16));
#3074 = ORIENTED_EDGE('',*,*,#3075,.F.);
#3075 = EDGE_CURVE('',#3076,#3068,#3078,.T.);
#3076 = VERTEX_POINT('',#3077);
#3077 = CARTESIAN_POINT('',(-2.79431E+03,1.100016226E+03,1.554346841E+03
    ));
#3078 = LINE('',#3079,#3080);
#3079 = CARTESIAN_POINT('',(-2.79431E+03,1.100016226E+03,1.554346841E+03
    ));
#3080 = VECTOR('',#3081,1.);
#3081 = DIRECTION('',(-1.,2.3E-16,1.1E-16));
#3082 = ORIENTED_EDGE('',*,*,#3083,.F.);
#3083 = EDGE_CURVE('',#3045,#3076,#3084,.T.);
#3084 = LINE('',#3085,#3086);
#3085 = CARTESIAN_POINT('',(-2.79431E+03,1.109681397E+03,1.554346841E+03
    ));
#3086 = VECTOR('',#3087,1.);
#3087 = DIRECTION('',(-3.4E-16,-1.,-2.2E-16));
#3088 = PLANE('',#3089);
#3089 = AXIS2_PLACEMENT_3D('',#3090,#3091,#3092);
#3090 = CARTESIAN_POINT('',(-2.79431E+03,1.109681397E+03,1.554346841E+03
    ));
#3091 = DIRECTION('',(1.1E-16,-2.2E-16,1.));
#3092 = DIRECTION('',(-3.4E-16,-1.,-2.2E-16));
#3093 = ADVANCED_FACE('',(#3094),#3119,.F.);
#3094 = FACE_BOUND('',#3095,.F.);
#3095 = EDGE_LOOP('',(#3096,#3097,#3105,#3113));
#3096 = ORIENTED_EDGE('',*,*,#3075,.T.);
#3097 = ORIENTED_EDGE('',*,*,#3098,.T.);
#3098 = EDGE_CURVE('',#3068,#3099,#3101,.T.);
#3099 = VERTEX_POINT('',#3100);
#3100 = CARTESIAN_POINT('',(-2.84431E+03,1.100016226E+03,
    1.569873448751E+03));
#3101 = LINE('',#3102,#3103);
#3102 = CARTESIAN_POINT('',(-2.84431E+03,1.100016226E+03,1.554346841E+03
    ));
#3103 = VECTOR('',#3104,1.);
#3104 = DIRECTION('',(2.2E-16,-2.2E-16,1.));
#3105 = ORIENTED_EDGE('',*,*,#3106,.F.);
#3106 = EDGE_CURVE('',#3107,#3099,#3109,.T.);
#3107 = VERTEX_POINT('',#3108);
#3108 = CARTESIAN_POINT('',(-2.79431E+03,1.100016226E+03,
    1.569873448751E+03));
#3109 = LINE('',#3110,#3111);
#3110 = CARTESIAN_POINT('',(-2.79431E+03,1.100016226E+03,
    1.569873448751E+03));
#3111 = VECTOR('',#3112,1.);
#3112 = DIRECTION('',(-1.,2.3E-16,1.1E-16));
#3113 = ORIENTED_EDGE('',*,*,#3114,.F.);
#3114 = EDGE_CURVE('',#3076,#3107,#3115,.T.);
#3115 = LINE('',#3116,#3117);
#3116 = CARTESIAN_POINT('',(-2.79431E+03,1.100016226E+03,1.554346841E+03
    ));
#3117 = VECTOR('',#3118,1.);
#3118 = DIRECTION('',(2.2E-16,-2.2E-16,1.));
#3119 = PLANE('',#3120);
#3120 = AXIS2_PLACEMENT_3D('',#3121,#3122,#3123);
#3121 = CARTESIAN_POINT('',(-2.79431E+03,1.100016226E+03,1.554346841E+03
    ));
#3122 = DIRECTION('',(2.3E-16,1.,2.2E-16));
#3123 = DIRECTION('',(2.2E-16,-2.2E-16,1.));
#3124 = ADVANCED_FACE('',(#3125),#3150,.F.);
#3125 = FACE_BOUND('',#3126,.F.);
#3126 = EDGE_LOOP('',(#3127,#3128,#3136,#3144));
#3127 = ORIENTED_EDGE('',*,*,#3106,.T.);
#3128 = ORIENTED_EDGE('',*,*,#3129,.T.);
#3129 = EDGE_CURVE('',#3099,#3130,#3132,.T.);
#3130 = VERTEX_POINT('',#3131);
#3131 = CARTESIAN_POINT('',(-2.84431E+03,1.100938811825E+03,
    1.569873448751E+03));
#3132 = LINE('',#3133,#3134);
#3133 = CARTESIAN_POINT('',(-2.84431E+03,1.100016226E+03,
    1.569873448751E+03));
#3134 = VECTOR('',#3135,1.);
#3135 = DIRECTION('',(3.4E-16,1.,2.2E-16));
#3136 = ORIENTED_EDGE('',*,*,#3137,.F.);
#3137 = EDGE_CURVE('',#3138,#3130,#3140,.T.);
#3138 = VERTEX_POINT('',#3139);
#3139 = CARTESIAN_POINT('',(-2.79431E+03,1.100938811825E+03,
    1.569873448751E+03));
#3140 = LINE('',#3141,#3142);
#3141 = CARTESIAN_POINT('',(-2.79431E+03,1.100938811825E+03,
    1.569873448751E+03));
#3142 = VECTOR('',#3143,1.);
#3143 = DIRECTION('',(-1.,2.3E-16,1.1E-16));
#3144 = ORIENTED_EDGE('',*,*,#3145,.F.);
#3145 = EDGE_CURVE('',#3107,#3138,#3146,.T.);
#3146 = LINE('',#3147,#3148);
#3147 = CARTESIAN_POINT('',(-2.79431E+03,1.100016226E+03,
    1.569873448751E+03));
#3148 = VECTOR('',#3149,1.);
#3149 = DIRECTION('',(3.4E-16,1.,2.2E-16));
#3150 = PLANE('',#3151);
#3151 = AXIS2_PLACEMENT_3D('',#3152,#3153,#3154);
#3152 = CARTESIAN_POINT('',(-2.79431E+03,1.100016226E+03,
    1.569873448751E+03));
#3153 = DIRECTION('',(-1.1E-16,2.2E-16,-1.));
#3154 = DIRECTION('',(3.4E-16,1.,2.2E-16));
#3155 = ADVANCED_FACE('',(#3156),#3172,.F.);
#3156 = FACE_BOUND('',#3157,.F.);
#3157 = EDGE_LOOP('',(#3158,#3159,#3165,#3166));
#3158 = ORIENTED_EDGE('',*,*,#3137,.T.);
#3159 = ORIENTED_EDGE('',*,*,#3160,.T.);
#3160 = EDGE_CURVE('',#3130,#2965,#3161,.T.);
#3161 = LINE('',#3162,#3163);
#3162 = CARTESIAN_POINT('',(-2.84431E+03,1.100938811825E+03,
    1.569873448751E+03));
#3163 = VECTOR('',#3164,1.);
#3164 = DIRECTION('',(2.2E-16,-2.2E-16,1.));
#3165 = ORIENTED_EDGE('',*,*,#2962,.F.);
#3166 = ORIENTED_EDGE('',*,*,#3167,.F.);
#3167 = EDGE_CURVE('',#3138,#2963,#3168,.T.);
#3168 = LINE('',#3169,#3170);
#3169 = CARTESIAN_POINT('',(-2.79431E+03,1.100938811825E+03,
    1.569873448751E+03));
#3170 = VECTOR('',#3171,1.);
#3171 = DIRECTION('',(2.2E-16,-2.2E-16,1.));
#3172 = PLANE('',#3173);
#3173 = AXIS2_PLACEMENT_3D('',#3174,#3175,#3176);
#3174 = CARTESIAN_POINT('',(-2.79431E+03,1.100938811825E+03,
    1.569873448751E+03));
#3175 = DIRECTION('',(2.3E-16,1.,2.2E-16));
#3176 = DIRECTION('',(2.2E-16,-2.2E-16,1.));
#3177 = ADVANCED_FACE('',(#3178),#3205,.F.);
#3178 = FACE_BOUND('',#3179,.T.);
#3179 = EDGE_LOOP('',(#3180,#3190,#3197,#3198));
#3180 = ORIENTED_EDGE('',*,*,#3181,.T.);
#3181 = EDGE_CURVE('',#3182,#3184,#3186,.T.);
#3182 = VERTEX_POINT('',#3183);
#3183 = CARTESIAN_POINT('',(-2.79431E+03,1.103938811825E+03,
    1.581209979667E+03));
#3184 = VERTEX_POINT('',#3185);
#3185 = CARTESIAN_POINT('',(-2.84431E+03,1.103938811825E+03,
    1.581209979667E+03));
#3186 = LINE('',#3187,#3188);
#3187 = CARTESIAN_POINT('',(-2.79431E+03,1.103938811825E+03,
    1.581209979667E+03));
#3188 = VECTOR('',#3189,1.);
#3189 = DIRECTION('',(-1.,2.3E-16,1.1E-16));
#3190 = ORIENTED_EDGE('',*,*,#3191,.T.);
#3191 = EDGE_CURVE('',#3184,#3184,#3192,.T.);
#3192 = CIRCLE('',#3193,6.);
#3193 = AXIS2_PLACEMENT_3D('',#3194,#3195,#3196);
#3194 = CARTESIAN_POINT('',(-2.84431E+03,1.109938811825E+03,
    1.581209979667E+03));
#3195 = DIRECTION('',(-1.,3.4E-16,2.2E-16));
#3196 = DIRECTION('',(-3.4E-16,-1.,-2.2E-16));
#3197 = ORIENTED_EDGE('',*,*,#3181,.F.);
#3198 = ORIENTED_EDGE('',*,*,#3199,.F.);
#3199 = EDGE_CURVE('',#3182,#3182,#3200,.T.);
#3200 = CIRCLE('',#3201,6.);
#3201 = AXIS2_PLACEMENT_3D('',#3202,#3203,#3204);
#3202 = CARTESIAN_POINT('',(-2.79431E+03,1.109938811825E+03,
    1.581209979667E+03));
#3203 = DIRECTION('',(-1.,3.4E-16,2.2E-16));
#3204 = DIRECTION('',(-3.4E-16,-1.,-2.2E-16));
#3205 = CYLINDRICAL_SURFACE('',#3206,6.);
#3206 = AXIS2_PLACEMENT_3D('',#3207,#3208,#3209);
#3207 = CARTESIAN_POINT('',(-2.79431E+03,1.109938811825E+03,
    1.581209979667E+03));
#3208 = DIRECTION('',(1.,-3.4E-16,-2.2E-16));
#3209 = DIRECTION('',(-3.4E-16,-1.,-2.2E-16));
#3210 = ADVANCED_FACE('',(#3211,#3220),#3223,.F.);
#3211 = FACE_BOUND('',#3212,.F.);
#3212 = EDGE_LOOP('',(#3213,#3214,#3215,#3216,#3217,#3218,#3219));
#3213 = ORIENTED_EDGE('',*,*,#2989,.T.);
#3214 = ORIENTED_EDGE('',*,*,#3021,.T.);
#3215 = ORIENTED_EDGE('',*,*,#3052,.T.);
#3216 = ORIENTED_EDGE('',*,*,#3083,.T.);
#3217 = ORIENTED_EDGE('',*,*,#3114,.T.);
#3218 = ORIENTED_EDGE('',*,*,#3145,.T.);
#3219 = ORIENTED_EDGE('',*,*,#3167,.T.);
#3220 = FACE_BOUND('',#3221,.T.);
#3221 = EDGE_LOOP('',(#3222));
#3222 = ORIENTED_EDGE('',*,*,#3199,.T.);
#3223 = PLANE('',#3224);
#3224 = AXIS2_PLACEMENT_3D('',#3225,#3226,#3227);
#3225 = CARTESIAN_POINT('',(-2.79431E+03,1.108852390565E+03,
    1.574004814309E+03));
#3226 = DIRECTION('',(-1.,3.4E-16,2.2E-16));
#3227 = DIRECTION('',(2.2E-16,0.,1.));
#3228 = ADVANCED_FACE('',(#3229,#3238),#3241,.T.);
#3229 = FACE_BOUND('',#3230,.T.);
#3230 = EDGE_LOOP('',(#3231,#3232,#3233,#3234,#3235,#3236,#3237));
#3231 = ORIENTED_EDGE('',*,*,#2972,.T.);
#3232 = ORIENTED_EDGE('',*,*,#3005,.T.);
#3233 = ORIENTED_EDGE('',*,*,#3036,.T.);
#3234 = ORIENTED_EDGE('',*,*,#3067,.T.);
#3235 = ORIENTED_EDGE('',*,*,#3098,.T.);
#3236 = ORIENTED_EDGE('',*,*,#3129,.T.);
#3237 = ORIENTED_EDGE('',*,*,#3160,.T.);
#3238 = FACE_BOUND('',#3239,.F.);
#3239 = EDGE_LOOP('',(#3240));
#3240 = ORIENTED_EDGE('',*,*,#3191,.T.);
#3241 = PLANE('',#3242);
#3242 = AXIS2_PLACEMENT_3D('',#3243,#3244,#3245);
#3243 = CARTESIAN_POINT('',(-2.84431E+03,1.108852390565E+03,
    1.574004814309E+03));
#3244 = DIRECTION('',(-1.,3.4E-16,2.2E-16));
#3245 = DIRECTION('',(2.2E-16,0.,1.));
#3246 = MANIFOLD_SOLID_BREP('',#3247);
#3247 = CLOSED_SHELL('',(#3248,#3290,#3321,#3352,#3383,#3414,#3445,#3467
    ,#3500,#3518));
#3248 = ADVANCED_FACE('',(#3249),#3285,.T.);
#3249 = FACE_BOUND('',#3250,.F.);
#3250 = EDGE_LOOP('',(#3251,#3261,#3270,#3278));
#3251 = ORIENTED_EDGE('',*,*,#3252,.T.);
#3252 = EDGE_CURVE('',#3253,#3255,#3257,.T.);
#3253 = VERTEX_POINT('',#3254);
#3254 = CARTESIAN_POINT('',(-794.31,1.100938811825E+03,
    1.581209979667E+03));
#3255 = VERTEX_POINT('',#3256);
#3256 = CARTESIAN_POINT('',(-844.31,1.100938811825E+03,
    1.581209979667E+03));
#3257 = LINE('',#3258,#3259);
#3258 = CARTESIAN_POINT('',(-794.31,1.100938811825E+03,
    1.581209979667E+03));
#3259 = VECTOR('',#3260,1.);
#3260 = DIRECTION('',(-1.,2.3E-16,1.1E-16));
#3261 = ORIENTED_EDGE('',*,*,#3262,.T.);
#3262 = EDGE_CURVE('',#3255,#3263,#3265,.T.);
#3263 = VERTEX_POINT('',#3264);
#3264 = CARTESIAN_POINT('',(-844.31,1.118912730843E+03,1.58052530641E+03
    ));
#3265 = CIRCLE('',#3266,9.);
#3266 = AXIS2_PLACEMENT_3D('',#3267,#3268,#3269);
#3267 = CARTESIAN_POINT('',(-844.31,1.109938811825E+03,
    1.581209979667E+03));
#3268 = DIRECTION('',(-1.,3.4E-16,2.2E-16));
#3269 = DIRECTION('',(-3.4E-16,-1.,-2.2E-16));
#3270 = ORIENTED_EDGE('',*,*,#3271,.F.);
#3271 = EDGE_CURVE('',#3272,#3263,#3274,.T.);
#3272 = VERTEX_POINT('',#3273);
#3273 = CARTESIAN_POINT('',(-794.31,1.118912730843E+03,1.58052530641E+03
    ));
#3274 = LINE('',#3275,#3276);
#3275 = CARTESIAN_POINT('',(-794.31,1.118912730843E+03,1.58052530641E+03
    ));
#3276 = VECTOR('',#3277,1.);
#3277 = DIRECTION('',(-1.,2.3E-16,1.1E-16));
#3278 = ORIENTED_EDGE('',*,*,#3279,.F.);
#3279 = EDGE_CURVE('',#3253,#3272,#3280,.T.);
#3280 = CIRCLE('',#3281,9.);
#3281 = AXIS2_PLACEMENT_3D('',#3282,#3283,#3284);
#3282 = CARTESIAN_POINT('',(-794.31,1.109938811825E+03,
    1.581209979667E+03));
#3283 = DIRECTION('',(-1.,3.4E-16,2.2E-16));
#3284 = DIRECTION('',(-3.4E-16,-1.,-2.2E-16));
#3285 = CYLINDRICAL_SURFACE('',#3286,9.);
#3286 = AXIS2_PLACEMENT_3D('',#3287,#3288,#3289);
#3287 = CARTESIAN_POINT('',(-794.31,1.109938811825E+03,
    1.581209979667E+03));
#3288 = DIRECTION('',(1.,-3.4E-16,-2.2E-16));
#3289 = DIRECTION('',(-3.4E-16,-1.,-2.2E-16));
#3290 = ADVANCED_FACE('',(#3291),#3316,.F.);
#3291 = FACE_BOUND('',#3292,.F.);
#3292 = EDGE_LOOP('',(#3293,#3294,#3302,#3310));
#3293 = ORIENTED_EDGE('',*,*,#3271,.T.);
#3294 = ORIENTED_EDGE('',*,*,#3295,.T.);
#3295 = EDGE_CURVE('',#3263,#3296,#3298,.T.);
#3296 = VERTEX_POINT('',#3297);
#3297 = CARTESIAN_POINT('',(-844.31,1.118912730843E+03,1.570120278E+03)
  );
#3298 = LINE('',#3299,#3300);
#3299 = CARTESIAN_POINT('',(-844.31,1.118912730843E+03,1.58052530641E+03
    ));
#3300 = VECTOR('',#3301,1.);
#3301 = DIRECTION('',(-2.2E-16,2.2E-16,-1.));
#3302 = ORIENTED_EDGE('',*,*,#3303,.F.);
#3303 = EDGE_CURVE('',#3304,#3296,#3306,.T.);
#3304 = VERTEX_POINT('',#3305);
#3305 = CARTESIAN_POINT('',(-794.31,1.118912730843E+03,1.570120278E+03)
  );
#3306 = LINE('',#3307,#3308);
#3307 = CARTESIAN_POINT('',(-794.31,1.118912730843E+03,1.570120278E+03)
  );
#3308 = VECTOR('',#3309,1.);
#3309 = DIRECTION('',(-1.,2.3E-16,1.1E-16));
#3310 = ORIENTED_EDGE('',*,*,#3311,.F.);
#3311 = EDGE_CURVE('',#3272,#3304,#3312,.T.);
#3312 = LINE('',#3313,#3314);
#3313 = CARTESIAN_POINT('',(-794.31,1.118912730843E+03,1.58052530641E+03
    ));
#3314 = VECTOR('',#3315,1.);
#3315 = DIRECTION('',(-2.2E-16,2.2E-16,-1.));
#3316 = PLANE('',#3317);
#3317 = AXIS2_PLACEMENT_3D('',#3318,#3319,#3320);
#3318 = CARTESIAN_POINT('',(-794.31,1.118912730843E+03,1.58052530641E+03
    ));
#3319 = DIRECTION('',(-2.3E-16,-1.,-2.2E-16));
#3320 = DIRECTION('',(-2.2E-16,2.2E-16,-1.));
#3321 = ADVANCED_FACE('',(#3322),#3347,.F.);
#3322 = FACE_BOUND('',#3323,.F.);
#3323 = EDGE_LOOP('',(#3324,#3325,#3333,#3341));
#3324 = ORIENTED_EDGE('',*,*,#3303,.T.);
#3325 = ORIENTED_EDGE('',*,*,#3326,.T.);
#3326 = EDGE_CURVE('',#3296,#3327,#3329,.T.);
#3327 = VERTEX_POINT('',#3328);
#3328 = CARTESIAN_POINT('',(-844.31,1.109681397E+03,1.554346841E+03));
#3329 = LINE('',#3330,#3331);
#3330 = CARTESIAN_POINT('',(-844.31,1.118912730843E+03,1.570120278E+03)
  );
#3331 = VECTOR('',#3332,1.);
#3332 = DIRECTION('',(-3.6E-16,-0.505101869379,-0.863059732319));
#3333 = ORIENTED_EDGE('',*,*,#3334,.F.);
#3334 = EDGE_CURVE('',#3335,#3327,#3337,.T.);
#3335 = VERTEX_POINT('',#3336);
#3336 = CARTESIAN_POINT('',(-794.31,1.109681397E+03,1.554346841E+03));
#3337 = LINE('',#3338,#3339);
#3338 = CARTESIAN_POINT('',(-794.31,1.109681397E+03,1.554346841E+03));
#3339 = VECTOR('',#3340,1.);
#3340 = DIRECTION('',(-1.,2.3E-16,1.1E-16));
#3341 = ORIENTED_EDGE('',*,*,#3342,.F.);
#3342 = EDGE_CURVE('',#3304,#3335,#3343,.T.);
#3343 = LINE('',#3344,#3345);
#3344 = CARTESIAN_POINT('',(-794.31,1.118912730843E+03,1.570120278E+03)
  );
#3345 = VECTOR('',#3346,1.);
#3346 = DIRECTION('',(-3.6E-16,-0.505101869379,-0.863059732319));
#3347 = PLANE('',#3348);
#3348 = AXIS2_PLACEMENT_3D('',#3349,#3350,#3351);
#3349 = CARTESIAN_POINT('',(-794.31,1.118912730843E+03,1.570120278E+03)
  );
#3350 = DIRECTION('',(-1.5E-16,-0.863059732319,0.505101869379));
#3351 = DIRECTION('',(-3.6E-16,-0.505101869379,-0.863059732319));
#3352 = ADVANCED_FACE('',(#3353),#3378,.F.);
#3353 = FACE_BOUND('',#3354,.F.);
#3354 = EDGE_LOOP('',(#3355,#3356,#3364,#3372));
#3355 = ORIENTED_EDGE('',*,*,#3334,.T.);
#3356 = ORIENTED_EDGE('',*,*,#3357,.T.);
#3357 = EDGE_CURVE('',#3327,#3358,#3360,.T.);
#3358 = VERTEX_POINT('',#3359);
#3359 = CARTESIAN_POINT('',(-844.31,1.100016226E+03,1.554346841E+03));
#3360 = LINE('',#3361,#3362);
#3361 = CARTESIAN_POINT('',(-844.31,1.109681397E+03,1.554346841E+03));
#3362 = VECTOR('',#3363,1.);
#3363 = DIRECTION('',(-3.4E-16,-1.,-2.2E-16));
#3364 = ORIENTED_EDGE('',*,*,#3365,.F.);
#3365 = EDGE_CURVE('',#3366,#3358,#3368,.T.);
#3366 = VERTEX_POINT('',#3367);
#3367 = CARTESIAN_POINT('',(-794.31,1.100016226E+03,1.554346841E+03));
#3368 = LINE('',#3369,#3370);
#3369 = CARTESIAN_POINT('',(-794.31,1.100016226E+03,1.554346841E+03));
#3370 = VECTOR('',#3371,1.);
#3371 = DIRECTION('',(-1.,2.3E-16,1.1E-16));
#3372 = ORIENTED_EDGE('',*,*,#3373,.F.);
#3373 = EDGE_CURVE('',#3335,#3366,#3374,.T.);
#3374 = LINE('',#3375,#3376);
#3375 = CARTESIAN_POINT('',(-794.31,1.109681397E+03,1.554346841E+03));
#3376 = VECTOR('',#3377,1.);
#3377 = DIRECTION('',(-3.4E-16,-1.,-2.2E-16));
#3378 = PLANE('',#3379);
#3379 = AXIS2_PLACEMENT_3D('',#3380,#3381,#3382);
#3380 = CARTESIAN_POINT('',(-794.31,1.109681397E+03,1.554346841E+03));
#3381 = DIRECTION('',(1.1E-16,-2.2E-16,1.));
#3382 = DIRECTION('',(-3.4E-16,-1.,-2.2E-16));
#3383 = ADVANCED_FACE('',(#3384),#3409,.F.);
#3384 = FACE_BOUND('',#3385,.F.);
#3385 = EDGE_LOOP('',(#3386,#3387,#3395,#3403));
#3386 = ORIENTED_EDGE('',*,*,#3365,.T.);
#3387 = ORIENTED_EDGE('',*,*,#3388,.T.);
#3388 = EDGE_CURVE('',#3358,#3389,#3391,.T.);
#3389 = VERTEX_POINT('',#3390);
#3390 = CARTESIAN_POINT('',(-844.31,1.100016226E+03,1.569873448751E+03)
  );
#3391 = LINE('',#3392,#3393);
#3392 = CARTESIAN_POINT('',(-844.31,1.100016226E+03,1.554346841E+03));
#3393 = VECTOR('',#3394,1.);
#3394 = DIRECTION('',(2.2E-16,-2.2E-16,1.));
#3395 = ORIENTED_EDGE('',*,*,#3396,.F.);
#3396 = EDGE_CURVE('',#3397,#3389,#3399,.T.);
#3397 = VERTEX_POINT('',#3398);
#3398 = CARTESIAN_POINT('',(-794.31,1.100016226E+03,1.569873448751E+03)
  );
#3399 = LINE('',#3400,#3401);
#3400 = CARTESIAN_POINT('',(-794.31,1.100016226E+03,1.569873448751E+03)
  );
#3401 = VECTOR('',#3402,1.);
#3402 = DIRECTION('',(-1.,2.3E-16,1.1E-16));
#3403 = ORIENTED_EDGE('',*,*,#3404,.F.);
#3404 = EDGE_CURVE('',#3366,#3397,#3405,.T.);
#3405 = LINE('',#3406,#3407);
#3406 = CARTESIAN_POINT('',(-794.31,1.100016226E+03,1.554346841E+03));
#3407 = VECTOR('',#3408,1.);
#3408 = DIRECTION('',(2.2E-16,-2.2E-16,1.));
#3409 = PLANE('',#3410);
#3410 = AXIS2_PLACEMENT_3D('',#3411,#3412,#3413);
#3411 = CARTESIAN_POINT('',(-794.31,1.100016226E+03,1.554346841E+03));
#3412 = DIRECTION('',(2.3E-16,1.,2.2E-16));
#3413 = DIRECTION('',(2.2E-16,-2.2E-16,1.));
#3414 = ADVANCED_FACE('',(#3415),#3440,.F.);
#3415 = FACE_BOUND('',#3416,.F.);
#3416 = EDGE_LOOP('',(#3417,#3418,#3426,#3434));
#3417 = ORIENTED_EDGE('',*,*,#3396,.T.);
#3418 = ORIENTED_EDGE('',*,*,#3419,.T.);
#3419 = EDGE_CURVE('',#3389,#3420,#3422,.T.);
#3420 = VERTEX_POINT('',#3421);
#3421 = CARTESIAN_POINT('',(-844.31,1.100938811825E+03,
    1.569873448751E+03));
#3422 = LINE('',#3423,#3424);
#3423 = CARTESIAN_POINT('',(-844.31,1.100016226E+03,1.569873448751E+03)
  );
#3424 = VECTOR('',#3425,1.);
#3425 = DIRECTION('',(3.4E-16,1.,2.2E-16));
#3426 = ORIENTED_EDGE('',*,*,#3427,.F.);
#3427 = EDGE_CURVE('',#3428,#3420,#3430,.T.);
#3428 = VERTEX_POINT('',#3429);
#3429 = CARTESIAN_POINT('',(-794.31,1.100938811825E+03,
    1.569873448751E+03));
#3430 = LINE('',#3431,#3432);
#3431 = CARTESIAN_POINT('',(-794.31,1.100938811825E+03,
    1.569873448751E+03));
#3432 = VECTOR('',#3433,1.);
#3433 = DIRECTION('',(-1.,2.3E-16,1.1E-16));
#3434 = ORIENTED_EDGE('',*,*,#3435,.F.);
#3435 = EDGE_CURVE('',#3397,#3428,#3436,.T.);
#3436 = LINE('',#3437,#3438);
#3437 = CARTESIAN_POINT('',(-794.31,1.100016226E+03,1.569873448751E+03)
  );
#3438 = VECTOR('',#3439,1.);
#3439 = DIRECTION('',(3.4E-16,1.,2.2E-16));
#3440 = PLANE('',#3441);
#3441 = AXIS2_PLACEMENT_3D('',#3442,#3443,#3444);
#3442 = CARTESIAN_POINT('',(-794.31,1.100016226E+03,1.569873448751E+03)
  );
#3443 = DIRECTION('',(-1.1E-16,2.2E-16,-1.));
#3444 = DIRECTION('',(3.4E-16,1.,2.2E-16));
#3445 = ADVANCED_FACE('',(#3446),#3462,.F.);
#3446 = FACE_BOUND('',#3447,.F.);
#3447 = EDGE_LOOP('',(#3448,#3449,#3455,#3456));
#3448 = ORIENTED_EDGE('',*,*,#3427,.T.);
#3449 = ORIENTED_EDGE('',*,*,#3450,.T.);
#3450 = EDGE_CURVE('',#3420,#3255,#3451,.T.);
#3451 = LINE('',#3452,#3453);
#3452 = CARTESIAN_POINT('',(-844.31,1.100938811825E+03,
    1.569873448751E+03));
#3453 = VECTOR('',#3454,1.);
#3454 = DIRECTION('',(2.2E-16,-2.2E-16,1.));
#3455 = ORIENTED_EDGE('',*,*,#3252,.F.);
#3456 = ORIENTED_EDGE('',*,*,#3457,.F.);
#3457 = EDGE_CURVE('',#3428,#3253,#3458,.T.);
#3458 = LINE('',#3459,#3460);
#3459 = CARTESIAN_POINT('',(-794.31,1.100938811825E+03,
    1.569873448751E+03));
#3460 = VECTOR('',#3461,1.);
#3461 = DIRECTION('',(2.2E-16,-2.2E-16,1.));
#3462 = PLANE('',#3463);
#3463 = AXIS2_PLACEMENT_3D('',#3464,#3465,#3466);
#3464 = CARTESIAN_POINT('',(-794.31,1.100938811825E+03,
    1.569873448751E+03));
#3465 = DIRECTION('',(2.3E-16,1.,2.2E-16));
#3466 = DIRECTION('',(2.2E-16,-2.2E-16,1.));
#3467 = ADVANCED_FACE('',(#3468),#3495,.F.);
#3468 = FACE_BOUND('',#3469,.T.);
#3469 = EDGE_LOOP('',(#3470,#3480,#3487,#3488));
#3470 = ORIENTED_EDGE('',*,*,#3471,.T.);
#3471 = EDGE_CURVE('',#3472,#3474,#3476,.T.);
#3472 = VERTEX_POINT('',#3473);
#3473 = CARTESIAN_POINT('',(-794.31,1.103938811825E+03,
    1.581209979667E+03));
#3474 = VERTEX_POINT('',#3475);
#3475 = CARTESIAN_POINT('',(-844.31,1.103938811825E+03,
    1.581209979667E+03));
#3476 = LINE('',#3477,#3478);
#3477 = CARTESIAN_POINT('',(-794.31,1.103938811825E+03,
    1.581209979667E+03));
#3478 = VECTOR('',#3479,1.);
#3479 = DIRECTION('',(-1.,2.3E-16,1.1E-16));
#3480 = ORIENTED_EDGE('',*,*,#3481,.T.);
#3481 = EDGE_CURVE('',#3474,#3474,#3482,.T.);
#3482 = CIRCLE('',#3483,6.);
#3483 = AXIS2_PLACEMENT_3D('',#3484,#3485,#3486);
#3484 = CARTESIAN_POINT('',(-844.31,1.109938811825E+03,
    1.581209979667E+03));
#3485 = DIRECTION('',(-1.,3.4E-16,2.2E-16));
#3486 = DIRECTION('',(-3.4E-16,-1.,-2.2E-16));
#3487 = ORIENTED_EDGE('',*,*,#3471,.F.);
#3488 = ORIENTED_EDGE('',*,*,#3489,.F.);
#3489 = EDGE_CURVE('',#3472,#3472,#3490,.T.);
#3490 = CIRCLE('',#3491,6.);
#3491 = AXIS2_PLACEMENT_3D('',#3492,#3493,#3494);
#3492 = CARTESIAN_POINT('',(-794.31,1.109938811825E+03,
    1.581209979667E+03));
#3493 = DIRECTION('',(-1.,3.4E-16,2.2E-16));
#3494 = DIRECTION('',(-3.4E-16,-1.,-2.2E-16));
#3495 = CYLINDRICAL_SURFACE('',#3496,6.);
#3496 = AXIS2_PLACEMENT_3D('',#3497,#3498,#3499);
#3497 = CARTESIAN_POINT('',(-794.31,1.109938811825E+03,
    1.581209979667E+03));
#3498 = DIRECTION('',(1.,-3.4E-16,-2.2E-16));
#3499 = DIRECTION('',(-3.4E-16,-1.,-2.2E-16));
#3500 = ADVANCED_FACE('',(#3501,#3510),#3513,.F.);
#3501 = FACE_BOUND('',#3502,.F.);
#3502 = EDGE_LOOP('',(#3503,#3504,#3505,#3506,#3507,#3508,#3509));
#3503 = ORIENTED_EDGE('',*,*,#3279,.T.);
#3504 = ORIENTED_EDGE('',*,*,#3311,.T.);
#3505 = ORIENTED_EDGE('',*,*,#3342,.T.);
#3506 = ORIENTED_EDGE('',*,*,#3373,.T.);
#3507 = ORIENTED_EDGE('',*,*,#3404,.T.);
#3508 = ORIENTED_EDGE('',*,*,#3435,.T.);
#3509 = ORIENTED_EDGE('',*,*,#3457,.T.);
#3510 = FACE_BOUND('',#3511,.T.);
#3511 = EDGE_LOOP('',(#3512));
#3512 = ORIENTED_EDGE('',*,*,#3489,.T.);
#3513 = PLANE('',#3514);
#3514 = AXIS2_PLACEMENT_3D('',#3515,#3516,#3517);
#3515 = CARTESIAN_POINT('',(-794.31,1.108852390565E+03,
    1.574004814309E+03));
#3516 = DIRECTION('',(-1.,3.4E-16,2.2E-16));
#3517 = DIRECTION('',(2.2E-16,0.,1.));
#3518 = ADVANCED_FACE('',(#3519,#3528),#3531,.T.);
#3519 = FACE_BOUND('',#3520,.T.);
#3520 = EDGE_LOOP('',(#3521,#3522,#3523,#3524,#3525,#3526,#3527));
#3521 = ORIENTED_EDGE('',*,*,#3262,.T.);
#3522 = ORIENTED_EDGE('',*,*,#3295,.T.);
#3523 = ORIENTED_EDGE('',*,*,#3326,.T.);
#3524 = ORIENTED_EDGE('',*,*,#3357,.T.);
#3525 = ORIENTED_EDGE('',*,*,#3388,.T.);
#3526 = ORIENTED_EDGE('',*,*,#3419,.T.);
#3527 = ORIENTED_EDGE('',*,*,#3450,.T.);
#3528 = FACE_BOUND('',#3529,.F.);
#3529 = EDGE_LOOP('',(#3530));
#3530 = ORIENTED_EDGE('',*,*,#3481,.T.);
#3531 = PLANE('',#3532);
#3532 = AXIS2_PLACEMENT_3D('',#3533,#3534,#3535);
#3533 = CARTESIAN_POINT('',(-844.31,1.108852390565E+03,
    1.574004814309E+03));
#3534 = DIRECTION('',(-1.,3.4E-16,2.2E-16));
#3535 = DIRECTION('',(2.2E-16,0.,1.));
#3536 = MANIFOLD_SOLID_BREP('',#3537);
#3537 = CLOSED_SHELL('',(#3538,#3580,#3611,#3642,#3673,#3704,#3735,#3757
    ,#3790,#3808));
#3538 = ADVANCED_FACE('',(#3539),#3575,.T.);
#3539 = FACE_BOUND('',#3540,.F.);
#3540 = EDGE_LOOP('',(#3541,#3551,#3560,#3568));
#3541 = ORIENTED_EDGE('',*,*,#3542,.T.);
#3542 = EDGE_CURVE('',#3543,#3545,#3547,.T.);
#3543 = VERTEX_POINT('',#3544);
#3544 = CARTESIAN_POINT('',(205.22,1.100938811825E+03,1.581209979667E+03
    ));
#3545 = VERTEX_POINT('',#3546);
#3546 = CARTESIAN_POINT('',(155.22,1.100938811825E+03,1.581209979667E+03
    ));
#3547 = LINE('',#3548,#3549);
#3548 = CARTESIAN_POINT('',(205.22,1.100938811825E+03,1.581209979667E+03
    ));
#3549 = VECTOR('',#3550,1.);
#3550 = DIRECTION('',(-1.,2.3E-16,1.1E-16));
#3551 = ORIENTED_EDGE('',*,*,#3552,.T.);
#3552 = EDGE_CURVE('',#3545,#3553,#3555,.T.);
#3553 = VERTEX_POINT('',#3554);
#3554 = CARTESIAN_POINT('',(155.22,1.118912730843E+03,1.58052530641E+03)
  );
#3555 = CIRCLE('',#3556,9.);
#3556 = AXIS2_PLACEMENT_3D('',#3557,#3558,#3559);
#3557 = CARTESIAN_POINT('',(155.22,1.109938811825E+03,1.581209979667E+03
    ));
#3558 = DIRECTION('',(-1.,3.4E-16,2.2E-16));
#3559 = DIRECTION('',(-3.4E-16,-1.,-2.2E-16));
#3560 = ORIENTED_EDGE('',*,*,#3561,.F.);
#3561 = EDGE_CURVE('',#3562,#3553,#3564,.T.);
#3562 = VERTEX_POINT('',#3563);
#3563 = CARTESIAN_POINT('',(205.22,1.118912730843E+03,1.58052530641E+03)
  );
#3564 = LINE('',#3565,#3566);
#3565 = CARTESIAN_POINT('',(205.22,1.118912730843E+03,1.58052530641E+03)
  );
#3566 = VECTOR('',#3567,1.);
#3567 = DIRECTION('',(-1.,2.3E-16,1.1E-16));
#3568 = ORIENTED_EDGE('',*,*,#3569,.F.);
#3569 = EDGE_CURVE('',#3543,#3562,#3570,.T.);
#3570 = CIRCLE('',#3571,9.);
#3571 = AXIS2_PLACEMENT_3D('',#3572,#3573,#3574);
#3572 = CARTESIAN_POINT('',(205.22,1.109938811825E+03,1.581209979667E+03
    ));
#3573 = DIRECTION('',(-1.,3.4E-16,2.2E-16));
#3574 = DIRECTION('',(-3.4E-16,-1.,-2.2E-16));
#3575 = CYLINDRICAL_SURFACE('',#3576,9.);
#3576 = AXIS2_PLACEMENT_3D('',#3577,#3578,#3579);
#3577 = CARTESIAN_POINT('',(205.22,1.109938811825E+03,1.581209979667E+03
    ));
#3578 = DIRECTION('',(1.,-3.4E-16,-2.2E-16));
#3579 = DIRECTION('',(-3.4E-16,-1.,-2.2E-16));
#3580 = ADVANCED_FACE('',(#3581),#3606,.F.);
#3581 = FACE_BOUND('',#3582,.F.);
#3582 = EDGE_LOOP('',(#3583,#3584,#3592,#3600));
#3583 = ORIENTED_EDGE('',*,*,#3561,.T.);
#3584 = ORIENTED_EDGE('',*,*,#3585,.T.);
#3585 = EDGE_CURVE('',#3553,#3586,#3588,.T.);
#3586 = VERTEX_POINT('',#3587);
#3587 = CARTESIAN_POINT('',(155.22,1.118912730843E+03,1.570120278E+03));
#3588 = LINE('',#3589,#3590);
#3589 = CARTESIAN_POINT('',(155.22,1.118912730843E+03,1.58052530641E+03)
  );
#3590 = VECTOR('',#3591,1.);
#3591 = DIRECTION('',(-2.2E-16,2.2E-16,-1.));
#3592 = ORIENTED_EDGE('',*,*,#3593,.F.);
#3593 = EDGE_CURVE('',#3594,#3586,#3596,.T.);
#3594 = VERTEX_POINT('',#3595);
#3595 = CARTESIAN_POINT('',(205.22,1.118912730843E+03,1.570120278E+03));
#3596 = LINE('',#3597,#3598);
#3597 = CARTESIAN_POINT('',(205.22,1.118912730843E+03,1.570120278E+03));
#3598 = VECTOR('',#3599,1.);
#3599 = DIRECTION('',(-1.,2.3E-16,1.1E-16));
#3600 = ORIENTED_EDGE('',*,*,#3601,.F.);
#3601 = EDGE_CURVE('',#3562,#3594,#3602,.T.);
#3602 = LINE('',#3603,#3604);
#3603 = CARTESIAN_POINT('',(205.22,1.118912730843E+03,1.58052530641E+03)
  );
#3604 = VECTOR('',#3605,1.);
#3605 = DIRECTION('',(-2.2E-16,2.2E-16,-1.));
#3606 = PLANE('',#3607);
#3607 = AXIS2_PLACEMENT_3D('',#3608,#3609,#3610);
#3608 = CARTESIAN_POINT('',(205.22,1.118912730843E+03,1.58052530641E+03)
  );
#3609 = DIRECTION('',(-2.3E-16,-1.,-2.2E-16));
#3610 = DIRECTION('',(-2.2E-16,2.2E-16,-1.));
#3611 = ADVANCED_FACE('',(#3612),#3637,.F.);
#3612 = FACE_BOUND('',#3613,.F.);
#3613 = EDGE_LOOP('',(#3614,#3615,#3623,#3631));
#3614 = ORIENTED_EDGE('',*,*,#3593,.T.);
#3615 = ORIENTED_EDGE('',*,*,#3616,.T.);
#3616 = EDGE_CURVE('',#3586,#3617,#3619,.T.);
#3617 = VERTEX_POINT('',#3618);
#3618 = CARTESIAN_POINT('',(155.22,1.109681397E+03,1.554346841E+03));
#3619 = LINE('',#3620,#3621);
#3620 = CARTESIAN_POINT('',(155.22,1.118912730843E+03,1.570120278E+03));
#3621 = VECTOR('',#3622,1.);
#3622 = DIRECTION('',(-3.6E-16,-0.505101869379,-0.863059732319));
#3623 = ORIENTED_EDGE('',*,*,#3624,.F.);
#3624 = EDGE_CURVE('',#3625,#3617,#3627,.T.);
#3625 = VERTEX_POINT('',#3626);
#3626 = CARTESIAN_POINT('',(205.22,1.109681397E+03,1.554346841E+03));
#3627 = LINE('',#3628,#3629);
#3628 = CARTESIAN_POINT('',(205.22,1.109681397E+03,1.554346841E+03));
#3629 = VECTOR('',#3630,1.);
#3630 = DIRECTION('',(-1.,2.3E-16,1.1E-16));
#3631 = ORIENTED_EDGE('',*,*,#3632,.F.);
#3632 = EDGE_CURVE('',#3594,#3625,#3633,.T.);
#3633 = LINE('',#3634,#3635);
#3634 = CARTESIAN_POINT('',(205.22,1.118912730843E+03,1.570120278E+03));
#3635 = VECTOR('',#3636,1.);
#3636 = DIRECTION('',(-3.6E-16,-0.505101869379,-0.863059732319));
#3637 = PLANE('',#3638);
#3638 = AXIS2_PLACEMENT_3D('',#3639,#3640,#3641);
#3639 = CARTESIAN_POINT('',(205.22,1.118912730843E+03,1.570120278E+03));
#3640 = DIRECTION('',(-1.5E-16,-0.863059732319,0.505101869379));
#3641 = DIRECTION('',(-3.6E-16,-0.505101869379,-0.863059732319));
#3642 = ADVANCED_FACE('',(#3643),#3668,.F.);
#3643 = FACE_BOUND('',#3644,.F.);
#3644 = EDGE_LOOP('',(#3645,#3646,#3654,#3662));
#3645 = ORIENTED_EDGE('',*,*,#3624,.T.);
#3646 = ORIENTED_EDGE('',*,*,#3647,.T.);
#3647 = EDGE_CURVE('',#3617,#3648,#3650,.T.);
#3648 = VERTEX_POINT('',#3649);
#3649 = CARTESIAN_POINT('',(155.22,1.100016226E+03,1.554346841E+03));
#3650 = LINE('',#3651,#3652);
#3651 = CARTESIAN_POINT('',(155.22,1.109681397E+03,1.554346841E+03));
#3652 = VECTOR('',#3653,1.);
#3653 = DIRECTION('',(-3.4E-16,-1.,-2.2E-16));
#3654 = ORIENTED_EDGE('',*,*,#3655,.F.);
#3655 = EDGE_CURVE('',#3656,#3648,#3658,.T.);
#3656 = VERTEX_POINT('',#3657);
#3657 = CARTESIAN_POINT('',(205.22,1.100016226E+03,1.554346841E+03));
#3658 = LINE('',#3659,#3660);
#3659 = CARTESIAN_POINT('',(205.22,1.100016226E+03,1.554346841E+03));
#3660 = VECTOR('',#3661,1.);
#3661 = DIRECTION('',(-1.,2.3E-16,1.1E-16));
#3662 = ORIENTED_EDGE('',*,*,#3663,.F.);
#3663 = EDGE_CURVE('',#3625,#3656,#3664,.T.);
#3664 = LINE('',#3665,#3666);
#3665 = CARTESIAN_POINT('',(205.22,1.109681397E+03,1.554346841E+03));
#3666 = VECTOR('',#3667,1.);
#3667 = DIRECTION('',(-3.4E-16,-1.,-2.2E-16));
#3668 = PLANE('',#3669);
#3669 = AXIS2_PLACEMENT_3D('',#3670,#3671,#3672);
#3670 = CARTESIAN_POINT('',(205.22,1.109681397E+03,1.554346841E+03));
#3671 = DIRECTION('',(1.1E-16,-2.2E-16,1.));
#3672 = DIRECTION('',(-3.4E-16,-1.,-2.2E-16));
#3673 = ADVANCED_FACE('',(#3674),#3699,.F.);
#3674 = FACE_BOUND('',#3675,.F.);
#3675 = EDGE_LOOP('',(#3676,#3677,#3685,#3693));
#3676 = ORIENTED_EDGE('',*,*,#3655,.T.);
#3677 = ORIENTED_EDGE('',*,*,#3678,.T.);
#3678 = EDGE_CURVE('',#3648,#3679,#3681,.T.);
#3679 = VERTEX_POINT('',#3680);
#3680 = CARTESIAN_POINT('',(155.22,1.100016226E+03,1.569873448751E+03));
#3681 = LINE('',#3682,#3683);
#3682 = CARTESIAN_POINT('',(155.22,1.100016226E+03,1.554346841E+03));
#3683 = VECTOR('',#3684,1.);
#3684 = DIRECTION('',(2.2E-16,-2.2E-16,1.));
#3685 = ORIENTED_EDGE('',*,*,#3686,.F.);
#3686 = EDGE_CURVE('',#3687,#3679,#3689,.T.);
#3687 = VERTEX_POINT('',#3688);
#3688 = CARTESIAN_POINT('',(205.22,1.100016226E+03,1.569873448751E+03));
#3689 = LINE('',#3690,#3691);
#3690 = CARTESIAN_POINT('',(205.22,1.100016226E+03,1.569873448751E+03));
#3691 = VECTOR('',#3692,1.);
#3692 = DIRECTION('',(-1.,2.3E-16,1.1E-16));
#3693 = ORIENTED_EDGE('',*,*,#3694,.F.);
#3694 = EDGE_CURVE('',#3656,#3687,#3695,.T.);
#3695 = LINE('',#3696,#3697);
#3696 = CARTESIAN_POINT('',(205.22,1.100016226E+03,1.554346841E+03));
#3697 = VECTOR('',#3698,1.);
#3698 = DIRECTION('',(2.2E-16,-2.2E-16,1.));
#3699 = PLANE('',#3700);
#3700 = AXIS2_PLACEMENT_3D('',#3701,#3702,#3703);
#3701 = CARTESIAN_POINT('',(205.22,1.100016226E+03,1.554346841E+03));
#3702 = DIRECTION('',(2.3E-16,1.,2.2E-16));
#3703 = DIRECTION('',(2.2E-16,-2.2E-16,1.));
#3704 = ADVANCED_FACE('',(#3705),#3730,.F.);
#3705 = FACE_BOUND('',#3706,.F.);
#3706 = EDGE_LOOP('',(#3707,#3708,#3716,#3724));
#3707 = ORIENTED_EDGE('',*,*,#3686,.T.);
#3708 = ORIENTED_EDGE('',*,*,#3709,.T.);
#3709 = EDGE_CURVE('',#3679,#3710,#3712,.T.);
#3710 = VERTEX_POINT('',#3711);
#3711 = CARTESIAN_POINT('',(155.22,1.100938811825E+03,1.569873448751E+03
    ));
#3712 = LINE('',#3713,#3714);
#3713 = CARTESIAN_POINT('',(155.22,1.100016226E+03,1.569873448751E+03));
#3714 = VECTOR('',#3715,1.);
#3715 = DIRECTION('',(3.4E-16,1.,2.2E-16));
#3716 = ORIENTED_EDGE('',*,*,#3717,.F.);
#3717 = EDGE_CURVE('',#3718,#3710,#3720,.T.);
#3718 = VERTEX_POINT('',#3719);
#3719 = CARTESIAN_POINT('',(205.22,1.100938811825E+03,1.569873448751E+03
    ));
#3720 = LINE('',#3721,#3722);
#3721 = CARTESIAN_POINT('',(205.22,1.100938811825E+03,1.569873448751E+03
    ));
#3722 = VECTOR('',#3723,1.);
#3723 = DIRECTION('',(-1.,2.3E-16,1.1E-16));
#3724 = ORIENTED_EDGE('',*,*,#3725,.F.);
#3725 = EDGE_CURVE('',#3687,#3718,#3726,.T.);
#3726 = LINE('',#3727,#3728);
#3727 = CARTESIAN_POINT('',(205.22,1.100016226E+03,1.569873448751E+03));
#3728 = VECTOR('',#3729,1.);
#3729 = DIRECTION('',(3.4E-16,1.,2.2E-16));
#3730 = PLANE('',#3731);
#3731 = AXIS2_PLACEMENT_3D('',#3732,#3733,#3734);
#3732 = CARTESIAN_POINT('',(205.22,1.100016226E+03,1.569873448751E+03));
#3733 = DIRECTION('',(-1.1E-16,2.2E-16,-1.));
#3734 = DIRECTION('',(3.4E-16,1.,2.2E-16));
#3735 = ADVANCED_FACE('',(#3736),#3752,.F.);
#3736 = FACE_BOUND('',#3737,.F.);
#3737 = EDGE_LOOP('',(#3738,#3739,#3745,#3746));
#3738 = ORIENTED_EDGE('',*,*,#3717,.T.);
#3739 = ORIENTED_EDGE('',*,*,#3740,.T.);
#3740 = EDGE_CURVE('',#3710,#3545,#3741,.T.);
#3741 = LINE('',#3742,#3743);
#3742 = CARTESIAN_POINT('',(155.22,1.100938811825E+03,1.569873448751E+03
    ));
#3743 = VECTOR('',#3744,1.);
#3744 = DIRECTION('',(2.2E-16,-2.2E-16,1.));
#3745 = ORIENTED_EDGE('',*,*,#3542,.F.);
#3746 = ORIENTED_EDGE('',*,*,#3747,.F.);
#3747 = EDGE_CURVE('',#3718,#3543,#3748,.T.);
#3748 = LINE('',#3749,#3750);
#3749 = CARTESIAN_POINT('',(205.22,1.100938811825E+03,1.569873448751E+03
    ));
#3750 = VECTOR('',#3751,1.);
#3751 = DIRECTION('',(2.2E-16,-2.2E-16,1.));
#3752 = PLANE('',#3753);
#3753 = AXIS2_PLACEMENT_3D('',#3754,#3755,#3756);
#3754 = CARTESIAN_POINT('',(205.22,1.100938811825E+03,1.569873448751E+03
    ));
#3755 = DIRECTION('',(2.3E-16,1.,2.2E-16));
#3756 = DIRECTION('',(2.2E-16,-2.2E-16,1.));
#3757 = ADVANCED_FACE('',(#3758),#3785,.F.);
#3758 = FACE_BOUND('',#3759,.T.);
#3759 = EDGE_LOOP('',(#3760,#3770,#3777,#3778));
#3760 = ORIENTED_EDGE('',*,*,#3761,.T.);
#3761 = EDGE_CURVE('',#3762,#3764,#3766,.T.);
#3762 = VERTEX_POINT('',#3763);
#3763 = CARTESIAN_POINT('',(205.22,1.103938811825E+03,1.581209979667E+03
    ));
#3764 = VERTEX_POINT('',#3765);
#3765 = CARTESIAN_POINT('',(155.22,1.103938811825E+03,1.581209979667E+03
    ));
#3766 = LINE('',#3767,#3768);
#3767 = CARTESIAN_POINT('',(205.22,1.103938811825E+03,1.581209979667E+03
    ));
#3768 = VECTOR('',#3769,1.);
#3769 = DIRECTION('',(-1.,2.3E-16,1.1E-16));
#3770 = ORIENTED_EDGE('',*,*,#3771,.T.);
#3771 = EDGE_CURVE('',#3764,#3764,#3772,.T.);
#3772 = CIRCLE('',#3773,6.);
#3773 = AXIS2_PLACEMENT_3D('',#3774,#3775,#3776);
#3774 = CARTESIAN_POINT('',(155.22,1.109938811825E+03,1.581209979667E+03
    ));
#3775 = DIRECTION('',(-1.,3.4E-16,2.2E-16));
#3776 = DIRECTION('',(-3.4E-16,-1.,-2.2E-16));
#3777 = ORIENTED_EDGE('',*,*,#3761,.F.);
#3778 = ORIENTED_EDGE('',*,*,#3779,.F.);
#3779 = EDGE_CURVE('',#3762,#3762,#3780,.T.);
#3780 = CIRCLE('',#3781,6.);
#3781 = AXIS2_PLACEMENT_3D('',#3782,#3783,#3784);
#3782 = CARTESIAN_POINT('',(205.22,1.109938811825E+03,1.581209979667E+03
    ));
#3783 = DIRECTION('',(-1.,3.4E-16,2.2E-16));
#3784 = DIRECTION('',(-3.4E-16,-1.,-2.2E-16));
#3785 = CYLINDRICAL_SURFACE('',#3786,6.);
#3786 = AXIS2_PLACEMENT_3D('',#3787,#3788,#3789);
#3787 = CARTESIAN_POINT('',(205.22,1.109938811825E+03,1.581209979667E+03
    ));
#3788 = DIRECTION('',(1.,-3.4E-16,-2.2E-16));
#3789 = DIRECTION('',(-3.4E-16,-1.,-2.2E-16));
#3790 = ADVANCED_FACE('',(#3791,#3800),#3803,.F.);
#3791 = FACE_BOUND('',#3792,.F.);
#3792 = EDGE_LOOP('',(#3793,#3794,#3795,#3796,#3797,#3798,#3799));
#3793 = ORIENTED_EDGE('',*,*,#3569,.T.);
#3794 = ORIENTED_EDGE('',*,*,#3601,.T.);
#3795 = ORIENTED_EDGE('',*,*,#3632,.T.);
#3796 = ORIENTED_EDGE('',*,*,#3663,.T.);
#3797 = ORIENTED_EDGE('',*,*,#3694,.T.);
#3798 = ORIENTED_EDGE('',*,*,#3725,.T.);
#3799 = ORIENTED_EDGE('',*,*,#3747,.T.);
#3800 = FACE_BOUND('',#3801,.T.);
#3801 = EDGE_LOOP('',(#3802));
#3802 = ORIENTED_EDGE('',*,*,#3779,.T.);
#3803 = PLANE('',#3804);
#3804 = AXIS2_PLACEMENT_3D('',#3805,#3806,#3807);
#3805 = CARTESIAN_POINT('',(205.22,1.108852390565E+03,1.574004814309E+03
    ));
#3806 = DIRECTION('',(-1.,3.4E-16,2.2E-16));
#3807 = DIRECTION('',(2.2E-16,0.,1.));
#3808 = ADVANCED_FACE('',(#3809,#3818),#3821,.T.);
#3809 = FACE_BOUND('',#3810,.T.);
#3810 = EDGE_LOOP('',(#3811,#3812,#3813,#3814,#3815,#3816,#3817));
#3811 = ORIENTED_EDGE('',*,*,#3552,.T.);
#3812 = ORIENTED_EDGE('',*,*,#3585,.T.);
#3813 = ORIENTED_EDGE('',*,*,#3616,.T.);
#3814 = ORIENTED_EDGE('',*,*,#3647,.T.);
#3815 = ORIENTED_EDGE('',*,*,#3678,.T.);
#3816 = ORIENTED_EDGE('',*,*,#3709,.T.);
#3817 = ORIENTED_EDGE('',*,*,#3740,.T.);
#3818 = FACE_BOUND('',#3819,.F.);
#3819 = EDGE_LOOP('',(#3820));
#3820 = ORIENTED_EDGE('',*,*,#3771,.T.);
#3821 = PLANE('',#3822);
#3822 = AXIS2_PLACEMENT_3D('',#3823,#3824,#3825);
#3823 = CARTESIAN_POINT('',(155.22,1.108852390565E+03,1.574004814309E+03
    ));
#3824 = DIRECTION('',(-1.,3.4E-16,2.2E-16));
#3825 = DIRECTION('',(2.2E-16,0.,1.));
#3826 = ( GEOMETRIC_REPRESENTATION_CONTEXT(3) 
GLOBAL_UNCERTAINTY_ASSIGNED_CONTEXT((#3830)) 
GLOBAL_UNIT_ASSIGNED_CONTEXT((#3827,#3828,#3829)) REPRESENTATION_CONTEXT
('Context #1','3D Context with UNIT and UNCERTAINTY') );
#3827 = ( LENGTH_UNIT() NAMED_UNIT(*) SI_UNIT(.MILLI.,.METRE.) );
#3828 = ( NAMED_UNIT(*) PLANE_ANGLE_UNIT() SI_UNIT($,.RADIAN.) );
#3829 = ( NAMED_UNIT(*) SI_UNIT($,.STERADIAN.) SOLID_ANGLE_UNIT() );
#3830 = UNCERTAINTY_MEASURE_WITH_UNIT(LENGTH_MEASURE(1.E-07),#3827,
  'distance_accuracy_value','confusion accuracy');
#3831 = CONTEXT_DEPENDENT_SHAPE_REPRESENTATION(#3832,#3834);
#3832 = ( REPRESENTATION_RELATIONSHIP('','',#2375,#10) 
REPRESENTATION_RELATIONSHIP_WITH_TRANSFORMATION(#3833) 
SHAPE_REPRESENTATION_RELATIONSHIP() );
#3833 = ITEM_DEFINED_TRANSFORMATION('','',#11,#35);
#3834 = PRODUCT_DEFINITION_SHAPE('Placement','Placement of an item',
  #3835);
#3835 = NEXT_ASSEMBLY_USAGE_OCCURRENCE('13','Fusion (mirrored)','',#5,
  #2370,$);
#3836 = PRODUCT_RELATED_PRODUCT_CATEGORY('part',$,(#2372));
#3837 = SHAPE_DEFINITION_REPRESENTATION(#3838,#3844);
#3838 = PRODUCT_DEFINITION_SHAPE('','',#3839);
#3839 = PRODUCT_DEFINITION('design','',#3840,#3843);
#3840 = PRODUCT_DEFINITION_FORMATION('','',#3841);
#3841 = PRODUCT('hinge','hinge','',(#3842));
#3842 = PRODUCT_CONTEXT('',#2,'mechanical');
#3843 = PRODUCT_DEFINITION_CONTEXT('part definition',#2,'design');
#3844 = SHAPE_REPRESENTATION('',(#11,#3845),#3849);
#3845 = AXIS2_PLACEMENT_3D('',#3846,#3847,#3848);
#3846 = CARTESIAN_POINT('',(-565.2274705076,950.9971610945,
    -1.369916505921E+03));
#3847 = DIRECTION('',(0.,0.,1.));
#3848 = DIRECTION('',(1.,0.,0.));
#3849 = ( GEOMETRIC_REPRESENTATION_CONTEXT(3) 
GLOBAL_UNCERTAINTY_ASSIGNED_CONTEXT((#3853)) 
GLOBAL_UNIT_ASSIGNED_CONTEXT((#3850,#3851,#3852)) REPRESENTATION_CONTEXT
('Context #1','3D Context with UNIT and UNCERTAINTY') );
#3850 = ( LENGTH_UNIT() NAMED_UNIT(*) SI_UNIT(.MILLI.,.METRE.) );
#3851 = ( NAMED_UNIT(*) PLANE_ANGLE_UNIT() SI_UNIT($,.RADIAN.) );
#3852 = ( NAMED_UNIT(*) SI_UNIT($,.STERADIAN.) SOLID_ANGLE_UNIT() );
#3853 = UNCERTAINTY_MEASURE_WITH_UNIT(LENGTH_MEASURE(1.E-07),#3850,
  'distance_accuracy_value','confusion accuracy');
#3854 = CONTEXT_DEPENDENT_SHAPE_REPRESENTATION(#3855,#3857);
#3855 = ( REPRESENTATION_RELATIONSHIP('','',#3844,#10) 
REPRESENTATION_RELATIONSHIP_WITH_TRANSFORMATION(#3856) 
SHAPE_REPRESENTATION_RELATIONSHIP() );
#3856 = ITEM_DEFINED_TRANSFORMATION('','',#11,#39);
#3857 = PRODUCT_DEFINITION_SHAPE('Placement','Placement of an item',
  #3858);
#3858 = NEXT_ASSEMBLY_USAGE_OCCURRENCE('15','hinge','',#5,#3839,$);
#3859 = PRODUCT_RELATED_PRODUCT_CATEGORY('part',$,(#3841));
#3860 = SHAPE_DEFINITION_REPRESENTATION(#3861,#3867);
#3861 = PRODUCT_DEFINITION_SHAPE('','',#3862);
#3862 = PRODUCT_DEFINITION('design','',#3863,#3866);
#3863 = PRODUCT_DEFINITION_FORMATION('','',#3864);
#3864 = PRODUCT('Body007','Body007','',(#3865));
#3865 = PRODUCT_CONTEXT('',#2,'mechanical');
#3866 = PRODUCT_DEFINITION_CONTEXT('part definition',#2,'design');
#3867 = ADVANCED_BREP_SHAPE_REPRESENTATION('',(#11,#3868),#4059);
#3868 = MANIFOLD_SOLID_BREP('',#3869);
#3869 = CLOSED_SHELL('',(#3870,#3910,#3941,#3974,#3996,#4029,#4044));
#3870 = ADVANCED_FACE('',(#3871),#3905,.F.);
#3871 = FACE_BOUND('',#3872,.F.);
#3872 = EDGE_LOOP('',(#3873,#3883,#3891,#3899));
#3873 = ORIENTED_EDGE('',*,*,#3874,.T.);
#3874 = EDGE_CURVE('',#3875,#3877,#3879,.T.);
#3875 = VERTEX_POINT('',#3876);
#3876 = CARTESIAN_POINT('',(540.1020503653,-900.9971610945,
    1.393916505921E+03));
#3877 = VERTEX_POINT('',#3878);
#3878 = CARTESIAN_POINT('',(540.1020503653,-950.9971610945,
    1.393916505921E+03));
#3879 = LINE('',#3880,#3881);
#3880 = CARTESIAN_POINT('',(540.1020503653,-900.9971610945,
    1.393916505921E+03));
#3881 = VECTOR('',#3882,1.);
#3882 = DIRECTION('',(0.,-1.,-3.3E-16));
#3883 = ORIENTED_EDGE('',*,*,#3884,.T.);
#3884 = EDGE_CURVE('',#3877,#3885,#3887,.T.);
#3885 = VERTEX_POINT('',#3886);
#3886 = CARTESIAN_POINT('',(540.1020503653,-950.9971610945,
    1.345916505921E+03));
#3887 = LINE('',#3888,#3889);
#3888 = CARTESIAN_POINT('',(540.1020503653,-950.9971610945,
    1.393916505921E+03));
#3889 = VECTOR('',#3890,1.);
#3890 = DIRECTION('',(0.,0.,-1.));
#3891 = ORIENTED_EDGE('',*,*,#3892,.F.);
#3892 = EDGE_CURVE('',#3893,#3885,#3895,.T.);
#3893 = VERTEX_POINT('',#3894);
#3894 = CARTESIAN_POINT('',(540.1020503653,-900.9971610945,
    1.345916505921E+03));
#3895 = LINE('',#3896,#3897);
#3896 = CARTESIAN_POINT('',(540.1020503653,-900.9971610945,
    1.345916505921E+03));
#3897 = VECTOR('',#3898,1.);
#3898 = DIRECTION('',(0.,-1.,-3.3E-16));
#3899 = ORIENTED_EDGE('',*,*,#3900,.F.);
#3900 = EDGE_CURVE('',#3875,#3893,#3901,.T.);
#3901 = LINE('',#3902,#3903);
#3902 = CARTESIAN_POINT('',(540.1020503653,-900.9971610945,
    1.393916505921E+03));
#3903 = VECTOR('',#3904,1.);
#3904 = DIRECTION('',(0.,0.,-1.));
#3905 = PLANE('',#3906);
#3906 = AXIS2_PLACEMENT_3D('',#3907,#3908,#3909);
#3907 = CARTESIAN_POINT('',(540.1020503653,-900.9971610945,
    1.393916505921E+03));
#3908 = DIRECTION('',(1.,0.,0.));
#3909 = DIRECTION('',(0.,2.2E-16,-1.));
#3910 = ADVANCED_FACE('',(#3911),#3936,.F.);
#3911 = FACE_BOUND('',#3912,.F.);
#3912 = EDGE_LOOP('',(#3913,#3914,#3922,#3930));
#3913 = ORIENTED_EDGE('',*,*,#3892,.T.);
#3914 = ORIENTED_EDGE('',*,*,#3915,.T.);
#3915 = EDGE_CURVE('',#3885,#3916,#3918,.T.);
#3916 = VERTEX_POINT('',#3917);
#3917 = CARTESIAN_POINT('',(565.22747050761,-950.9971610945,
    1.345916505921E+03));
#3918 = LINE('',#3919,#3920);
#3919 = CARTESIAN_POINT('',(540.1020503653,-950.9971610945,
    1.345916505921E+03));
#3920 = VECTOR('',#3921,1.);
#3921 = DIRECTION('',(1.,0.,0.));
#3922 = ORIENTED_EDGE('',*,*,#3923,.F.);
#3923 = EDGE_CURVE('',#3924,#3916,#3926,.T.);
#3924 = VERTEX_POINT('',#3925);
#3925 = CARTESIAN_POINT('',(565.22747050761,-900.9971610945,
    1.345916505921E+03));
#3926 = LINE('',#3927,#3928);
#3927 = CARTESIAN_POINT('',(565.22747050761,-900.9971610945,
    1.345916505921E+03));
#3928 = VECTOR('',#3929,1.);
#3929 = DIRECTION('',(0.,-1.,-3.3E-16));
#3930 = ORIENTED_EDGE('',*,*,#3931,.F.);
#3931 = EDGE_CURVE('',#3893,#3924,#3932,.T.);
#3932 = LINE('',#3933,#3934);
#3933 = CARTESIAN_POINT('',(540.1020503653,-900.9971610945,
    1.345916505921E+03));
#3934 = VECTOR('',#3935,1.);
#3935 = DIRECTION('',(1.,0.,0.));
#3936 = PLANE('',#3937);
#3937 = AXIS2_PLACEMENT_3D('',#3938,#3939,#3940);
#3938 = CARTESIAN_POINT('',(540.1020503653,-900.9971610945,
    1.345916505921E+03));
#3939 = DIRECTION('',(0.,-3.3E-16,1.));
#3940 = DIRECTION('',(1.,0.,0.));
#3941 = ADVANCED_FACE('',(#3942),#3969,.T.);
#3942 = FACE_BOUND('',#3943,.T.);
#3943 = EDGE_LOOP('',(#3944,#3953,#3961,#3968));
#3944 = ORIENTED_EDGE('',*,*,#3945,.T.);
#3945 = EDGE_CURVE('',#3924,#3946,#3948,.T.);
#3946 = VERTEX_POINT('',#3947);
#3947 = CARTESIAN_POINT('',(565.22747050761,-900.9971610945,
    1.393916505921E+03));
#3948 = CIRCLE('',#3949,24.);
#3949 = AXIS2_PLACEMENT_3D('',#3950,#3951,#3952);
#3950 = CARTESIAN_POINT('',(565.22747050761,-900.9971610945,
    1.369916505921E+03));
#3951 = DIRECTION('',(0.,-1.,0.));
#3952 = DIRECTION('',(1.,0.,0.));
#3953 = ORIENTED_EDGE('',*,*,#3954,.T.);
#3954 = EDGE_CURVE('',#3946,#3955,#3957,.T.);
#3955 = VERTEX_POINT('',#3956);
#3956 = CARTESIAN_POINT('',(565.22747050761,-950.9971610945,
    1.393916505921E+03));
#3957 = LINE('',#3958,#3959);
#3958 = CARTESIAN_POINT('',(565.22747050761,-900.9971610945,
    1.393916505921E+03));
#3959 = VECTOR('',#3960,1.);
#3960 = DIRECTION('',(0.,-1.,-3.3E-16));
#3961 = ORIENTED_EDGE('',*,*,#3962,.F.);
#3962 = EDGE_CURVE('',#3916,#3955,#3963,.T.);
#3963 = CIRCLE('',#3964,24.);
#3964 = AXIS2_PLACEMENT_3D('',#3965,#3966,#3967);
#3965 = CARTESIAN_POINT('',(565.22747050761,-950.9971610945,
    1.369916505921E+03));
#3966 = DIRECTION('',(0.,-1.,0.));
#3967 = DIRECTION('',(1.,0.,0.));
#3968 = ORIENTED_EDGE('',*,*,#3923,.F.);
#3969 = CYLINDRICAL_SURFACE('',#3970,24.);
#3970 = AXIS2_PLACEMENT_3D('',#3971,#3972,#3973);
#3971 = CARTESIAN_POINT('',(565.22747050761,-900.9971610945,
    1.369916505921E+03));
#3972 = DIRECTION('',(0.,1.,2.2E-16));
#3973 = DIRECTION('',(1.,0.,-0.));
#3974 = ADVANCED_FACE('',(#3975),#3991,.T.);
#3975 = FACE_BOUND('',#3976,.T.);
#3976 = EDGE_LOOP('',(#3977,#3978,#3984,#3985));
#3977 = ORIENTED_EDGE('',*,*,#3874,.T.);
#3978 = ORIENTED_EDGE('',*,*,#3979,.T.);
#3979 = EDGE_CURVE('',#3877,#3955,#3980,.T.);
#3980 = LINE('',#3981,#3982);
#3981 = CARTESIAN_POINT('',(540.1020503653,-950.9971610945,
    1.393916505921E+03));
#3982 = VECTOR('',#3983,1.);
#3983 = DIRECTION('',(1.,0.,0.));
#3984 = ORIENTED_EDGE('',*,*,#3954,.F.);
#3985 = ORIENTED_EDGE('',*,*,#3986,.F.);
#3986 = EDGE_CURVE('',#3875,#3946,#3987,.T.);
#3987 = LINE('',#3988,#3989);
#3988 = CARTESIAN_POINT('',(540.1020503653,-900.9971610945,
    1.393916505921E+03));
#3989 = VECTOR('',#3990,1.);
#3990 = DIRECTION('',(1.,0.,0.));
#3991 = PLANE('',#3992);
#3992 = AXIS2_PLACEMENT_3D('',#3993,#3994,#3995);
#3993 = CARTESIAN_POINT('',(540.1020503653,-900.9971610945,
    1.393916505921E+03));
#3994 = DIRECTION('',(0.,-3.3E-16,1.));
#3995 = DIRECTION('',(1.,0.,0.));
#3996 = ADVANCED_FACE('',(#3997),#4024,.F.);
#3997 = FACE_BOUND('',#3998,.F.);
#3998 = EDGE_LOOP('',(#3999,#4008,#4016,#4023));
#3999 = ORIENTED_EDGE('',*,*,#4000,.T.);
#4000 = EDGE_CURVE('',#4001,#4001,#4003,.T.);
#4001 = VERTEX_POINT('',#4002);
#4002 = CARTESIAN_POINT('',(577.22747050761,-900.9971610945,
    1.369916505921E+03));
#4003 = CIRCLE('',#4004,12.);
#4004 = AXIS2_PLACEMENT_3D('',#4005,#4006,#4007);
#4005 = CARTESIAN_POINT('',(565.22747050761,-900.9971610945,
    1.369916505921E+03));
#4006 = DIRECTION('',(0.,-1.,0.));
#4007 = DIRECTION('',(1.,0.,0.));
#4008 = ORIENTED_EDGE('',*,*,#4009,.T.);
#4009 = EDGE_CURVE('',#4001,#4010,#4012,.T.);
#4010 = VERTEX_POINT('',#4011);
#4011 = CARTESIAN_POINT('',(577.22747050761,-950.9971610945,
    1.369916505921E+03));
#4012 = LINE('',#4013,#4014);
#4013 = CARTESIAN_POINT('',(577.22747050761,-900.9971610945,
    1.369916505921E+03));
#4014 = VECTOR('',#4015,1.);
#4015 = DIRECTION('',(0.,-1.,-3.3E-16));
#4016 = ORIENTED_EDGE('',*,*,#4017,.F.);
#4017 = EDGE_CURVE('',#4010,#4010,#4018,.T.);
#4018 = CIRCLE('',#4019,12.);
#4019 = AXIS2_PLACEMENT_3D('',#4020,#4021,#4022);
#4020 = CARTESIAN_POINT('',(565.22747050761,-950.9971610945,
    1.369916505921E+03));
#4021 = DIRECTION('',(0.,-1.,0.));
#4022 = DIRECTION('',(1.,0.,0.));
#4023 = ORIENTED_EDGE('',*,*,#4009,.F.);
#4024 = CYLINDRICAL_SURFACE('',#4025,12.);
#4025 = AXIS2_PLACEMENT_3D('',#4026,#4027,#4028);
#4026 = CARTESIAN_POINT('',(565.22747050761,-900.9971610945,
    1.369916505921E+03));
#4027 = DIRECTION('',(0.,1.,2.2E-16));
#4028 = DIRECTION('',(1.,0.,-0.));
#4029 = ADVANCED_FACE('',(#4030,#4036),#4039,.T.);
#4030 = FACE_BOUND('',#4031,.F.);
#4031 = EDGE_LOOP('',(#4032,#4033,#4034,#4035));
#4032 = ORIENTED_EDGE('',*,*,#3900,.T.);
#4033 = ORIENTED_EDGE('',*,*,#3931,.T.);
#4034 = ORIENTED_EDGE('',*,*,#3945,.T.);
#4035 = ORIENTED_EDGE('',*,*,#3986,.F.);
#4036 = FACE_BOUND('',#4037,.T.);
#4037 = EDGE_LOOP('',(#4038));
#4038 = ORIENTED_EDGE('',*,*,#4000,.T.);
#4039 = PLANE('',#4040);
#4040 = AXIS2_PLACEMENT_3D('',#4041,#4042,#4043);
#4041 = CARTESIAN_POINT('',(561.61771649313,-900.9971610945,
    1.369916505921E+03));
#4042 = DIRECTION('',(1.E-17,1.,2.1E-16));
#4043 = DIRECTION('',(0.,-2.1E-16,1.));
#4044 = ADVANCED_FACE('',(#4045,#4051),#4054,.F.);
#4045 = FACE_BOUND('',#4046,.T.);
#4046 = EDGE_LOOP('',(#4047,#4048,#4049,#4050));
#4047 = ORIENTED_EDGE('',*,*,#3884,.T.);
#4048 = ORIENTED_EDGE('',*,*,#3915,.T.);
#4049 = ORIENTED_EDGE('',*,*,#3962,.T.);
#4050 = ORIENTED_EDGE('',*,*,#3979,.F.);
#4051 = FACE_BOUND('',#4052,.F.);
#4052 = EDGE_LOOP('',(#4053));
#4053 = ORIENTED_EDGE('',*,*,#4017,.T.);
#4054 = PLANE('',#4055);
#4055 = AXIS2_PLACEMENT_3D('',#4056,#4057,#4058);
#4056 = CARTESIAN_POINT('',(561.61771649313,-950.9971610945,
    1.369916505921E+03));
#4057 = DIRECTION('',(1.E-17,1.,2.1E-16));
#4058 = DIRECTION('',(0.,-2.1E-16,1.));
#4059 = ( GEOMETRIC_REPRESENTATION_CONTEXT(3) 
GLOBAL_UNCERTAINTY_ASSIGNED_CONTEXT((#4063)) 
GLOBAL_UNIT_ASSIGNED_CONTEXT((#4060,#4061,#4062)) REPRESENTATION_CONTEXT
('Context #1','3D Context with UNIT and UNCERTAINTY') );
#4060 = ( LENGTH_UNIT() NAMED_UNIT(*) SI_UNIT(.MILLI.,.METRE.) );
#4061 = ( NAMED_UNIT(*) PLANE_ANGLE_UNIT() SI_UNIT($,.RADIAN.) );
#4062 = ( NAMED_UNIT(*) SI_UNIT($,.STERADIAN.) SOLID_ANGLE_UNIT() );
#4063 = UNCERTAINTY_MEASURE_WITH_UNIT(LENGTH_MEASURE(1.E-07),#4060,
  'distance_accuracy_value','confusion accuracy');
#4064 = CONTEXT_DEPENDENT_SHAPE_REPRESENTATION(#4065,#4067);
#4065 = ( REPRESENTATION_RELATIONSHIP('','',#3867,#3844) 
REPRESENTATION_RELATIONSHIP_WITH_TRANSFORMATION(#4066) 
SHAPE_REPRESENTATION_RELATIONSHIP() );
#4066 = ITEM_DEFINED_TRANSFORMATION('','',#11,#3845);
#4067 = PRODUCT_DEFINITION_SHAPE('Placement','Placement of an item',
  #4068);
#4068 = NEXT_ASSEMBLY_USAGE_OCCURRENCE('14','Body007','',#3839,#3862,$);
#4069 = PRODUCT_RELATED_PRODUCT_CATEGORY('part',$,(#3864));
#4070 = SHAPE_DEFINITION_REPRESENTATION(#4071,#4077);
#4071 = PRODUCT_DEFINITION_SHAPE('','',#4072);
#4072 = PRODUCT_DEFINITION('design','',#4073,#4076);
#4073 = PRODUCT_DEFINITION_FORMATION('','',#4074);
#4074 = PRODUCT('hinge001','hinge001','',(#4075));
#4075 = PRODUCT_CONTEXT('',#2,'mechanical');
#4076 = PRODUCT_DEFINITION_CONTEXT('part definition',#2,'design');
#4077 = ADVANCED_BREP_SHAPE_REPRESENTATION('',(#11,#4078),#4269);
#4078 = MANIFOLD_SOLID_BREP('',#4079);
#4079 = CLOSED_SHELL('',(#4080,#4120,#4151,#4184,#4206,#4239,#4254));
#4080 = ADVANCED_FACE('',(#4081),#4115,.F.);
#4081 = FACE_BOUND('',#4082,.F.);
#4082 = EDGE_LOOP('',(#4083,#4093,#4101,#4109));
#4083 = ORIENTED_EDGE('',*,*,#4084,.T.);
#4084 = EDGE_CURVE('',#4085,#4087,#4089,.T.);
#4085 = VERTEX_POINT('',#4086);
#4086 = CARTESIAN_POINT('',(-25.12542014231,50.,24.));
#4087 = VERTEX_POINT('',#4088);
#4088 = CARTESIAN_POINT('',(-25.12542014231,0.,24.));
#4089 = LINE('',#4090,#4091);
#4090 = CARTESIAN_POINT('',(-25.12542014231,50.,24.));
#4091 = VECTOR('',#4092,1.);
#4092 = DIRECTION('',(0.,-1.,-3.3E-16));
#4093 = ORIENTED_EDGE('',*,*,#4094,.T.);
#4094 = EDGE_CURVE('',#4087,#4095,#4097,.T.);
#4095 = VERTEX_POINT('',#4096);
#4096 = CARTESIAN_POINT('',(-25.12542014231,0.,-24.));
#4097 = LINE('',#4098,#4099);
#4098 = CARTESIAN_POINT('',(-25.12542014231,0.,24.));
#4099 = VECTOR('',#4100,1.);
#4100 = DIRECTION('',(0.,0.,-1.));
#4101 = ORIENTED_EDGE('',*,*,#4102,.F.);
#4102 = EDGE_CURVE('',#4103,#4095,#4105,.T.);
#4103 = VERTEX_POINT('',#4104);
#4104 = CARTESIAN_POINT('',(-25.12542014231,50.,-24.));
#4105 = LINE('',#4106,#4107);
#4106 = CARTESIAN_POINT('',(-25.12542014231,50.,-24.));
#4107 = VECTOR('',#4108,1.);
#4108 = DIRECTION('',(0.,-1.,-3.3E-16));
#4109 = ORIENTED_EDGE('',*,*,#4110,.F.);
#4110 = EDGE_CURVE('',#4085,#4103,#4111,.T.);
#4111 = LINE('',#4112,#4113);
#4112 = CARTESIAN_POINT('',(-25.12542014231,50.,24.));
#4113 = VECTOR('',#4114,1.);
#4114 = DIRECTION('',(0.,0.,-1.));
#4115 = PLANE('',#4116);
#4116 = AXIS2_PLACEMENT_3D('',#4117,#4118,#4119);
#4117 = CARTESIAN_POINT('',(-25.12542014231,50.,24.));
#4118 = DIRECTION('',(1.,0.,0.));
#4119 = DIRECTION('',(0.,2.2E-16,-1.));
#4120 = ADVANCED_FACE('',(#4121),#4146,.F.);
#4121 = FACE_BOUND('',#4122,.F.);
#4122 = EDGE_LOOP('',(#4123,#4124,#4132,#4140));
#4123 = ORIENTED_EDGE('',*,*,#4102,.T.);
#4124 = ORIENTED_EDGE('',*,*,#4125,.T.);
#4125 = EDGE_CURVE('',#4095,#4126,#4128,.T.);
#4126 = VERTEX_POINT('',#4127);
#4127 = CARTESIAN_POINT('',(0.,0.,-24.));
#4128 = LINE('',#4129,#4130);
#4129 = CARTESIAN_POINT('',(-25.12542014231,0.,-24.));
#4130 = VECTOR('',#4131,1.);
#4131 = DIRECTION('',(1.,0.,0.));
#4132 = ORIENTED_EDGE('',*,*,#4133,.F.);
#4133 = EDGE_CURVE('',#4134,#4126,#4136,.T.);
#4134 = VERTEX_POINT('',#4135);
#4135 = CARTESIAN_POINT('',(0.,50.,-24.));
#4136 = LINE('',#4137,#4138);
#4137 = CARTESIAN_POINT('',(0.,50.,-24.));
#4138 = VECTOR('',#4139,1.);
#4139 = DIRECTION('',(0.,-1.,-3.3E-16));
#4140 = ORIENTED_EDGE('',*,*,#4141,.F.);
#4141 = EDGE_CURVE('',#4103,#4134,#4142,.T.);
#4142 = LINE('',#4143,#4144);
#4143 = CARTESIAN_POINT('',(-25.12542014231,50.,-24.));
#4144 = VECTOR('',#4145,1.);
#4145 = DIRECTION('',(1.,0.,0.));
#4146 = PLANE('',#4147);
#4147 = AXIS2_PLACEMENT_3D('',#4148,#4149,#4150);
#4148 = CARTESIAN_POINT('',(-25.12542014231,50.,-24.));
#4149 = DIRECTION('',(0.,-3.3E-16,1.));
#4150 = DIRECTION('',(1.,0.,0.));
#4151 = ADVANCED_FACE('',(#4152),#4179,.T.);
#4152 = FACE_BOUND('',#4153,.T.);
#4153 = EDGE_LOOP('',(#4154,#4163,#4171,#4178));
#4154 = ORIENTED_EDGE('',*,*,#4155,.T.);
#4155 = EDGE_CURVE('',#4134,#4156,#4158,.T.);
#4156 = VERTEX_POINT('',#4157);
#4157 = CARTESIAN_POINT('',(0.,50.,24.));
#4158 = CIRCLE('',#4159,24.);
#4159 = AXIS2_PLACEMENT_3D('',#4160,#4161,#4162);
#4160 = CARTESIAN_POINT('',(0.,50.,0.));
#4161 = DIRECTION('',(0.,-1.,0.));
#4162 = DIRECTION('',(1.,0.,0.));
#4163 = ORIENTED_EDGE('',*,*,#4164,.T.);
#4164 = EDGE_CURVE('',#4156,#4165,#4167,.T.);
#4165 = VERTEX_POINT('',#4166);
#4166 = CARTESIAN_POINT('',(0.,0.,24.));
#4167 = LINE('',#4168,#4169);
#4168 = CARTESIAN_POINT('',(0.,50.,24.));
#4169 = VECTOR('',#4170,1.);
#4170 = DIRECTION('',(0.,-1.,-3.3E-16));
#4171 = ORIENTED_EDGE('',*,*,#4172,.F.);
#4172 = EDGE_CURVE('',#4126,#4165,#4173,.T.);
#4173 = CIRCLE('',#4174,24.);
#4174 = AXIS2_PLACEMENT_3D('',#4175,#4176,#4177);
#4175 = CARTESIAN_POINT('',(0.,0.,0.));
#4176 = DIRECTION('',(0.,-1.,0.));
#4177 = DIRECTION('',(1.,0.,0.));
#4178 = ORIENTED_EDGE('',*,*,#4133,.F.);
#4179 = CYLINDRICAL_SURFACE('',#4180,24.);
#4180 = AXIS2_PLACEMENT_3D('',#4181,#4182,#4183);
#4181 = CARTESIAN_POINT('',(0.,50.,0.));
#4182 = DIRECTION('',(0.,1.,2.2E-16));
#4183 = DIRECTION('',(1.,0.,0.));
#4184 = ADVANCED_FACE('',(#4185),#4201,.T.);
#4185 = FACE_BOUND('',#4186,.T.);
#4186 = EDGE_LOOP('',(#4187,#4188,#4194,#4195));
#4187 = ORIENTED_EDGE('',*,*,#4084,.T.);
#4188 = ORIENTED_EDGE('',*,*,#4189,.T.);
#4189 = EDGE_CURVE('',#4087,#4165,#4190,.T.);
#4190 = LINE('',#4191,#4192);
#4191 = CARTESIAN_POINT('',(-25.12542014231,0.,24.));
#4192 = VECTOR('',#4193,1.);
#4193 = DIRECTION('',(1.,0.,0.));
#4194 = ORIENTED_EDGE('',*,*,#4164,.F.);
#4195 = ORIENTED_EDGE('',*,*,#4196,.F.);
#4196 = EDGE_CURVE('',#4085,#4156,#4197,.T.);
#4197 = LINE('',#4198,#4199);
#4198 = CARTESIAN_POINT('',(-25.12542014231,50.,24.));
#4199 = VECTOR('',#4200,1.);
#4200 = DIRECTION('',(1.,0.,0.));
#4201 = PLANE('',#4202);
#4202 = AXIS2_PLACEMENT_3D('',#4203,#4204,#4205);
#4203 = CARTESIAN_POINT('',(-25.12542014231,50.,24.));
#4204 = DIRECTION('',(0.,-3.3E-16,1.));
#4205 = DIRECTION('',(1.,0.,0.));
#4206 = ADVANCED_FACE('',(#4207),#4234,.F.);
#4207 = FACE_BOUND('',#4208,.F.);
#4208 = EDGE_LOOP('',(#4209,#4218,#4226,#4233));
#4209 = ORIENTED_EDGE('',*,*,#4210,.T.);
#4210 = EDGE_CURVE('',#4211,#4211,#4213,.T.);
#4211 = VERTEX_POINT('',#4212);
#4212 = CARTESIAN_POINT('',(12.,50.,0.));
#4213 = CIRCLE('',#4214,12.);
#4214 = AXIS2_PLACEMENT_3D('',#4215,#4216,#4217);
#4215 = CARTESIAN_POINT('',(0.,50.,0.));
#4216 = DIRECTION('',(0.,-1.,0.));
#4217 = DIRECTION('',(1.,0.,0.));
#4218 = ORIENTED_EDGE('',*,*,#4219,.T.);
#4219 = EDGE_CURVE('',#4211,#4220,#4222,.T.);
#4220 = VERTEX_POINT('',#4221);
#4221 = CARTESIAN_POINT('',(12.,0.,0.));
#4222 = LINE('',#4223,#4224);
#4223 = CARTESIAN_POINT('',(12.,50.,0.));
#4224 = VECTOR('',#4225,1.);
#4225 = DIRECTION('',(0.,-1.,-3.3E-16));
#4226 = ORIENTED_EDGE('',*,*,#4227,.F.);
#4227 = EDGE_CURVE('',#4220,#4220,#4228,.T.);
#4228 = CIRCLE('',#4229,12.);
#4229 = AXIS2_PLACEMENT_3D('',#4230,#4231,#4232);
#4230 = CARTESIAN_POINT('',(0.,0.,0.));
#4231 = DIRECTION('',(0.,-1.,0.));
#4232 = DIRECTION('',(1.,0.,0.));
#4233 = ORIENTED_EDGE('',*,*,#4219,.F.);
#4234 = CYLINDRICAL_SURFACE('',#4235,12.);
#4235 = AXIS2_PLACEMENT_3D('',#4236,#4237,#4238);
#4236 = CARTESIAN_POINT('',(0.,50.,0.));
#4237 = DIRECTION('',(0.,1.,2.2E-16));
#4238 = DIRECTION('',(1.,0.,0.));
#4239 = ADVANCED_FACE('',(#4240,#4246),#4249,.T.);
#4240 = FACE_BOUND('',#4241,.F.);
#4241 = EDGE_LOOP('',(#4242,#4243,#4244,#4245));
#4242 = ORIENTED_EDGE('',*,*,#4110,.T.);
#4243 = ORIENTED_EDGE('',*,*,#4141,.T.);
#4244 = ORIENTED_EDGE('',*,*,#4155,.T.);
#4245 = ORIENTED_EDGE('',*,*,#4196,.F.);
#4246 = FACE_BOUND('',#4247,.T.);
#4247 = EDGE_LOOP('',(#4248));
#4248 = ORIENTED_EDGE('',*,*,#4210,.T.);
#4249 = PLANE('',#4250);
#4250 = AXIS2_PLACEMENT_3D('',#4251,#4252,#4253);
#4251 = CARTESIAN_POINT('',(-3.60975401448,50.,0.));
#4252 = DIRECTION('',(1.E-17,1.,2.1E-16));
#4253 = DIRECTION('',(0.,-2.1E-16,1.));
#4254 = ADVANCED_FACE('',(#4255,#4261),#4264,.F.);
#4255 = FACE_BOUND('',#4256,.T.);
#4256 = EDGE_LOOP('',(#4257,#4258,#4259,#4260));
#4257 = ORIENTED_EDGE('',*,*,#4094,.T.);
#4258 = ORIENTED_EDGE('',*,*,#4125,.T.);
#4259 = ORIENTED_EDGE('',*,*,#4172,.T.);
#4260 = ORIENTED_EDGE('',*,*,#4189,.F.);
#4261 = FACE_BOUND('',#4262,.F.);
#4262 = EDGE_LOOP('',(#4263));
#4263 = ORIENTED_EDGE('',*,*,#4227,.T.);
#4264 = PLANE('',#4265);
#4265 = AXIS2_PLACEMENT_3D('',#4266,#4267,#4268);
#4266 = CARTESIAN_POINT('',(-3.60975401448,0.,0.));
#4267 = DIRECTION('',(1.E-17,1.,2.1E-16));
#4268 = DIRECTION('',(0.,-2.1E-16,1.));
#4269 = ( GEOMETRIC_REPRESENTATION_CONTEXT(3) 
GLOBAL_UNCERTAINTY_ASSIGNED_CONTEXT((#4273)) 
GLOBAL_UNIT_ASSIGNED_CONTEXT((#4270,#4271,#4272)) REPRESENTATION_CONTEXT
('Context #1','3D Context with UNIT and UNCERTAINTY') );
#4270 = ( LENGTH_UNIT() NAMED_UNIT(*) SI_UNIT(.MILLI.,.METRE.) );
#4271 = ( NAMED_UNIT(*) PLANE_ANGLE_UNIT() SI_UNIT($,.RADIAN.) );
#4272 = ( NAMED_UNIT(*) SI_UNIT($,.STERADIAN.) SOLID_ANGLE_UNIT() );
#4273 = UNCERTAINTY_MEASURE_WITH_UNIT(LENGTH_MEASURE(1.E-07),#4270,
  'distance_accuracy_value','confusion accuracy');
#4274 = CONTEXT_DEPENDENT_SHAPE_REPRESENTATION(#4275,#4277);
#4275 = ( REPRESENTATION_RELATIONSHIP('','',#4077,#10) 
REPRESENTATION_RELATIONSHIP_WITH_TRANSFORMATION(#4276) 
SHAPE_REPRESENTATION_RELATIONSHIP() );
#4276 = ITEM_DEFINED_TRANSFORMATION('','',#11,#43);
#4277 = PRODUCT_DEFINITION_SHAPE('Placement','Placement of an item',
  #4278);
#4278 = NEXT_ASSEMBLY_USAGE_OCCURRENCE('16','hinge001','',#5,#4072,$);
#4279 = PRODUCT_RELATED_PRODUCT_CATEGORY('part',$,(#4074));
#4280 = CONTEXT_DEPENDENT_SHAPE_REPRESENTATION(#4281,#4283);
#4281 = ( REPRESENTATION_RELATIONSHIP('','',#4077,#10) 
REPRESENTATION_RELATIONSHIP_WITH_TRANSFORMATION(#4282) 
SHAPE_REPRESENTATION_RELATIONSHIP() );
#4282 = ITEM_DEFINED_TRANSFORMATION('','',#11,#47);
#4283 = PRODUCT_DEFINITION_SHAPE('Placement','Placement of an item',
  #4284);
#4284 = NEXT_ASSEMBLY_USAGE_OCCURRENCE('17','hinge002','',#5,#4072,$);
#4285 = SHAPE_DEFINITION_REPRESENTATION(#4283,#4286);
#4286 = SHAPE_REPRESENTATION('',(#47),#4269);
#4287 = SHAPE_DEFINITION_REPRESENTATION(#4283,#4288);
#4288 = SHAPE_REPRESENTATION('',(#47),#4269);
#4289 = MECHANICAL_DESIGN_GEOMETRIC_PRESENTATION_REPRESENTATION('',(
    #4290,#4301,#4310,#4319,#4328),#3826);
#4290 = STYLED_ITEM('color',(#4291),#2376);
#4291 = PRESENTATION_STYLE_ASSIGNMENT((#4292,#4298));
#4292 = SURFACE_STYLE_USAGE(.BOTH.,#4293);
#4293 = SURFACE_SIDE_STYLE('',(#4294));
#4294 = SURFACE_STYLE_FILL_AREA(#4295);
#4295 = FILL_AREA_STYLE('',(#4296));
#4296 = FILL_AREA_STYLE_COLOUR('',#4297);
#4297 = COLOUR_RGB('',0.800000010877,0.800000010877,0.800000010877);
#4298 = CURVE_STYLE('',#4299,POSITIVE_LENGTH_MEASURE(0.1),#4300);
#4299 = DRAUGHTING_PRE_DEFINED_CURVE_FONT('continuous');
#4300 = COLOUR_RGB('',9.803921802644E-02,9.803921802644E-02,
  9.803921802644E-02);
#4301 = STYLED_ITEM('color',(#4302),#2666);
#4302 = PRESENTATION_STYLE_ASSIGNMENT((#4303,#4308));
#4303 = SURFACE_STYLE_USAGE(.BOTH.,#4304);
#4304 = SURFACE_SIDE_STYLE('',(#4305));
#4305 = SURFACE_STYLE_FILL_AREA(#4306);
#4306 = FILL_AREA_STYLE('',(#4307));
#4307 = FILL_AREA_STYLE_COLOUR('',#4297);
#4308 = CURVE_STYLE('',#4309,POSITIVE_LENGTH_MEASURE(0.1),#4300);
#4309 = DRAUGHTING_PRE_DEFINED_CURVE_FONT('continuous');
#4310 = STYLED_ITEM('color',(#4311),#2956);
#4311 = PRESENTATION_STYLE_ASSIGNMENT((#4312,#4317));
#4312 = SURFACE_STYLE_USAGE(.BOTH.,#4313);
#4313 = SURFACE_SIDE_STYLE('',(#4314));
#4314 = SURFACE_STYLE_FILL_AREA(#4315);
#4315 = FILL_AREA_STYLE('',(#4316));
#4316 = FILL_AREA_STYLE_COLOUR('',#4297);
#4317 = CURVE_STYLE('',#4318,POSITIVE_LENGTH_MEASURE(0.1),#4300);
#4318 = DRAUGHTING_PRE_DEFINED_CURVE_FONT('continuous');
#4319 = STYLED_ITEM('color',(#4320),#3246);
#4320 = PRESENTATION_STYLE_ASSIGNMENT((#4321,#4326));
#4321 = SURFACE_STYLE_USAGE(.BOTH.,#4322);
#4322 = SURFACE_SIDE_STYLE('',(#4323));
#4323 = SURFACE_STYLE_FILL_AREA(#4324);
#4324 = FILL_AREA_STYLE('',(#4325));
#4325 = FILL_AREA_STYLE_COLOUR('',#4297);
#4326 = CURVE_STYLE('',#4327,POSITIVE_LENGTH_MEASURE(0.1),#4300);
#4327 = DRAUGHTING_PRE_DEFINED_CURVE_FONT('continuous');
#4328 = STYLED_ITEM('color',(#4329),#3536);
#4329 = PRESENTATION_STYLE_ASSIGNMENT((#4330,#4335));
#4330 = SURFACE_STYLE_USAGE(.BOTH.,#4331);
#4331 = SURFACE_SIDE_STYLE('',(#4332));
#4332 = SURFACE_STYLE_FILL_AREA(#4333);
#4333 = FILL_AREA_STYLE('',(#4334));
#4334 = FILL_AREA_STYLE_COLOUR('',#4297);
#4335 = CURVE_STYLE('',#4336,POSITIVE_LENGTH_MEASURE(0.1),#4300);
#4336 = DRAUGHTING_PRE_DEFINED_CURVE_FONT('continuous');
#4337 = MECHANICAL_DESIGN_GEOMETRIC_PRESENTATION_REPRESENTATION('',(
    #4338),#2056);
#4338 = STYLED_ITEM('color',(#4339),#1774);
#4339 = PRESENTATION_STYLE_ASSIGNMENT((#4340,#4345));
#4340 = SURFACE_STYLE_USAGE(.BOTH.,#4341);
#4341 = SURFACE_SIDE_STYLE('',(#4342));
#4342 = SURFACE_STYLE_FILL_AREA(#4343);
#4343 = FILL_AREA_STYLE('',(#4344));
#4344 = FILL_AREA_STYLE_COLOUR('',#4297);
#4345 = CURVE_STYLE('',#4346,POSITIVE_LENGTH_MEASURE(0.1),#4300);
#4346 = DRAUGHTING_PRE_DEFINED_CURVE_FONT('continuous');
#4347 = MECHANICAL_DESIGN_GEOMETRIC_PRESENTATION_REPRESENTATION('',(
    #4348),#591);
#4348 = STYLED_ITEM('color',(#4349),#65);
#4349 = PRESENTATION_STYLE_ASSIGNMENT((#4350,#4356));
#4350 = SURFACE_STYLE_USAGE(.BOTH.,#4351);
#4351 = SURFACE_SIDE_STYLE('',(#4352));
#4352 = SURFACE_STYLE_FILL_AREA(#4353);
#4353 = FILL_AREA_STYLE('',(#4354));
#4354 = FILL_AREA_STYLE_COLOUR('',#4355);
#4355 = DRAUGHTING_PRE_DEFINED_COLOUR('red');
#4356 = CURVE_STYLE('',#4357,POSITIVE_LENGTH_MEASURE(0.1),#4300);
#4357 = DRAUGHTING_PRE_DEFINED_CURVE_FONT('continuous');
#4358 = MECHANICAL_DESIGN_GEOMETRIC_PRESENTATION_REPRESENTATION('',(
    #4359),#1755);
#4359 = STYLED_ITEM('color',(#4360),#779);
#4360 = PRESENTATION_STYLE_ASSIGNMENT((#4361,#4368));
#4361 = SURFACE_STYLE_USAGE(.BOTH.,#4362);
#4362 = SURFACE_SIDE_STYLE('',(#4363,#4366));
#4363 = SURFACE_STYLE_FILL_AREA(#4364);
#4364 = FILL_AREA_STYLE('',(#4365));
#4365 = FILL_AREA_STYLE_COLOUR('',#4297);
#4366 = SURFACE_STYLE_RENDERING_WITH_PROPERTIES(.NORMAL_SHADING.,#4297,(
    #4367));
#4367 = SURFACE_STYLE_TRANSPARENT(0.5);
#4368 = CURVE_STYLE('',#4369,POSITIVE_LENGTH_MEASURE(0.1),#4300);
#4369 = DRAUGHTING_PRE_DEFINED_CURVE_FONT('continuous');
#4370 = MECHANICAL_DESIGN_GEOMETRIC_PRESENTATION_REPRESENTATION('',(
    #4371),#4059);
#4371 = STYLED_ITEM('color',(#4372),#3868);
#4372 = PRESENTATION_STYLE_ASSIGNMENT((#4373,#4378));
#4373 = SURFACE_STYLE_USAGE(.BOTH.,#4374);
#4374 = SURFACE_SIDE_STYLE('',(#4375));
#4375 = SURFACE_STYLE_FILL_AREA(#4376);
#4376 = FILL_AREA_STYLE('',(#4377));
#4377 = FILL_AREA_STYLE_COLOUR('',#4297);
#4378 = CURVE_STYLE('',#4379,POSITIVE_LENGTH_MEASURE(0.1),#4300);
#4379 = DRAUGHTING_PRE_DEFINED_CURVE_FONT('continuous');
#4380 = MECHANICAL_DESIGN_GEOMETRIC_PRESENTATION_REPRESENTATION('',(
    #4381,#4390,#4399),#4269);
#4381 = STYLED_ITEM('color',(#4382),#4078);
#4382 = PRESENTATION_STYLE_ASSIGNMENT((#4383,#4388));
#4383 = SURFACE_STYLE_USAGE(.BOTH.,#4384);
#4384 = SURFACE_SIDE_STYLE('',(#4385));
#4385 = SURFACE_STYLE_FILL_AREA(#4386);
#4386 = FILL_AREA_STYLE('',(#4387));
#4387 = FILL_AREA_STYLE_COLOUR('',#4297);
#4388 = CURVE_STYLE('',#4389,POSITIVE_LENGTH_MEASURE(0.1),#4300);
#4389 = DRAUGHTING_PRE_DEFINED_CURVE_FONT('continuous');
#4390 = OVER_RIDING_STYLED_ITEM('overriding color',(#4391),#3868,#4381);
#4391 = PRESENTATION_STYLE_BY_CONTEXT((#4392,#4397),#4286);
#4392 = SURFACE_STYLE_USAGE(.BOTH.,#4393);
#4393 = SURFACE_SIDE_STYLE('',(#4394));
#4394 = SURFACE_STYLE_FILL_AREA(#4395);
#4395 = FILL_AREA_STYLE('',(#4396));
#4396 = FILL_AREA_STYLE_COLOUR('',#4297);
#4397 = CURVE_STYLE('',#4398,POSITIVE_LENGTH_MEASURE(0.1),#4300);
#4398 = DRAUGHTING_PRE_DEFINED_CURVE_FONT('continuous');
#4399 = OVER_RIDING_STYLED_ITEM('overriding color',(#4400),#3868,#4381);
#4400 = PRESENTATION_STYLE_BY_CONTEXT((#4401,#4407),#4288);
#4401 = SURFACE_STYLE_USAGE(.BOTH.,#4402);
#4402 = SURFACE_SIDE_STYLE('',(#4403));
#4403 = SURFACE_STYLE_FILL_AREA(#4404);
#4404 = FILL_AREA_STYLE('',(#4405));
#4405 = FILL_AREA_STYLE_COLOUR('',#4406);
#4406 = COLOUR_RGB('',0.800000010877,0.800000010877,0.800000010877);
#4407 = CURVE_STYLE('',#4408,POSITIVE_LENGTH_MEASURE(0.1),#4409);
#4408 = DRAUGHTING_PRE_DEFINED_CURVE_FONT('continuous');
#4409 = COLOUR_RGB('',9.803921802644E-02,9.803921802644E-02,
  9.803921802644E-02);
#4410 = MECHANICAL_DESIGN_GEOMETRIC_PRESENTATION_REPRESENTATION('',(
    #4411),#2357);
#4411 = STYLED_ITEM('color',(#4412),#2075);
#4412 = PRESENTATION_STYLE_ASSIGNMENT((#4413,#4418));
#4413 = SURFACE_STYLE_USAGE(.BOTH.,#4414);
#4414 = SURFACE_SIDE_STYLE('',(#4415));
#4415 = SURFACE_STYLE_FILL_AREA(#4416);
#4416 = FILL_AREA_STYLE('',(#4417));
#4417 = FILL_AREA_STYLE_COLOUR('',#4297);
#4418 = CURVE_STYLE('',#4419,POSITIVE_LENGTH_MEASURE(0.1),#4300);
#4419 = DRAUGHTING_PRE_DEFINED_CURVE_FONT('continuous');
#4420 = MECHANICAL_DESIGN_GEOMETRIC_PRESENTATION_REPRESENTATION('',(
    #4421),#760);
#4421 = STYLED_ITEM('color',(#4422),#610);
#4422 = PRESENTATION_STYLE_ASSIGNMENT((#4423,#4428));
#4423 = SURFACE_STYLE_USAGE(.BOTH.,#4424);
#4424 = SURFACE_SIDE_STYLE('',(#4425));
#4425 = SURFACE_STYLE_FILL_AREA(#4426);
#4426 = FILL_AREA_STYLE('',(#4427));
#4427 = FILL_AREA_STYLE_COLOUR('',#4297);
#4428 = CURVE_STYLE('',#4429,POSITIVE_LENGTH_MEASURE(0.1),#4430);
#4429 = DRAUGHTING_PRE_DEFINED_CURVE_FONT('continuous');
#4430 = DRAUGHTING_PRE_DEFINED_COLOUR('black');
ENDSEC;
END-ISO-10303-21;
