ISO-10303-21;
HEADER;
FILE_DESCRIPTION(('FreeCAD Model'),'2;1');
FILE_NAME('Open CASCADE Shape Model','2026-08-03T09:51:35',(''),(''),
  'Open CASCADE STEP processor 7.8','FreeCAD','Unknown');
FILE_SCHEMA(('AUTOMOTIVE_DESIGN { 1 0 10303 214 1 1 1 1 }'));
ENDSEC;
DATA;
#1 = APPLICATION_PROTOCOL_DEFINITION('international standard',
  'automotive_design',2000,#2);
#2 = APPLICATION_CONTEXT(
  'core data for automotive mechanical design processes');
#3 = SHAPE_DEFINITION_REPRESENTATION(#4,#10);
#4 = PRODUCT_DEFINITION_SHAPE('','',#5);
#5 = PRODUCT_DEFINITION('design','',#6,#9);
#6 = PRODUCT_DEFINITION_FORMATION('','',#7);
#7 = PRODUCT('ChasissAssy','ChasissAssy','',(#8));
#8 = PRODUCT_CONTEXT('',#2,'mechanical');
#9 = PRODUCT_DEFINITION_CONTEXT('part definition',#2,'design');
#10 = SHAPE_REPRESENTATION('',(#11,#15,#19,#23),#27);
#11 = AXIS2_PLACEMENT_3D('',#12,#13,#14);
#12 = CARTESIAN_POINT('',(0.,0.,0.));
#13 = DIRECTION('',(0.,0.,1.));
#14 = DIRECTION('',(1.,0.,-0.));
#15 = AXIS2_PLACEMENT_3D('',#16,#17,#18);
#16 = CARTESIAN_POINT('',(0.,0.,0.));
#17 = DIRECTION('',(0.,0.,1.));
#18 = DIRECTION('',(1.,0.,0.));
#19 = AXIS2_PLACEMENT_3D('',#20,#21,#22);
#20 = CARTESIAN_POINT('',(0.,0.,0.));
#21 = DIRECTION('',(0.,0.,1.));
#22 = DIRECTION('',(1.,0.,0.));
#23 = AXIS2_PLACEMENT_3D('',#24,#25,#26);
#24 = CARTESIAN_POINT('',(0.,0.,0.));
#25 = DIRECTION('',(0.,0.,1.));
#26 = DIRECTION('',(1.,0.,0.));
#27 = ( GEOMETRIC_REPRESENTATION_CONTEXT(3) 
GLOBAL_UNCERTAINTY_ASSIGNED_CONTEXT((#31)) GLOBAL_UNIT_ASSIGNED_CONTEXT(
(#28,#29,#30)) REPRESENTATION_CONTEXT('Context #1',
  '3D Context with UNIT and UNCERTAINTY') );
#28 = ( LENGTH_UNIT() NAMED_UNIT(*) SI_UNIT(.MILLI.,.METRE.) );
#29 = ( NAMED_UNIT(*) PLANE_ANGLE_UNIT() SI_UNIT($,.RADIAN.) );
#30 = ( NAMED_UNIT(*) SI_UNIT($,.STERADIAN.) SOLID_ANGLE_UNIT() );
#31 = UNCERTAINTY_MEASURE_WITH_UNIT(LENGTH_MEASURE(1.E-04),#28,
  'distance_accuracy_value','confusion accuracy');
#32 = PRODUCT_RELATED_PRODUCT_CATEGORY('part',$,(#7));
#33 = SHAPE_DEFINITION_REPRESENTATION(#34,#40);
#34 = PRODUCT_DEFINITION_SHAPE('','',#35);
#35 = PRODUCT_DEFINITION('design','',#36,#39);
#36 = PRODUCT_DEFINITION_FORMATION('','',#37);
#37 = PRODUCT('chassis','chassis','',(#38));
#38 = PRODUCT_CONTEXT('',#2,'mechanical');
#39 = PRODUCT_DEFINITION_CONTEXT('part definition',#2,'design');
#40 = ADVANCED_BREP_SHAPE_REPRESENTATION('',(#11,#41),#2649);
#41 = MANIFOLD_SOLID_BREP('',#42);
#42 = CLOSED_SHELL('',(#43,#83,#114,#145,#196,#213,#225,#290,#355,#413,
    #472,#496,#539,#561,#573,#622,#639,#664,#695,#927,#939,#1166,#1191,
    #1208,#1217,#1234,#1321,#1338,#1350,#1381,#1406,#1430,#1455,#1479,
    #1504,#1528,#1553,#1577,#1595,#1626,#1651,#1676,#1701,#1725,#1750,
    #1774,#1799,#1823,#1841,#1873,#1897,#1922,#1946,#1971,#1995,#2020,
    #2044,#2069,#2086,#2118,#2142,#2167,#2192,#2217,#2241,#2266,#2290,
    #2315,#2332,#2341,#2372,#2397,#2421,#2446,#2470,#2495,#2519,#2537,
    #2555,#2573,#2591,#2609,#2625,#2637));
#43 = ADVANCED_FACE('',(#44),#78,.T.);
#44 = FACE_BOUND('',#45,.T.);
#45 = EDGE_LOOP('',(#46,#56,#64,#72));
#46 = ORIENTED_EDGE('',*,*,#47,.T.);
#47 = EDGE_CURVE('',#48,#50,#52,.T.);
#48 = VERTEX_POINT('',#49);
#49 = CARTESIAN_POINT('',(-297.112915,-200.,-189.295751));
#50 = VERTEX_POINT('',#51);
#51 = CARTESIAN_POINT('',(-307.112915,-200.,-189.295751));
#52 = LINE('',#53,#54);
#53 = CARTESIAN_POINT('',(-297.112915,-200.,-189.295751));
#54 = VECTOR('',#55,1.);
#55 = DIRECTION('',(-1.,0.,0.));
#56 = ORIENTED_EDGE('',*,*,#57,.T.);
#57 = EDGE_CURVE('',#50,#58,#60,.T.);
#58 = VERTEX_POINT('',#59);
#59 = CARTESIAN_POINT('',(-307.112915,200.,-189.295751));
#60 = LINE('',#61,#62);
#61 = CARTESIAN_POINT('',(-307.112915,-200.,-189.295751));
#62 = VECTOR('',#63,1.);
#63 = DIRECTION('',(0.,1.,0.));
#64 = ORIENTED_EDGE('',*,*,#65,.F.);
#65 = EDGE_CURVE('',#66,#58,#68,.T.);
#66 = VERTEX_POINT('',#67);
#67 = CARTESIAN_POINT('',(-297.112915,200.,-189.295751));
#68 = LINE('',#69,#70);
#69 = CARTESIAN_POINT('',(-297.112915,200.,-189.295751));
#70 = VECTOR('',#71,1.);
#71 = DIRECTION('',(-1.,0.,0.));
#72 = ORIENTED_EDGE('',*,*,#73,.F.);
#73 = EDGE_CURVE('',#48,#66,#74,.T.);
#74 = LINE('',#75,#76);
#75 = CARTESIAN_POINT('',(-297.112915,-200.,-189.295751));
#76 = VECTOR('',#77,1.);
#77 = DIRECTION('',(0.,1.,0.));
#78 = PLANE('',#79);
#79 = AXIS2_PLACEMENT_3D('',#80,#81,#82);
#80 = CARTESIAN_POINT('',(-297.112915,-200.,-189.295751));
#81 = DIRECTION('',(0.,0.,-1.));
#82 = DIRECTION('',(0.,1.,0.));
#83 = ADVANCED_FACE('',(#84),#109,.T.);
#84 = FACE_BOUND('',#85,.T.);
#85 = EDGE_LOOP('',(#86,#96,#102,#103));
#86 = ORIENTED_EDGE('',*,*,#87,.T.);
#87 = EDGE_CURVE('',#88,#90,#92,.T.);
#88 = VERTEX_POINT('',#89);
#89 = CARTESIAN_POINT('',(-297.112915,-200.,-39.295751));
#90 = VERTEX_POINT('',#91);
#91 = CARTESIAN_POINT('',(-307.112915,-200.,-39.295751));
#92 = LINE('',#93,#94);
#93 = CARTESIAN_POINT('',(-297.112915,-200.,-39.295751));
#94 = VECTOR('',#95,1.);
#95 = DIRECTION('',(-1.,0.,0.));
#96 = ORIENTED_EDGE('',*,*,#97,.T.);
#97 = EDGE_CURVE('',#90,#50,#98,.T.);
#98 = LINE('',#99,#100);
#99 = CARTESIAN_POINT('',(-307.112915,-200.,-39.295751));
#100 = VECTOR('',#101,1.);
#101 = DIRECTION('',(0.,0.,-1.));
#102 = ORIENTED_EDGE('',*,*,#47,.F.);
#103 = ORIENTED_EDGE('',*,*,#104,.F.);
#104 = EDGE_CURVE('',#88,#48,#105,.T.);
#105 = LINE('',#106,#107);
#106 = CARTESIAN_POINT('',(-297.112915,-200.,-39.295751));
#107 = VECTOR('',#108,1.);
#108 = DIRECTION('',(0.,0.,-1.));
#109 = PLANE('',#110);
#110 = AXIS2_PLACEMENT_3D('',#111,#112,#113);
#111 = CARTESIAN_POINT('',(-297.112915,-200.,-39.295751));
#112 = DIRECTION('',(-0.,-1.,-0.));
#113 = DIRECTION('',(0.,0.,-1.));
#114 = ADVANCED_FACE('',(#115),#140,.T.);
#115 = FACE_BOUND('',#116,.T.);
#116 = EDGE_LOOP('',(#117,#118,#126,#134));
#117 = ORIENTED_EDGE('',*,*,#65,.T.);
#118 = ORIENTED_EDGE('',*,*,#119,.T.);
#119 = EDGE_CURVE('',#58,#120,#122,.T.);
#120 = VERTEX_POINT('',#121);
#121 = CARTESIAN_POINT('',(-307.112915,200.,-39.295751));
#122 = LINE('',#123,#124);
#123 = CARTESIAN_POINT('',(-307.112915,200.,-189.295751));
#124 = VECTOR('',#125,1.);
#125 = DIRECTION('',(0.,0.,1.));
#126 = ORIENTED_EDGE('',*,*,#127,.F.);
#127 = EDGE_CURVE('',#128,#120,#130,.T.);
#128 = VERTEX_POINT('',#129);
#129 = CARTESIAN_POINT('',(-297.112915,200.,-39.295751));
#130 = LINE('',#131,#132);
#131 = CARTESIAN_POINT('',(-297.112915,200.,-39.295751));
#132 = VECTOR('',#133,1.);
#133 = DIRECTION('',(-1.,0.,0.));
#134 = ORIENTED_EDGE('',*,*,#135,.F.);
#135 = EDGE_CURVE('',#66,#128,#136,.T.);
#136 = LINE('',#137,#138);
#137 = CARTESIAN_POINT('',(-297.112915,200.,-189.295751));
#138 = VECTOR('',#139,1.);
#139 = DIRECTION('',(0.,0.,1.));
#140 = PLANE('',#141);
#141 = AXIS2_PLACEMENT_3D('',#142,#143,#144);
#142 = CARTESIAN_POINT('',(-297.112915,200.,-189.295751));
#143 = DIRECTION('',(0.,1.,0.));
#144 = DIRECTION('',(0.,0.,1.));
#145 = ADVANCED_FACE('',(#146,#180),#191,.T.);
#146 = FACE_BOUND('',#147,.T.);
#147 = EDGE_LOOP('',(#148,#158,#166,#174));
#148 = ORIENTED_EDGE('',*,*,#149,.F.);
#149 = EDGE_CURVE('',#150,#152,#154,.T.);
#150 = VERTEX_POINT('',#151);
#151 = CARTESIAN_POINT('',(-297.112915,-250.,-512.882751));
#152 = VERTEX_POINT('',#153);
#153 = CARTESIAN_POINT('',(-297.112915,250.,-512.882751));
#154 = LINE('',#155,#156);
#155 = CARTESIAN_POINT('',(-297.112915,-250.,-512.882751));
#156 = VECTOR('',#157,1.);
#157 = DIRECTION('',(0.,1.,0.));
#158 = ORIENTED_EDGE('',*,*,#159,.T.);
#159 = EDGE_CURVE('',#150,#160,#162,.T.);
#160 = VERTEX_POINT('',#161);
#161 = CARTESIAN_POINT('',(-297.112915,-250.,41.664356));
#162 = LINE('',#163,#164);
#163 = CARTESIAN_POINT('',(-297.112915,-250.,-512.882751));
#164 = VECTOR('',#165,1.);
#165 = DIRECTION('',(0.,0.,1.));
#166 = ORIENTED_EDGE('',*,*,#167,.T.);
#167 = EDGE_CURVE('',#160,#168,#170,.T.);
#168 = VERTEX_POINT('',#169);
#169 = CARTESIAN_POINT('',(-297.112915,250.,41.664356));
#170 = LINE('',#171,#172);
#171 = CARTESIAN_POINT('',(-297.112915,175.,41.664356));
#172 = VECTOR('',#173,1.);
#173 = DIRECTION('',(0.,1.,3.3E-16));
#174 = ORIENTED_EDGE('',*,*,#175,.F.);
#175 = EDGE_CURVE('',#152,#168,#176,.T.);
#176 = LINE('',#177,#178);
#177 = CARTESIAN_POINT('',(-297.112915,250.,-512.882751));
#178 = VECTOR('',#179,1.);
#179 = DIRECTION('',(0.,0.,1.));
#180 = FACE_BOUND('',#181,.T.);
#181 = EDGE_LOOP('',(#182,#183,#184,#185));
#182 = ORIENTED_EDGE('',*,*,#104,.T.);
#183 = ORIENTED_EDGE('',*,*,#73,.T.);
#184 = ORIENTED_EDGE('',*,*,#135,.T.);
#185 = ORIENTED_EDGE('',*,*,#186,.T.);
#186 = EDGE_CURVE('',#128,#88,#187,.T.);
#187 = LINE('',#188,#189);
#188 = CARTESIAN_POINT('',(-297.112915,200.,-39.295751));
#189 = VECTOR('',#190,1.);
#190 = DIRECTION('',(0.,-1.,0.));
#191 = PLANE('',#192);
#192 = AXIS2_PLACEMENT_3D('',#193,#194,#195);
#193 = CARTESIAN_POINT('',(-297.112915,-250.,-512.882751));
#194 = DIRECTION('',(-1.,0.,0.));
#195 = DIRECTION('',(0.,1.,0.));
#196 = ADVANCED_FACE('',(#197),#208,.F.);
#197 = FACE_BOUND('',#198,.F.);
#198 = EDGE_LOOP('',(#199,#200,#201,#207));
#199 = ORIENTED_EDGE('',*,*,#57,.T.);
#200 = ORIENTED_EDGE('',*,*,#119,.T.);
#201 = ORIENTED_EDGE('',*,*,#202,.T.);
#202 = EDGE_CURVE('',#120,#90,#203,.T.);
#203 = LINE('',#204,#205);
#204 = CARTESIAN_POINT('',(-307.112915,200.,-39.295751));
#205 = VECTOR('',#206,1.);
#206 = DIRECTION('',(0.,-1.,0.));
#207 = ORIENTED_EDGE('',*,*,#97,.T.);
#208 = PLANE('',#209);
#209 = AXIS2_PLACEMENT_3D('',#210,#211,#212);
#210 = CARTESIAN_POINT('',(-307.112915,0.,-114.295751));
#211 = DIRECTION('',(1.,0.,0.));
#212 = DIRECTION('',(0.,0.,1.));
#213 = ADVANCED_FACE('',(#214),#220,.T.);
#214 = FACE_BOUND('',#215,.T.);
#215 = EDGE_LOOP('',(#216,#217,#218,#219));
#216 = ORIENTED_EDGE('',*,*,#127,.T.);
#217 = ORIENTED_EDGE('',*,*,#202,.T.);
#218 = ORIENTED_EDGE('',*,*,#87,.F.);
#219 = ORIENTED_EDGE('',*,*,#186,.F.);
#220 = PLANE('',#221);
#221 = AXIS2_PLACEMENT_3D('',#222,#223,#224);
#222 = CARTESIAN_POINT('',(-297.112915,200.,-39.295751));
#223 = DIRECTION('',(0.,0.,1.));
#224 = DIRECTION('',(0.,-1.,0.));
#225 = ADVANCED_FACE('',(#226,#260),#285,.F.);
#226 = FACE_BOUND('',#227,.F.);
#227 = EDGE_LOOP('',(#228,#238,#246,#254));
#228 = ORIENTED_EDGE('',*,*,#229,.F.);
#229 = EDGE_CURVE('',#230,#232,#234,.T.);
#230 = VERTEX_POINT('',#231);
#231 = CARTESIAN_POINT('',(-6.057425856712E+03,600.,-512.882751));
#232 = VERTEX_POINT('',#233);
#233 = CARTESIAN_POINT('',(225.764694,600.,-512.882751));
#234 = LINE('',#235,#236);
#235 = CARTESIAN_POINT('',(-6.257358963E+03,600.,-512.882751));
#236 = VECTOR('',#237,1.);
#237 = DIRECTION('',(1.,0.,0.));
#238 = ORIENTED_EDGE('',*,*,#239,.F.);
#239 = EDGE_CURVE('',#240,#230,#242,.T.);
#240 = VERTEX_POINT('',#241);
#241 = CARTESIAN_POINT('',(-6.057425856712E+03,-600.,-512.882751));
#242 = LINE('',#243,#244);
#243 = CARTESIAN_POINT('',(-6.057425856712E+03,1.1E+03,-512.882751));
#244 = VECTOR('',#245,1.);
#245 = DIRECTION('',(0.,1.,2.2E-16));
#246 = ORIENTED_EDGE('',*,*,#247,.T.);
#247 = EDGE_CURVE('',#240,#248,#250,.T.);
#248 = VERTEX_POINT('',#249);
#249 = CARTESIAN_POINT('',(225.764694,-600.,-512.882751));
#250 = LINE('',#251,#252);
#251 = CARTESIAN_POINT('',(-6.257358963E+03,-600.,-512.882751));
#252 = VECTOR('',#253,1.);
#253 = DIRECTION('',(1.,0.,0.));
#254 = ORIENTED_EDGE('',*,*,#255,.F.);
#255 = EDGE_CURVE('',#232,#248,#256,.T.);
#256 = LINE('',#257,#258);
#257 = CARTESIAN_POINT('',(225.764694,600.,-512.882751));
#258 = VECTOR('',#259,1.);
#259 = DIRECTION('',(0.,-1.,-3.3E-16));
#260 = FACE_BOUND('',#261,.F.);
#261 = EDGE_LOOP('',(#262,#272,#278,#279));
#262 = ORIENTED_EDGE('',*,*,#263,.F.);
#263 = EDGE_CURVE('',#264,#266,#268,.T.);
#264 = VERTEX_POINT('',#265);
#265 = CARTESIAN_POINT('',(-3.396989014E+03,250.,-512.882751));
#266 = VERTEX_POINT('',#267);
#267 = CARTESIAN_POINT('',(-3.396989014E+03,-250.,-512.882751));
#268 = LINE('',#269,#270);
#269 = CARTESIAN_POINT('',(-3.396989014E+03,425.,-512.882751));
#270 = VECTOR('',#271,1.);
#271 = DIRECTION('',(-0.,-1.,-3.3E-16));
#272 = ORIENTED_EDGE('',*,*,#273,.F.);
#273 = EDGE_CURVE('',#152,#264,#274,.T.);
#274 = LINE('',#275,#276);
#275 = CARTESIAN_POINT('',(-297.112915,250.,-512.882751));
#276 = VECTOR('',#277,1.);
#277 = DIRECTION('',(-1.,0.,0.));
#278 = ORIENTED_EDGE('',*,*,#149,.F.);
#279 = ORIENTED_EDGE('',*,*,#280,.F.);
#280 = EDGE_CURVE('',#266,#150,#281,.T.);
#281 = LINE('',#282,#283);
#282 = CARTESIAN_POINT('',(-4.8271739885E+03,-250.,-512.882751));
#283 = VECTOR('',#284,1.);
#284 = DIRECTION('',(1.,0.,0.));
#285 = PLANE('',#286);
#286 = AXIS2_PLACEMENT_3D('',#287,#288,#289);
#287 = CARTESIAN_POINT('',(-6.257358963E+03,600.,-512.882751));
#288 = DIRECTION('',(0.,-3.3E-16,1.));
#289 = DIRECTION('',(1.,0.,0.));
#290 = ADVANCED_FACE('',(#291,#325),#350,.F.);
#291 = FACE_BOUND('',#292,.F.);
#292 = EDGE_LOOP('',(#293,#303,#311,#319));
#293 = ORIENTED_EDGE('',*,*,#294,.F.);
#294 = EDGE_CURVE('',#295,#297,#299,.T.);
#295 = VERTEX_POINT('',#296);
#296 = CARTESIAN_POINT('',(45.071457,600.,41.664356));
#297 = VERTEX_POINT('',#298);
#298 = CARTESIAN_POINT('',(-4.807642578E+03,600.,41.664356));
#299 = LINE('',#300,#301);
#300 = CARTESIAN_POINT('',(45.071457,600.,41.664356));
#301 = VECTOR('',#302,1.);
#302 = DIRECTION('',(-1.,0.,0.));
#303 = ORIENTED_EDGE('',*,*,#304,.T.);
#304 = EDGE_CURVE('',#295,#305,#307,.T.);
#305 = VERTEX_POINT('',#306);
#306 = CARTESIAN_POINT('',(45.071457,-600.,41.664356));
#307 = LINE('',#308,#309);
#308 = CARTESIAN_POINT('',(45.071457,600.,41.664356));
#309 = VECTOR('',#310,1.);
#310 = DIRECTION('',(0.,-1.,-3.3E-16));
#311 = ORIENTED_EDGE('',*,*,#312,.T.);
#312 = EDGE_CURVE('',#305,#313,#315,.T.);
#313 = VERTEX_POINT('',#314);
#314 = CARTESIAN_POINT('',(-4.807642578E+03,-600.,41.664356));
#315 = LINE('',#316,#317);
#316 = CARTESIAN_POINT('',(45.071457,-600.,41.664356));
#317 = VECTOR('',#318,1.);
#318 = DIRECTION('',(-1.,0.,0.));
#319 = ORIENTED_EDGE('',*,*,#320,.T.);
#320 = EDGE_CURVE('',#313,#297,#321,.T.);
#321 = LINE('',#322,#323);
#322 = CARTESIAN_POINT('',(-4.807642578E+03,850.,41.664356));
#323 = VECTOR('',#324,1.);
#324 = DIRECTION('',(0.,1.,3.3E-16));
#325 = FACE_BOUND('',#326,.F.);
#326 = EDGE_LOOP('',(#327,#337,#343,#344));
#327 = ORIENTED_EDGE('',*,*,#328,.T.);
#328 = EDGE_CURVE('',#329,#331,#333,.T.);
#329 = VERTEX_POINT('',#330);
#330 = CARTESIAN_POINT('',(-3.396989014E+03,250.,41.664356));
#331 = VERTEX_POINT('',#332);
#332 = CARTESIAN_POINT('',(-3.396989014E+03,-250.,41.664356));
#333 = LINE('',#334,#335);
#334 = CARTESIAN_POINT('',(-3.396989014E+03,250.,41.664356));
#335 = VECTOR('',#336,1.);
#336 = DIRECTION('',(0.,-1.,0.));
#337 = ORIENTED_EDGE('',*,*,#338,.T.);
#338 = EDGE_CURVE('',#331,#160,#339,.T.);
#339 = LINE('',#340,#341);
#340 = CARTESIAN_POINT('',(-836.871803,-250.,41.664356));
#341 = VECTOR('',#342,1.);
#342 = DIRECTION('',(1.,0.,0.));
#343 = ORIENTED_EDGE('',*,*,#167,.T.);
#344 = ORIENTED_EDGE('',*,*,#345,.T.);
#345 = EDGE_CURVE('',#168,#329,#346,.T.);
#346 = LINE('',#347,#348);
#347 = CARTESIAN_POINT('',(-2.9E+03,250.,41.664356));
#348 = VECTOR('',#349,1.);
#349 = DIRECTION('',(-1.,0.,0.));
#350 = PLANE('',#351);
#351 = AXIS2_PLACEMENT_3D('',#352,#353,#354);
#352 = CARTESIAN_POINT('',(45.071457,600.,41.664356));
#353 = DIRECTION('',(0.,3.3E-16,-1.));
#354 = DIRECTION('',(-1.,0.,0.));
#355 = ADVANCED_FACE('',(#356,#397),#408,.T.);
#356 = FACE_BOUND('',#357,.T.);
#357 = EDGE_LOOP('',(#358,#359,#367,#373,#374,#383,#391));
#358 = ORIENTED_EDGE('',*,*,#294,.F.);
#359 = ORIENTED_EDGE('',*,*,#360,.T.);
#360 = EDGE_CURVE('',#295,#361,#363,.T.);
#361 = VERTEX_POINT('',#362);
#362 = CARTESIAN_POINT('',(225.764694,600.,-183.018997));
#363 = LINE('',#364,#365);
#364 = CARTESIAN_POINT('',(45.071457,600.,41.664356));
#365 = VECTOR('',#366,1.);
#366 = DIRECTION('',(0.626694773297,0.,-0.779264820919));
#367 = ORIENTED_EDGE('',*,*,#368,.F.);
#368 = EDGE_CURVE('',#232,#361,#369,.T.);
#369 = LINE('',#370,#371);
#370 = CARTESIAN_POINT('',(225.764694,600.,-512.882751));
#371 = VECTOR('',#372,1.);
#372 = DIRECTION('',(0.,0.,1.));
#373 = ORIENTED_EDGE('',*,*,#229,.F.);
#374 = ORIENTED_EDGE('',*,*,#375,.T.);
#375 = EDGE_CURVE('',#230,#376,#378,.T.);
#376 = VERTEX_POINT('',#377);
#377 = CARTESIAN_POINT('',(-5.518237793E+03,600.,-165.594482));
#378 = CIRCLE('',#379,588.11821783819);
#379 = AXIS2_PLACEMENT_3D('',#380,#381,#382);
#380 = CARTESIAN_POINT('',(-5.520875E+03,600.,-753.706787));
#381 = DIRECTION('',(-0.,1.,2.2E-16));
#382 = DIRECTION('',(1.,0.,0.));
#383 = ORIENTED_EDGE('',*,*,#384,.T.);
#384 = EDGE_CURVE('',#376,#385,#387,.T.);
#385 = VERTEX_POINT('',#386);
#386 = CARTESIAN_POINT('',(-4.807642578E+03,600.,-165.594482));
#387 = LINE('',#388,#389);
#388 = CARTESIAN_POINT('',(-3.925659482611E+03,600.,-165.594482));
#389 = VECTOR('',#390,1.);
#390 = DIRECTION('',(1.,0.,0.));
#391 = ORIENTED_EDGE('',*,*,#392,.T.);
#392 = EDGE_CURVE('',#385,#297,#393,.T.);
#393 = LINE('',#394,#395);
#394 = CARTESIAN_POINT('',(-4.807642578E+03,600.,596.47930271431));
#395 = VECTOR('',#396,1.);
#396 = DIRECTION('',(0.,-2.1E-16,1.));
#397 = FACE_BOUND('',#398,.T.);
#398 = EDGE_LOOP('',(#399));
#399 = ORIENTED_EDGE('',*,*,#400,.F.);
#400 = EDGE_CURVE('',#401,#401,#403,.T.);
#401 = VERTEX_POINT('',#402);
#402 = CARTESIAN_POINT('',(30.,600.,-1.33E-13));
#403 = CIRCLE('',#404,30.);
#404 = AXIS2_PLACEMENT_3D('',#405,#406,#407);
#405 = CARTESIAN_POINT('',(0.,600.,-1.3323E-13));
#406 = DIRECTION('',(0.,1.,-2.2E-16));
#407 = DIRECTION('',(1.,0.,0.));
#408 = PLANE('',#409);
#409 = AXIS2_PLACEMENT_3D('',#410,#411,#412);
#410 = CARTESIAN_POINT('',(-3.043676387221E+03,600.,-238.4465455713));
#411 = DIRECTION('',(0.,1.,2.1E-16));
#412 = DIRECTION('',(0.,-2.1E-16,1.));
#413 = ADVANCED_FACE('',(#414),#467,.F.);
#414 = FACE_BOUND('',#415,.F.);
#415 = EDGE_LOOP('',(#416,#426,#435,#443,#450,#451,#452,#460));
#416 = ORIENTED_EDGE('',*,*,#417,.T.);
#417 = EDGE_CURVE('',#418,#420,#422,.T.);
#418 = VERTEX_POINT('',#419);
#419 = CARTESIAN_POINT('',(-6.108907685417E+03,1.1E+03,-763.736694));
#420 = VERTEX_POINT('',#421);
#421 = CARTESIAN_POINT('',(-6.108907685417E+03,-1.1E+03,-763.736694));
#422 = LINE('',#423,#424);
#423 = CARTESIAN_POINT('',(-6.108907685417E+03,1.1E+03,-763.736694));
#424 = VECTOR('',#425,1.);
#425 = DIRECTION('',(0.,-1.,-3.3E-16));
#426 = ORIENTED_EDGE('',*,*,#427,.F.);
#427 = EDGE_CURVE('',#428,#420,#430,.T.);
#428 = VERTEX_POINT('',#429);
#429 = CARTESIAN_POINT('',(-5.518237793E+03,-1.1E+03,-165.594482));
#430 = CIRCLE('',#431,588.11821783819);
#431 = AXIS2_PLACEMENT_3D('',#432,#433,#434);
#432 = CARTESIAN_POINT('',(-5.520875E+03,-1.1E+03,-753.706787));
#433 = DIRECTION('',(0.,-1.,0.));
#434 = DIRECTION('',(1.,0.,0.));
#435 = ORIENTED_EDGE('',*,*,#436,.F.);
#436 = EDGE_CURVE('',#437,#428,#439,.T.);
#437 = VERTEX_POINT('',#438);
#438 = CARTESIAN_POINT('',(-5.518237793E+03,-600.,-165.594482));
#439 = LINE('',#440,#441);
#440 = CARTESIAN_POINT('',(-5.518237793E+03,1.1E+03,-165.594482));
#441 = VECTOR('',#442,1.);
#442 = DIRECTION('',(0.,-1.,-3.3E-16));
#443 = ORIENTED_EDGE('',*,*,#444,.F.);
#444 = EDGE_CURVE('',#240,#437,#445,.T.);
#445 = CIRCLE('',#446,588.11821783819);
#446 = AXIS2_PLACEMENT_3D('',#447,#448,#449);
#447 = CARTESIAN_POINT('',(-5.520875E+03,-600.,-753.706787));
#448 = DIRECTION('',(-0.,1.,2.2E-16));
#449 = DIRECTION('',(1.,0.,0.));
#450 = ORIENTED_EDGE('',*,*,#239,.T.);
#451 = ORIENTED_EDGE('',*,*,#375,.T.);
#452 = ORIENTED_EDGE('',*,*,#453,.F.);
#453 = EDGE_CURVE('',#454,#376,#456,.T.);
#454 = VERTEX_POINT('',#455);
#455 = CARTESIAN_POINT('',(-5.518237793E+03,1.1E+03,-165.594482));
#456 = LINE('',#457,#458);
#457 = CARTESIAN_POINT('',(-5.518237793E+03,1.1E+03,-165.594482));
#458 = VECTOR('',#459,1.);
#459 = DIRECTION('',(0.,-1.,-3.3E-16));
#460 = ORIENTED_EDGE('',*,*,#461,.T.);
#461 = EDGE_CURVE('',#454,#418,#462,.T.);
#462 = CIRCLE('',#463,588.11821783819);
#463 = AXIS2_PLACEMENT_3D('',#464,#465,#466);
#464 = CARTESIAN_POINT('',(-5.520875E+03,1.1E+03,-753.706787));
#465 = DIRECTION('',(0.,-1.,0.));
#466 = DIRECTION('',(1.,0.,0.));
#467 = CYLINDRICAL_SURFACE('',#468,588.11821783819);
#468 = AXIS2_PLACEMENT_3D('',#469,#470,#471);
#469 = CARTESIAN_POINT('',(-5.520875E+03,1.1E+03,-753.706787));
#470 = DIRECTION('',(0.,1.,2.2E-16));
#471 = DIRECTION('',(1.,0.,0.));
#472 = ADVANCED_FACE('',(#473),#491,.F.);
#473 = FACE_BOUND('',#474,.F.);
#474 = EDGE_LOOP('',(#475,#476,#484,#490));
#475 = ORIENTED_EDGE('',*,*,#255,.T.);
#476 = ORIENTED_EDGE('',*,*,#477,.T.);
#477 = EDGE_CURVE('',#248,#478,#480,.T.);
#478 = VERTEX_POINT('',#479);
#479 = CARTESIAN_POINT('',(225.764694,-600.,-183.018997));
#480 = LINE('',#481,#482);
#481 = CARTESIAN_POINT('',(225.764694,-600.,-512.882751));
#482 = VECTOR('',#483,1.);
#483 = DIRECTION('',(0.,0.,1.));
#484 = ORIENTED_EDGE('',*,*,#485,.F.);
#485 = EDGE_CURVE('',#361,#478,#486,.T.);
#486 = LINE('',#487,#488);
#487 = CARTESIAN_POINT('',(225.764694,600.,-183.018997));
#488 = VECTOR('',#489,1.);
#489 = DIRECTION('',(0.,-1.,-3.3E-16));
#490 = ORIENTED_EDGE('',*,*,#368,.F.);
#491 = PLANE('',#492);
#492 = AXIS2_PLACEMENT_3D('',#493,#494,#495);
#493 = CARTESIAN_POINT('',(225.764694,600.,-512.882751));
#494 = DIRECTION('',(-1.,0.,0.));
#495 = DIRECTION('',(0.,-2.2E-16,1.));
#496 = ADVANCED_FACE('',(#497,#523),#534,.F.);
#497 = FACE_BOUND('',#498,.F.);
#498 = EDGE_LOOP('',(#499,#500,#506,#507,#508,#509,#517));
#499 = ORIENTED_EDGE('',*,*,#312,.F.);
#500 = ORIENTED_EDGE('',*,*,#501,.T.);
#501 = EDGE_CURVE('',#305,#478,#502,.T.);
#502 = LINE('',#503,#504);
#503 = CARTESIAN_POINT('',(45.071457,-600.,41.664356));
#504 = VECTOR('',#505,1.);
#505 = DIRECTION('',(0.626694773297,0.,-0.779264820919));
#506 = ORIENTED_EDGE('',*,*,#477,.F.);
#507 = ORIENTED_EDGE('',*,*,#247,.F.);
#508 = ORIENTED_EDGE('',*,*,#444,.T.);
#509 = ORIENTED_EDGE('',*,*,#510,.T.);
#510 = EDGE_CURVE('',#437,#511,#513,.T.);
#511 = VERTEX_POINT('',#512);
#512 = CARTESIAN_POINT('',(-4.807642578E+03,-600.,-165.594482));
#513 = LINE('',#514,#515);
#514 = CARTESIAN_POINT('',(-3.925659482611E+03,-600.,-165.594482));
#515 = VECTOR('',#516,1.);
#516 = DIRECTION('',(1.,0.,0.));
#517 = ORIENTED_EDGE('',*,*,#518,.T.);
#518 = EDGE_CURVE('',#511,#313,#519,.T.);
#519 = LINE('',#520,#521);
#520 = CARTESIAN_POINT('',(-4.807642578E+03,-600.,596.47930271431));
#521 = VECTOR('',#522,1.);
#522 = DIRECTION('',(0.,-2.1E-16,1.));
#523 = FACE_BOUND('',#524,.F.);
#524 = EDGE_LOOP('',(#525));
#525 = ORIENTED_EDGE('',*,*,#526,.F.);
#526 = EDGE_CURVE('',#527,#527,#529,.T.);
#527 = VERTEX_POINT('',#528);
#528 = CARTESIAN_POINT('',(30.,-600.,1.33E-13));
#529 = CIRCLE('',#530,30.);
#530 = AXIS2_PLACEMENT_3D('',#531,#532,#533);
#531 = CARTESIAN_POINT('',(0.,-600.,1.3323E-13));
#532 = DIRECTION('',(0.,1.,-2.2E-16));
#533 = DIRECTION('',(1.,0.,0.));
#534 = PLANE('',#535);
#535 = AXIS2_PLACEMENT_3D('',#536,#537,#538);
#536 = CARTESIAN_POINT('',(-3.043676387221E+03,-600.,-238.4465455713));
#537 = DIRECTION('',(0.,1.,2.1E-16));
#538 = DIRECTION('',(0.,-2.1E-16,1.));
#539 = ADVANCED_FACE('',(#540),#556,.F.);
#540 = FACE_BOUND('',#541,.F.);
#541 = EDGE_LOOP('',(#542,#543,#549,#550));
#542 = ORIENTED_EDGE('',*,*,#328,.F.);
#543 = ORIENTED_EDGE('',*,*,#544,.T.);
#544 = EDGE_CURVE('',#329,#264,#545,.T.);
#545 = LINE('',#546,#547);
#546 = CARTESIAN_POINT('',(-3.396989014E+03,250.,41.664356));
#547 = VECTOR('',#548,1.);
#548 = DIRECTION('',(-0.,-0.,-1.));
#549 = ORIENTED_EDGE('',*,*,#263,.T.);
#550 = ORIENTED_EDGE('',*,*,#551,.F.);
#551 = EDGE_CURVE('',#331,#266,#552,.T.);
#552 = LINE('',#553,#554);
#553 = CARTESIAN_POINT('',(-3.396989014E+03,-250.,41.664356));
#554 = VECTOR('',#555,1.);
#555 = DIRECTION('',(-0.,-0.,-1.));
#556 = PLANE('',#557);
#557 = AXIS2_PLACEMENT_3D('',#558,#559,#560);
#558 = CARTESIAN_POINT('',(-3.396989014E+03,250.,41.664356));
#559 = DIRECTION('',(-1.,0.,0.));
#560 = DIRECTION('',(0.,-1.,0.));
#561 = ADVANCED_FACE('',(#562),#568,.T.);
#562 = FACE_BOUND('',#563,.T.);
#563 = EDGE_LOOP('',(#564,#565,#566,#567));
#564 = ORIENTED_EDGE('',*,*,#304,.T.);
#565 = ORIENTED_EDGE('',*,*,#501,.T.);
#566 = ORIENTED_EDGE('',*,*,#485,.F.);
#567 = ORIENTED_EDGE('',*,*,#360,.F.);
#568 = PLANE('',#569);
#569 = AXIS2_PLACEMENT_3D('',#570,#571,#572);
#570 = CARTESIAN_POINT('',(45.071457,600.,41.664356));
#571 = DIRECTION('',(0.779264820919,-2.1E-16,0.626694773297));
#572 = DIRECTION('',(0.626694773297,1.7E-16,-0.779264820919));
#573 = ADVANCED_FACE('',(#574),#617,.T.);
#574 = FACE_BOUND('',#575,.T.);
#575 = EDGE_LOOP('',(#576,#586,#594,#602,#608,#609,#610,#611));
#576 = ORIENTED_EDGE('',*,*,#577,.F.);
#577 = EDGE_CURVE('',#578,#580,#582,.T.);
#578 = VERTEX_POINT('',#579);
#579 = CARTESIAN_POINT('',(-4.807642578E+03,1.1E+03,1.431405151E+03));
#580 = VERTEX_POINT('',#581);
#581 = CARTESIAN_POINT('',(-4.807642578E+03,1.1E+03,-165.594482));
#582 = LINE('',#583,#584);
#583 = CARTESIAN_POINT('',(-4.807642578E+03,1.1E+03,1.431405151E+03));
#584 = VECTOR('',#585,1.);
#585 = DIRECTION('',(0.,0.,-1.));
#586 = ORIENTED_EDGE('',*,*,#587,.T.);
#587 = EDGE_CURVE('',#578,#588,#590,.T.);
#588 = VERTEX_POINT('',#589);
#589 = CARTESIAN_POINT('',(-4.807642578E+03,-1.1E+03,1.431405151E+03));
#590 = LINE('',#591,#592);
#591 = CARTESIAN_POINT('',(-4.807642578E+03,1.1E+03,1.431405151E+03));
#592 = VECTOR('',#593,1.);
#593 = DIRECTION('',(0.,-1.,-3.3E-16));
#594 = ORIENTED_EDGE('',*,*,#595,.T.);
#595 = EDGE_CURVE('',#588,#596,#598,.T.);
#596 = VERTEX_POINT('',#597);
#597 = CARTESIAN_POINT('',(-4.807642578E+03,-1.1E+03,-165.594482));
#598 = LINE('',#599,#600);
#599 = CARTESIAN_POINT('',(-4.807642578E+03,-1.1E+03,1.431405151E+03));
#600 = VECTOR('',#601,1.);
#601 = DIRECTION('',(0.,0.,-1.));
#602 = ORIENTED_EDGE('',*,*,#603,.F.);
#603 = EDGE_CURVE('',#511,#596,#604,.T.);
#604 = LINE('',#605,#606);
#605 = CARTESIAN_POINT('',(-4.807642578E+03,1.1E+03,-165.594482));
#606 = VECTOR('',#607,1.);
#607 = DIRECTION('',(0.,-1.,-3.3E-16));
#608 = ORIENTED_EDGE('',*,*,#518,.T.);
#609 = ORIENTED_EDGE('',*,*,#320,.T.);
#610 = ORIENTED_EDGE('',*,*,#392,.F.);
#611 = ORIENTED_EDGE('',*,*,#612,.F.);
#612 = EDGE_CURVE('',#580,#385,#613,.T.);
#613 = LINE('',#614,#615);
#614 = CARTESIAN_POINT('',(-4.807642578E+03,1.1E+03,-165.594482));
#615 = VECTOR('',#616,1.);
#616 = DIRECTION('',(0.,-1.,-3.3E-16));
#617 = PLANE('',#618);
#618 = AXIS2_PLACEMENT_3D('',#619,#620,#621);
#619 = CARTESIAN_POINT('',(-4.807642578E+03,1.1E+03,1.431405151E+03));
#620 = DIRECTION('',(1.,0.,0.));
#621 = DIRECTION('',(0.,2.2E-16,-1.));
#622 = ADVANCED_FACE('',(#623),#634,.T.);
#623 = FACE_BOUND('',#624,.T.);
#624 = EDGE_LOOP('',(#625,#631,#632,#633));
#625 = ORIENTED_EDGE('',*,*,#626,.F.);
#626 = EDGE_CURVE('',#580,#454,#627,.T.);
#627 = LINE('',#628,#629);
#628 = CARTESIAN_POINT('',(-4.807642578E+03,1.1E+03,-165.594482));
#629 = VECTOR('',#630,1.);
#630 = DIRECTION('',(-1.,0.,0.));
#631 = ORIENTED_EDGE('',*,*,#612,.T.);
#632 = ORIENTED_EDGE('',*,*,#384,.F.);
#633 = ORIENTED_EDGE('',*,*,#453,.F.);
#634 = PLANE('',#635);
#635 = AXIS2_PLACEMENT_3D('',#636,#637,#638);
#636 = CARTESIAN_POINT('',(-4.807642578E+03,1.1E+03,-165.594482));
#637 = DIRECTION('',(0.,3.3E-16,-1.));
#638 = DIRECTION('',(-1.,0.,0.));
#639 = ADVANCED_FACE('',(#640),#659,.T.);
#640 = FACE_BOUND('',#641,.T.);
#641 = EDGE_LOOP('',(#642,#650,#651,#652));
#642 = ORIENTED_EDGE('',*,*,#643,.T.);
#643 = EDGE_CURVE('',#644,#401,#646,.T.);
#644 = VERTEX_POINT('',#645);
#645 = CARTESIAN_POINT('',(30.,650.,-1.44E-13));
#646 = LINE('',#647,#648);
#647 = CARTESIAN_POINT('',(30.,650.,-1.4433E-13));
#648 = VECTOR('',#649,1.);
#649 = DIRECTION('',(0.,-1.,2.2E-16));
#650 = ORIENTED_EDGE('',*,*,#400,.T.);
#651 = ORIENTED_EDGE('',*,*,#643,.F.);
#652 = ORIENTED_EDGE('',*,*,#653,.T.);
#653 = EDGE_CURVE('',#644,#644,#654,.T.);
#654 = CIRCLE('',#655,30.);
#655 = AXIS2_PLACEMENT_3D('',#656,#657,#658);
#656 = CARTESIAN_POINT('',(0.,650.,-1.4433E-13));
#657 = DIRECTION('',(0.,-1.,2.2E-16));
#658 = DIRECTION('',(1.,0.,0.));
#659 = CYLINDRICAL_SURFACE('',#660,30.);
#660 = AXIS2_PLACEMENT_3D('',#661,#662,#663);
#661 = CARTESIAN_POINT('',(0.,650.,-1.4433E-13));
#662 = DIRECTION('',(0.,1.,-2.2E-16));
#663 = DIRECTION('',(1.,0.,0.));
#664 = ADVANCED_FACE('',(#665),#690,.T.);
#665 = FACE_BOUND('',#666,.T.);
#666 = EDGE_LOOP('',(#667,#668,#676,#684));
#667 = ORIENTED_EDGE('',*,*,#417,.T.);
#668 = ORIENTED_EDGE('',*,*,#669,.T.);
#669 = EDGE_CURVE('',#420,#670,#672,.T.);
#670 = VERTEX_POINT('',#671);
#671 = CARTESIAN_POINT('',(-6.891266113E+03,-1.1E+03,-763.736694));
#672 = LINE('',#673,#674);
#673 = CARTESIAN_POINT('',(-6.108907685417E+03,-1.1E+03,-763.736694));
#674 = VECTOR('',#675,1.);
#675 = DIRECTION('',(-1.,0.,0.));
#676 = ORIENTED_EDGE('',*,*,#677,.F.);
#677 = EDGE_CURVE('',#678,#670,#680,.T.);
#678 = VERTEX_POINT('',#679);
#679 = CARTESIAN_POINT('',(-6.891266113E+03,1.1E+03,-763.736694));
#680 = LINE('',#681,#682);
#681 = CARTESIAN_POINT('',(-6.891266113E+03,1.1E+03,-763.736694));
#682 = VECTOR('',#683,1.);
#683 = DIRECTION('',(0.,-1.,-3.3E-16));
#684 = ORIENTED_EDGE('',*,*,#685,.F.);
#685 = EDGE_CURVE('',#418,#678,#686,.T.);
#686 = LINE('',#687,#688);
#687 = CARTESIAN_POINT('',(-6.108907685417E+03,1.1E+03,-763.736694));
#688 = VECTOR('',#689,1.);
#689 = DIRECTION('',(-1.,0.,0.));
#690 = PLANE('',#691);
#691 = AXIS2_PLACEMENT_3D('',#692,#693,#694);
#692 = CARTESIAN_POINT('',(-6.108907685417E+03,1.1E+03,-763.736694));
#693 = DIRECTION('',(0.,3.3E-16,-1.));
#694 = DIRECTION('',(-1.,0.,0.));
#695 = ADVANCED_FACE('',(#696,#747,#834),#922,.F.);
#696 = FACE_BOUND('',#697,.F.);
#697 = EDGE_LOOP('',(#698,#699,#705,#706,#707,#715,#723,#732,#740));
#698 = ORIENTED_EDGE('',*,*,#595,.T.);
#699 = ORIENTED_EDGE('',*,*,#700,.T.);
#700 = EDGE_CURVE('',#596,#428,#701,.T.);
#701 = LINE('',#702,#703);
#702 = CARTESIAN_POINT('',(-4.807642578E+03,-1.1E+03,-165.594482));
#703 = VECTOR('',#704,1.);
#704 = DIRECTION('',(-1.,0.,0.));
#705 = ORIENTED_EDGE('',*,*,#427,.T.);
#706 = ORIENTED_EDGE('',*,*,#669,.T.);
#707 = ORIENTED_EDGE('',*,*,#708,.T.);
#708 = EDGE_CURVE('',#670,#709,#711,.T.);
#709 = VERTEX_POINT('',#710);
#710 = CARTESIAN_POINT('',(-6.891266113E+03,-1.1E+03,656.649231));
#711 = LINE('',#712,#713);
#712 = CARTESIAN_POINT('',(-6.891266113E+03,-1.1E+03,-763.736694));
#713 = VECTOR('',#714,1.);
#714 = DIRECTION('',(0.,0.,1.));
#715 = ORIENTED_EDGE('',*,*,#716,.T.);
#716 = EDGE_CURVE('',#709,#717,#719,.T.);
#717 = VERTEX_POINT('',#718);
#718 = CARTESIAN_POINT('',(-6.546864448125E+03,-1.1E+03,
    1.57177328672E+03));
#719 = LINE('',#720,#721);
#720 = CARTESIAN_POINT('',(-6.891266113E+03,-1.1E+03,656.649231));
#721 = VECTOR('',#722,1.);
#722 = DIRECTION('',(0.35222618258,0.,0.935914908688));
#723 = ORIENTED_EDGE('',*,*,#724,.F.);
#724 = EDGE_CURVE('',#725,#717,#727,.T.);
#725 = VERTEX_POINT('',#726);
#726 = CARTESIAN_POINT('',(-6.291742662857E+03,-1.1E+03,1.748350464E+03)
  );
#727 = CIRCLE('',#728,272.590791);
#728 = AXIS2_PLACEMENT_3D('',#729,#730,#731);
#729 = CARTESIAN_POINT('',(-6.291742662857E+03,-1.1E+03,1.475759673E+03)
  );
#730 = DIRECTION('',(0.,-1.,0.));
#731 = DIRECTION('',(1.,0.,0.));
#732 = ORIENTED_EDGE('',*,*,#733,.T.);
#733 = EDGE_CURVE('',#725,#734,#736,.T.);
#734 = VERTEX_POINT('',#735);
#735 = CARTESIAN_POINT('',(-5.124587891E+03,-1.1E+03,1.748350464E+03));
#736 = LINE('',#737,#738);
#737 = CARTESIAN_POINT('',(-6.291742662857E+03,-1.1E+03,1.748350464E+03)
  );
#738 = VECTOR('',#739,1.);
#739 = DIRECTION('',(1.,0.,0.));
#740 = ORIENTED_EDGE('',*,*,#741,.F.);
#741 = EDGE_CURVE('',#588,#734,#742,.T.);
#742 = CIRCLE('',#743,316.945313);
#743 = AXIS2_PLACEMENT_3D('',#744,#745,#746);
#744 = CARTESIAN_POINT('',(-5.124587891E+03,-1.1E+03,1.431405151E+03));
#745 = DIRECTION('',(0.,-1.,0.));
#746 = DIRECTION('',(1.,0.,0.));
#747 = FACE_BOUND('',#748,.F.);
#748 = EDGE_LOOP('',(#749,#759,#768,#776,#785,#793,#802,#810,#819,#827)
  );
#749 = ORIENTED_EDGE('',*,*,#750,.F.);
#750 = EDGE_CURVE('',#751,#753,#755,.T.);
#751 = VERTEX_POINT('',#752);
#752 = CARTESIAN_POINT('',(-6.470900687756E+03,-1.1E+03,578.46455491832)
  );
#753 = VERTEX_POINT('',#754);
#754 = CARTESIAN_POINT('',(-6.068395870747E+03,-1.1E+03,711.97305719854)
  );
#755 = LINE('',#756,#757);
#756 = CARTESIAN_POINT('',(-6.216090048696E+03,-1.1E+03,662.98375903304)
  );
#757 = VECTOR('',#758,1.);
#758 = DIRECTION('',(0.949149007014,-6.E-17,0.314827194638));
#759 = ORIENTED_EDGE('',*,*,#760,.F.);
#760 = EDGE_CURVE('',#761,#751,#763,.T.);
#761 = VERTEX_POINT('',#762);
#762 = CARTESIAN_POINT('',(-6.539417968292E+03,-1.1E+03,483.54965421689)
  );
#763 = CIRCLE('',#764,100.);
#764 = AXIS2_PLACEMENT_3D('',#765,#766,#767);
#765 = CARTESIAN_POINT('',(-6.439417968292E+03,-1.1E+03,483.54965421689)
  );
#766 = DIRECTION('',(-0.,1.,2.2E-16));
#767 = DIRECTION('',(1.,0.,0.));
#768 = ORIENTED_EDGE('',*,*,#769,.T.);
#769 = EDGE_CURVE('',#761,#770,#772,.T.);
#770 = VERTEX_POINT('',#771);
#771 = CARTESIAN_POINT('',(-6.539417968292E+03,-1.1E+03,315.62206565765)
  );
#772 = LINE('',#773,#774);
#773 = CARTESIAN_POINT('',(-6.539417968292E+03,-1.1E+03,500.12416270491)
  );
#774 = VECTOR('',#775,1.);
#775 = DIRECTION('',(0.,2.5E-16,-1.));
#776 = ORIENTED_EDGE('',*,*,#777,.F.);
#777 = EDGE_CURVE('',#778,#770,#780,.T.);
#778 = VERTEX_POINT('',#779);
#779 = CARTESIAN_POINT('',(-6.485199305668E+03,-1.1E+03,265.80035467079)
  );
#780 = CIRCLE('',#781,50.);
#781 = AXIS2_PLACEMENT_3D('',#782,#783,#784);
#782 = CARTESIAN_POINT('',(-6.489417968292E+03,-1.1E+03,315.62206565765)
  );
#783 = DIRECTION('',(-0.,1.,2.2E-16));
#784 = DIRECTION('',(1.,0.,0.));
#785 = ORIENTED_EDGE('',*,*,#786,.T.);
#786 = EDGE_CURVE('',#778,#787,#789,.T.);
#787 = VERTEX_POINT('',#788);
#788 = CARTESIAN_POINT('',(-6.317889011058E+03,-1.1E+03,279.96738491958)
  );
#789 = LINE('',#790,#791);
#790 = CARTESIAN_POINT('',(-6.1765516762E+03,-1.1E+03,291.93514998087));
#791 = VECTOR('',#792,1.);
#792 = DIRECTION('',(0.996434219737,0.,8.437325249428E-02));
#793 = ORIENTED_EDGE('',*,*,#794,.F.);
#794 = EDGE_CURVE('',#795,#787,#797,.T.);
#795 = VERTEX_POINT('',#796);
#796 = CARTESIAN_POINT('',(-6.230972298967E+03,-1.1E+03,317.24839502135)
  );
#797 = CIRCLE('',#798,150.);
#798 = AXIS2_PLACEMENT_3D('',#799,#800,#801);
#799 = CARTESIAN_POINT('',(-6.330544998933E+03,-1.1E+03,429.43251788018)
  );
#800 = DIRECTION('',(-0.,1.,2.2E-16));
#801 = DIRECTION('',(1.,0.,0.));
#802 = ORIENTED_EDGE('',*,*,#803,.T.);
#803 = EDGE_CURVE('',#795,#804,#806,.T.);
#804 = VERTEX_POINT('',#805);
#805 = CARTESIAN_POINT('',(-6.036272711038E+03,-1.1E+03,490.06040404868)
  );
#806 = LINE('',#807,#808);
#807 = CARTESIAN_POINT('',(-6.084625668425E+03,-1.1E+03,447.14314984536)
  );
#808 = VECTOR('',#809,1.);
#809 = DIRECTION('',(0.747894152392,-1.5E-16,0.663817999769));
#810 = ORIENTED_EDGE('',*,*,#811,.F.);
#811 = EDGE_CURVE('',#812,#804,#814,.T.);
#812 = VERTEX_POINT('',#813);
#813 = CARTESIAN_POINT('',(-6.002654511015E+03,-1.1E+03,564.8498192879)
  );
#814 = CIRCLE('',#815,100.);
#815 = AXIS2_PLACEMENT_3D('',#816,#817,#818);
#816 = CARTESIAN_POINT('',(-6.102654511015E+03,-1.1E+03,564.8498192879)
  );
#817 = DIRECTION('',(-0.,1.,2.2E-16));
#818 = DIRECTION('',(1.,0.,0.));
#819 = ORIENTED_EDGE('',*,*,#820,.F.);
#820 = EDGE_CURVE('',#821,#812,#823,.T.);
#821 = VERTEX_POINT('',#822);
#822 = CARTESIAN_POINT('',(-6.002654511015E+03,-1.1E+03,664.51560684782)
  );
#823 = LINE('',#824,#825);
#824 = CARTESIAN_POINT('',(-6.002654511015E+03,-1.1E+03,590.60713902038)
  );
#825 = VECTOR('',#826,1.);
#826 = DIRECTION('',(0.,2.5E-16,-1.));
#827 = ORIENTED_EDGE('',*,*,#828,.F.);
#828 = EDGE_CURVE('',#753,#821,#829,.T.);
#829 = CIRCLE('',#830,50.);
#830 = AXIS2_PLACEMENT_3D('',#831,#832,#833);
#831 = CARTESIAN_POINT('',(-6.052654511015E+03,-1.1E+03,664.51560684782)
  );
#832 = DIRECTION('',(-0.,1.,2.2E-16));
#833 = DIRECTION('',(1.,0.,0.));
#834 = FACE_BOUND('',#835,.F.);
#835 = EDGE_LOOP('',(#836,#846,#855,#864,#873,#881,#890,#898,#907,#915)
  );
#836 = ORIENTED_EDGE('',*,*,#837,.F.);
#837 = EDGE_CURVE('',#838,#840,#842,.T.);
#838 = VERTEX_POINT('',#839);
#839 = CARTESIAN_POINT('',(-6.221341985828E+03,-1.1E+03,
    1.509146726463E+03));
#840 = VERTEX_POINT('',#841);
#841 = CARTESIAN_POINT('',(-5.637887055968E+03,-1.1E+03,
    1.509146726463E+03));
#842 = LINE('',#843,#844);
#843 = CARTESIAN_POINT('',(-6.053032478396E+03,-1.1E+03,
    1.509146726463E+03));
#844 = VECTOR('',#845,1.);
#845 = DIRECTION('',(1.,2.E-17,0.));
#846 = ORIENTED_EDGE('',*,*,#847,.F.);
#847 = EDGE_CURVE('',#848,#838,#850,.T.);
#848 = VERTEX_POINT('',#849);
#849 = CARTESIAN_POINT('',(-6.383240349483E+03,-1.1E+03,
    1.40781641469E+03));
#850 = CIRCLE('',#851,180.);
#851 = AXIS2_PLACEMENT_3D('',#852,#853,#854);
#852 = CARTESIAN_POINT('',(-6.221341985828E+03,-1.1E+03,
    1.329146726463E+03));
#853 = DIRECTION('',(-0.,1.,2.2E-16));
#854 = DIRECTION('',(1.,0.,0.));
#855 = ORIENTED_EDGE('',*,*,#856,.F.);
#856 = EDGE_CURVE('',#857,#848,#859,.T.);
#857 = VERTEX_POINT('',#858);
#858 = CARTESIAN_POINT('',(-6.478826466186E+03,-1.1E+03,818.97520408447)
  );
#859 = CIRCLE('',#860,1.038239590319E+03);
#860 = AXIS2_PLACEMENT_3D('',#861,#862,#863);
#861 = CARTESIAN_POINT('',(-5.449410956401E+03,-1.1E+03,954.04983204942)
  );
#862 = DIRECTION('',(-0.,1.,2.2E-16));
#863 = DIRECTION('',(1.,0.,0.));
#864 = ORIENTED_EDGE('',*,*,#865,.F.);
#865 = EDGE_CURVE('',#866,#857,#868,.T.);
#866 = VERTEX_POINT('',#867);
#867 = CARTESIAN_POINT('',(-6.410333166154E+03,-1.1E+03,779.19736500009)
  );
#868 = CIRCLE('',#869,50.);
#869 = AXIS2_PLACEMENT_3D('',#870,#871,#872);
#870 = CARTESIAN_POINT('',(-6.429251420147E+03,-1.1E+03,825.48018757886)
  );
#871 = DIRECTION('',(-0.,1.,2.2E-16));
#872 = DIRECTION('',(1.,0.,0.));
#873 = ORIENTED_EDGE('',*,*,#874,.F.);
#874 = EDGE_CURVE('',#875,#866,#877,.T.);
#875 = VERTEX_POINT('',#876);
#876 = CARTESIAN_POINT('',(-6.065695502846E+03,-1.1E+03,920.06912879339)
  );
#877 = LINE('',#878,#879);
#878 = CARTESIAN_POINT('',(-6.0588007062E+03,-1.1E+03,922.88739930736));
#879 = VECTOR('',#880,1.);
#880 = DIRECTION('',(-0.925656451575,8.E-17,-0.378365079859));
#881 = ORIENTED_EDGE('',*,*,#882,.T.);
#882 = EDGE_CURVE('',#875,#883,#885,.T.);
#883 = VERTEX_POINT('',#884);
#884 = CARTESIAN_POINT('',(-5.929726115211E+03,-1.1E+03,946.7852484672)
  );
#885 = CIRCLE('',#886,359.36029742911);
#886 = AXIS2_PLACEMENT_3D('',#887,#888,#889);
#887 = CARTESIAN_POINT('',(-5.929726115211E+03,-1.1E+03,587.42495103809)
  );
#888 = DIRECTION('',(-0.,1.,2.2E-16));
#889 = DIRECTION('',(1.,0.,0.));
#890 = ORIENTED_EDGE('',*,*,#891,.F.);
#891 = EDGE_CURVE('',#892,#883,#894,.T.);
#892 = VERTEX_POINT('',#893);
#893 = CARTESIAN_POINT('',(-5.637887055968E+03,-1.1E+03,946.7852484672)
  );
#894 = LINE('',#895,#896);
#895 = CARTESIAN_POINT('',(-5.761305013466E+03,-1.1E+03,946.7852484672)
  );
#896 = VECTOR('',#897,1.);
#897 = DIRECTION('',(-1.,-2.E-17,-0.));
#898 = ORIENTED_EDGE('',*,*,#899,.F.);
#899 = EDGE_CURVE('',#900,#892,#902,.T.);
#900 = VERTEX_POINT('',#901);
#901 = CARTESIAN_POINT('',(-5.557887055968E+03,-1.1E+03,
    1.026785248467E+03));
#902 = CIRCLE('',#903,80.);
#903 = AXIS2_PLACEMENT_3D('',#904,#905,#906);
#904 = CARTESIAN_POINT('',(-5.637887055968E+03,-1.1E+03,
    1.026785248467E+03));
#905 = DIRECTION('',(-0.,1.,2.2E-16));
#906 = DIRECTION('',(1.,0.,0.));
#907 = ORIENTED_EDGE('',*,*,#908,.F.);
#908 = EDGE_CURVE('',#909,#900,#911,.T.);
#909 = VERTEX_POINT('',#910);
#910 = CARTESIAN_POINT('',(-5.557887055968E+03,-1.1E+03,
    1.429146726463E+03));
#911 = LINE('',#912,#913);
#912 = CARTESIAN_POINT('',(-5.557887055968E+03,-1.1E+03,972.92269882777)
  );
#913 = VECTOR('',#914,1.);
#914 = DIRECTION('',(0.,2.5E-16,-1.));
#915 = ORIENTED_EDGE('',*,*,#916,.F.);
#916 = EDGE_CURVE('',#840,#909,#917,.T.);
#917 = CIRCLE('',#918,80.);
#918 = AXIS2_PLACEMENT_3D('',#919,#920,#921);
#919 = CARTESIAN_POINT('',(-5.637887055968E+03,-1.1E+03,
    1.429146726463E+03));
#920 = DIRECTION('',(-0.,1.,2.2E-16));
#921 = DIRECTION('',(1.,0.,0.));
#922 = PLANE('',#923);
#923 = AXIS2_PLACEMENT_3D('',#924,#925,#926);
#924 = CARTESIAN_POINT('',(-5.884722970964E+03,-1.1E+03,516.69867119294)
  );
#925 = DIRECTION('',(-2.E-17,1.,2.5E-16));
#926 = DIRECTION('',(0.,-2.5E-16,1.));
#927 = ADVANCED_FACE('',(#928),#934,.T.);
#928 = FACE_BOUND('',#929,.T.);
#929 = EDGE_LOOP('',(#930,#931,#932,#933));
#930 = ORIENTED_EDGE('',*,*,#510,.T.);
#931 = ORIENTED_EDGE('',*,*,#603,.T.);
#932 = ORIENTED_EDGE('',*,*,#700,.T.);
#933 = ORIENTED_EDGE('',*,*,#436,.F.);
#934 = PLANE('',#935);
#935 = AXIS2_PLACEMENT_3D('',#936,#937,#938);
#936 = CARTESIAN_POINT('',(-4.807642578E+03,1.1E+03,-165.594482));
#937 = DIRECTION('',(0.,3.3E-16,-1.));
#938 = DIRECTION('',(-1.,0.,0.));
#939 = ADVANCED_FACE('',(#940,#986,#1073),#1161,.T.);
#940 = FACE_BOUND('',#941,.T.);
#941 = EDGE_LOOP('',(#942,#943,#944,#945,#946,#954,#962,#971,#979));
#942 = ORIENTED_EDGE('',*,*,#577,.T.);
#943 = ORIENTED_EDGE('',*,*,#626,.T.);
#944 = ORIENTED_EDGE('',*,*,#461,.T.);
#945 = ORIENTED_EDGE('',*,*,#685,.T.);
#946 = ORIENTED_EDGE('',*,*,#947,.T.);
#947 = EDGE_CURVE('',#678,#948,#950,.T.);
#948 = VERTEX_POINT('',#949);
#949 = CARTESIAN_POINT('',(-6.891266113E+03,1.1E+03,656.649231));
#950 = LINE('',#951,#952);
#951 = CARTESIAN_POINT('',(-6.891266113E+03,1.1E+03,-763.736694));
#952 = VECTOR('',#953,1.);
#953 = DIRECTION('',(0.,0.,1.));
#954 = ORIENTED_EDGE('',*,*,#955,.T.);
#955 = EDGE_CURVE('',#948,#956,#958,.T.);
#956 = VERTEX_POINT('',#957);
#957 = CARTESIAN_POINT('',(-6.546864448125E+03,1.1E+03,1.57177328672E+03
    ));
#958 = LINE('',#959,#960);
#959 = CARTESIAN_POINT('',(-6.891266113E+03,1.1E+03,656.649231));
#960 = VECTOR('',#961,1.);
#961 = DIRECTION('',(0.35222618258,0.,0.935914908688));
#962 = ORIENTED_EDGE('',*,*,#963,.F.);
#963 = EDGE_CURVE('',#964,#956,#966,.T.);
#964 = VERTEX_POINT('',#965);
#965 = CARTESIAN_POINT('',(-6.291742662857E+03,1.1E+03,1.748350464E+03)
  );
#966 = CIRCLE('',#967,272.590791);
#967 = AXIS2_PLACEMENT_3D('',#968,#969,#970);
#968 = CARTESIAN_POINT('',(-6.291742662857E+03,1.1E+03,1.475759673E+03)
  );
#969 = DIRECTION('',(0.,-1.,0.));
#970 = DIRECTION('',(1.,0.,0.));
#971 = ORIENTED_EDGE('',*,*,#972,.T.);
#972 = EDGE_CURVE('',#964,#973,#975,.T.);
#973 = VERTEX_POINT('',#974);
#974 = CARTESIAN_POINT('',(-5.124587891E+03,1.1E+03,1.748350464E+03));
#975 = LINE('',#976,#977);
#976 = CARTESIAN_POINT('',(-6.291742662857E+03,1.1E+03,1.748350464E+03)
  );
#977 = VECTOR('',#978,1.);
#978 = DIRECTION('',(1.,0.,0.));
#979 = ORIENTED_EDGE('',*,*,#980,.F.);
#980 = EDGE_CURVE('',#578,#973,#981,.T.);
#981 = CIRCLE('',#982,316.945313);
#982 = AXIS2_PLACEMENT_3D('',#983,#984,#985);
#983 = CARTESIAN_POINT('',(-5.124587891E+03,1.1E+03,1.431405151E+03));
#984 = DIRECTION('',(0.,-1.,0.));
#985 = DIRECTION('',(1.,0.,0.));
#986 = FACE_BOUND('',#987,.T.);
#987 = EDGE_LOOP('',(#988,#999,#1007,#1016,#1024,#1033,#1041,#1050,#1058
    ,#1067));
#988 = ORIENTED_EDGE('',*,*,#989,.T.);
#989 = EDGE_CURVE('',#990,#992,#994,.T.);
#990 = VERTEX_POINT('',#991);
#991 = CARTESIAN_POINT('',(-6.002654511015E+03,1.1E+03,664.51560684782)
  );
#992 = VERTEX_POINT('',#993);
#993 = CARTESIAN_POINT('',(-6.068395870747E+03,1.1E+03,711.97305719854)
  );
#994 = CIRCLE('',#995,50.);
#995 = AXIS2_PLACEMENT_3D('',#996,#997,#998);
#996 = CARTESIAN_POINT('',(-6.052654511015E+03,1.1E+03,664.51560684782)
  );
#997 = DIRECTION('',(0.,-1.,2.2E-16));
#998 = DIRECTION('',(1.,0.,0.));
#999 = ORIENTED_EDGE('',*,*,#1000,.T.);
#1000 = EDGE_CURVE('',#992,#1001,#1003,.T.);
#1001 = VERTEX_POINT('',#1002);
#1002 = CARTESIAN_POINT('',(-6.470900687756E+03,1.1E+03,578.46455491832)
  );
#1003 = LINE('',#1004,#1005);
#1004 = CARTESIAN_POINT('',(-6.216090048696E+03,1.1E+03,662.98375903304)
  );
#1005 = VECTOR('',#1006,1.);
#1006 = DIRECTION('',(-0.949149007014,6.E-17,-0.314827194638));
#1007 = ORIENTED_EDGE('',*,*,#1008,.T.);
#1008 = EDGE_CURVE('',#1001,#1009,#1011,.T.);
#1009 = VERTEX_POINT('',#1010);
#1010 = CARTESIAN_POINT('',(-6.539417968292E+03,1.1E+03,483.54965421689)
  );
#1011 = CIRCLE('',#1012,100.);
#1012 = AXIS2_PLACEMENT_3D('',#1013,#1014,#1015);
#1013 = CARTESIAN_POINT('',(-6.439417968292E+03,1.1E+03,483.54965421689)
  );
#1014 = DIRECTION('',(0.,-1.,2.2E-16));
#1015 = DIRECTION('',(1.,0.,0.));
#1016 = ORIENTED_EDGE('',*,*,#1017,.F.);
#1017 = EDGE_CURVE('',#1018,#1009,#1020,.T.);
#1018 = VERTEX_POINT('',#1019);
#1019 = CARTESIAN_POINT('',(-6.539417968292E+03,1.1E+03,315.62206565765)
  );
#1020 = LINE('',#1021,#1022);
#1021 = CARTESIAN_POINT('',(-6.539417968292E+03,1.1E+03,500.12416270491)
  );
#1022 = VECTOR('',#1023,1.);
#1023 = DIRECTION('',(0.,-2.5E-16,1.));
#1024 = ORIENTED_EDGE('',*,*,#1025,.T.);
#1025 = EDGE_CURVE('',#1018,#1026,#1028,.T.);
#1026 = VERTEX_POINT('',#1027);
#1027 = CARTESIAN_POINT('',(-6.485199305668E+03,1.1E+03,265.80035467079)
  );
#1028 = CIRCLE('',#1029,50.);
#1029 = AXIS2_PLACEMENT_3D('',#1030,#1031,#1032);
#1030 = CARTESIAN_POINT('',(-6.489417968292E+03,1.1E+03,315.62206565765)
  );
#1031 = DIRECTION('',(0.,-1.,2.2E-16));
#1032 = DIRECTION('',(1.,0.,0.));
#1033 = ORIENTED_EDGE('',*,*,#1034,.F.);
#1034 = EDGE_CURVE('',#1035,#1026,#1037,.T.);
#1035 = VERTEX_POINT('',#1036);
#1036 = CARTESIAN_POINT('',(-6.317889011058E+03,1.1E+03,279.96738491958)
  );
#1037 = LINE('',#1038,#1039);
#1038 = CARTESIAN_POINT('',(-6.1765516762E+03,1.1E+03,291.93514998087));
#1039 = VECTOR('',#1040,1.);
#1040 = DIRECTION('',(-0.996434219737,0.,-8.437325249428E-02));
#1041 = ORIENTED_EDGE('',*,*,#1042,.T.);
#1042 = EDGE_CURVE('',#1035,#1043,#1045,.T.);
#1043 = VERTEX_POINT('',#1044);
#1044 = CARTESIAN_POINT('',(-6.230972298967E+03,1.1E+03,317.24839502135)
  );
#1045 = CIRCLE('',#1046,150.);
#1046 = AXIS2_PLACEMENT_3D('',#1047,#1048,#1049);
#1047 = CARTESIAN_POINT('',(-6.330544998933E+03,1.1E+03,429.43251788018)
  );
#1048 = DIRECTION('',(0.,-1.,2.2E-16));
#1049 = DIRECTION('',(1.,0.,0.));
#1050 = ORIENTED_EDGE('',*,*,#1051,.F.);
#1051 = EDGE_CURVE('',#1052,#1043,#1054,.T.);
#1052 = VERTEX_POINT('',#1053);
#1053 = CARTESIAN_POINT('',(-6.036272711038E+03,1.1E+03,490.06040404868)
  );
#1054 = LINE('',#1055,#1056);
#1055 = CARTESIAN_POINT('',(-6.084625668425E+03,1.1E+03,447.14314984536)
  );
#1056 = VECTOR('',#1057,1.);
#1057 = DIRECTION('',(-0.747894152392,1.5E-16,-0.663817999769));
#1058 = ORIENTED_EDGE('',*,*,#1059,.T.);
#1059 = EDGE_CURVE('',#1052,#1060,#1062,.T.);
#1060 = VERTEX_POINT('',#1061);
#1061 = CARTESIAN_POINT('',(-6.002654511015E+03,1.1E+03,564.8498192879)
  );
#1062 = CIRCLE('',#1063,100.);
#1063 = AXIS2_PLACEMENT_3D('',#1064,#1065,#1066);
#1064 = CARTESIAN_POINT('',(-6.102654511015E+03,1.1E+03,564.8498192879)
  );
#1065 = DIRECTION('',(0.,-1.,2.2E-16));
#1066 = DIRECTION('',(1.,0.,0.));
#1067 = ORIENTED_EDGE('',*,*,#1068,.T.);
#1068 = EDGE_CURVE('',#1060,#990,#1069,.T.);
#1069 = LINE('',#1070,#1071);
#1070 = CARTESIAN_POINT('',(-6.002654511015E+03,1.1E+03,590.60713902038)
  );
#1071 = VECTOR('',#1072,1.);
#1072 = DIRECTION('',(0.,-2.5E-16,1.));
#1073 = FACE_BOUND('',#1074,.T.);
#1074 = EDGE_LOOP('',(#1075,#1086,#1094,#1103,#1112,#1121,#1129,#1138,
    #1146,#1155));
#1075 = ORIENTED_EDGE('',*,*,#1076,.T.);
#1076 = EDGE_CURVE('',#1077,#1079,#1081,.T.);
#1077 = VERTEX_POINT('',#1078);
#1078 = CARTESIAN_POINT('',(-5.557887055968E+03,1.1E+03,
    1.429146726463E+03));
#1079 = VERTEX_POINT('',#1080);
#1080 = CARTESIAN_POINT('',(-5.637887055968E+03,1.1E+03,
    1.509146726463E+03));
#1081 = CIRCLE('',#1082,80.);
#1082 = AXIS2_PLACEMENT_3D('',#1083,#1084,#1085);
#1083 = CARTESIAN_POINT('',(-5.637887055968E+03,1.1E+03,
    1.429146726463E+03));
#1084 = DIRECTION('',(0.,-1.,2.2E-16));
#1085 = DIRECTION('',(1.,0.,0.));
#1086 = ORIENTED_EDGE('',*,*,#1087,.T.);
#1087 = EDGE_CURVE('',#1079,#1088,#1090,.T.);
#1088 = VERTEX_POINT('',#1089);
#1089 = CARTESIAN_POINT('',(-6.221341985828E+03,1.1E+03,
    1.509146726463E+03));
#1090 = LINE('',#1091,#1092);
#1091 = CARTESIAN_POINT('',(-6.053032478396E+03,1.1E+03,
    1.509146726463E+03));
#1092 = VECTOR('',#1093,1.);
#1093 = DIRECTION('',(-1.,-2.E-17,0.));
#1094 = ORIENTED_EDGE('',*,*,#1095,.T.);
#1095 = EDGE_CURVE('',#1088,#1096,#1098,.T.);
#1096 = VERTEX_POINT('',#1097);
#1097 = CARTESIAN_POINT('',(-6.383240349483E+03,1.1E+03,
    1.40781641469E+03));
#1098 = CIRCLE('',#1099,180.);
#1099 = AXIS2_PLACEMENT_3D('',#1100,#1101,#1102);
#1100 = CARTESIAN_POINT('',(-6.221341985828E+03,1.1E+03,
    1.329146726463E+03));
#1101 = DIRECTION('',(0.,-1.,2.2E-16));
#1102 = DIRECTION('',(1.,0.,0.));
#1103 = ORIENTED_EDGE('',*,*,#1104,.T.);
#1104 = EDGE_CURVE('',#1096,#1105,#1107,.T.);
#1105 = VERTEX_POINT('',#1106);
#1106 = CARTESIAN_POINT('',(-6.478826466186E+03,1.1E+03,818.97520408447)
  );
#1107 = CIRCLE('',#1108,1.038239590319E+03);
#1108 = AXIS2_PLACEMENT_3D('',#1109,#1110,#1111);
#1109 = CARTESIAN_POINT('',(-5.449410956401E+03,1.1E+03,954.04983204942)
  );
#1110 = DIRECTION('',(0.,-1.,2.2E-16));
#1111 = DIRECTION('',(1.,0.,0.));
#1112 = ORIENTED_EDGE('',*,*,#1113,.T.);
#1113 = EDGE_CURVE('',#1105,#1114,#1116,.T.);
#1114 = VERTEX_POINT('',#1115);
#1115 = CARTESIAN_POINT('',(-6.410333166154E+03,1.1E+03,779.19736500009)
  );
#1116 = CIRCLE('',#1117,50.);
#1117 = AXIS2_PLACEMENT_3D('',#1118,#1119,#1120);
#1118 = CARTESIAN_POINT('',(-6.429251420147E+03,1.1E+03,825.48018757886)
  );
#1119 = DIRECTION('',(0.,-1.,2.2E-16));
#1120 = DIRECTION('',(1.,0.,0.));
#1121 = ORIENTED_EDGE('',*,*,#1122,.T.);
#1122 = EDGE_CURVE('',#1114,#1123,#1125,.T.);
#1123 = VERTEX_POINT('',#1124);
#1124 = CARTESIAN_POINT('',(-6.065695502846E+03,1.1E+03,920.06912879339)
  );
#1125 = LINE('',#1126,#1127);
#1126 = CARTESIAN_POINT('',(-6.0588007062E+03,1.1E+03,922.88739930736));
#1127 = VECTOR('',#1128,1.);
#1128 = DIRECTION('',(0.925656451575,-8.E-17,0.378365079859));
#1129 = ORIENTED_EDGE('',*,*,#1130,.F.);
#1130 = EDGE_CURVE('',#1131,#1123,#1133,.T.);
#1131 = VERTEX_POINT('',#1132);
#1132 = CARTESIAN_POINT('',(-5.929726115211E+03,1.1E+03,946.7852484672)
  );
#1133 = CIRCLE('',#1134,359.36029742911);
#1134 = AXIS2_PLACEMENT_3D('',#1135,#1136,#1137);
#1135 = CARTESIAN_POINT('',(-5.929726115211E+03,1.1E+03,587.42495103809)
  );
#1136 = DIRECTION('',(0.,-1.,2.2E-16));
#1137 = DIRECTION('',(1.,0.,0.));
#1138 = ORIENTED_EDGE('',*,*,#1139,.T.);
#1139 = EDGE_CURVE('',#1131,#1140,#1142,.T.);
#1140 = VERTEX_POINT('',#1141);
#1141 = CARTESIAN_POINT('',(-5.637887055968E+03,1.1E+03,946.7852484672)
  );
#1142 = LINE('',#1143,#1144);
#1143 = CARTESIAN_POINT('',(-5.761305013466E+03,1.1E+03,946.7852484672)
  );
#1144 = VECTOR('',#1145,1.);
#1145 = DIRECTION('',(1.,2.E-17,0.));
#1146 = ORIENTED_EDGE('',*,*,#1147,.T.);
#1147 = EDGE_CURVE('',#1140,#1148,#1150,.T.);
#1148 = VERTEX_POINT('',#1149);
#1149 = CARTESIAN_POINT('',(-5.557887055968E+03,1.1E+03,
    1.026785248467E+03));
#1150 = CIRCLE('',#1151,80.);
#1151 = AXIS2_PLACEMENT_3D('',#1152,#1153,#1154);
#1152 = CARTESIAN_POINT('',(-5.637887055968E+03,1.1E+03,
    1.026785248467E+03));
#1153 = DIRECTION('',(0.,-1.,2.2E-16));
#1154 = DIRECTION('',(1.,0.,0.));
#1155 = ORIENTED_EDGE('',*,*,#1156,.T.);
#1156 = EDGE_CURVE('',#1148,#1077,#1157,.T.);
#1157 = LINE('',#1158,#1159);
#1158 = CARTESIAN_POINT('',(-5.557887055968E+03,1.1E+03,972.92269882777)
  );
#1159 = VECTOR('',#1160,1.);
#1160 = DIRECTION('',(0.,-2.5E-16,1.));
#1161 = PLANE('',#1162);
#1162 = AXIS2_PLACEMENT_3D('',#1163,#1164,#1165);
#1163 = CARTESIAN_POINT('',(-5.884722970964E+03,1.1E+03,516.69867119294)
  );
#1164 = DIRECTION('',(-2.E-17,1.,2.5E-16));
#1165 = DIRECTION('',(0.,-2.5E-16,1.));
#1166 = ADVANCED_FACE('',(#1167),#1186,.T.);
#1167 = FACE_BOUND('',#1168,.T.);
#1168 = EDGE_LOOP('',(#1169,#1177,#1184,#1185));
#1169 = ORIENTED_EDGE('',*,*,#1170,.T.);
#1170 = EDGE_CURVE('',#527,#1171,#1173,.T.);
#1171 = VERTEX_POINT('',#1172);
#1172 = CARTESIAN_POINT('',(30.,-650.,1.44E-13));
#1173 = LINE('',#1174,#1175);
#1174 = CARTESIAN_POINT('',(30.,650.,-1.4433E-13));
#1175 = VECTOR('',#1176,1.);
#1176 = DIRECTION('',(0.,-1.,2.2E-16));
#1177 = ORIENTED_EDGE('',*,*,#1178,.F.);
#1178 = EDGE_CURVE('',#1171,#1171,#1179,.T.);
#1179 = CIRCLE('',#1180,30.);
#1180 = AXIS2_PLACEMENT_3D('',#1181,#1182,#1183);
#1181 = CARTESIAN_POINT('',(0.,-650.,1.4433E-13));
#1182 = DIRECTION('',(0.,-1.,2.2E-16));
#1183 = DIRECTION('',(1.,0.,0.));
#1184 = ORIENTED_EDGE('',*,*,#1170,.F.);
#1185 = ORIENTED_EDGE('',*,*,#526,.F.);
#1186 = CYLINDRICAL_SURFACE('',#1187,30.);
#1187 = AXIS2_PLACEMENT_3D('',#1188,#1189,#1190);
#1188 = CARTESIAN_POINT('',(0.,650.,-1.4433E-13));
#1189 = DIRECTION('',(0.,1.,-2.2E-16));
#1190 = DIRECTION('',(1.,0.,0.));
#1191 = ADVANCED_FACE('',(#1192),#1203,.T.);
#1192 = FACE_BOUND('',#1193,.T.);
#1193 = EDGE_LOOP('',(#1194,#1195,#1201,#1202));
#1194 = ORIENTED_EDGE('',*,*,#980,.T.);
#1195 = ORIENTED_EDGE('',*,*,#1196,.T.);
#1196 = EDGE_CURVE('',#973,#734,#1197,.T.);
#1197 = LINE('',#1198,#1199);
#1198 = CARTESIAN_POINT('',(-5.124587891E+03,1.1E+03,1.748350464E+03));
#1199 = VECTOR('',#1200,1.);
#1200 = DIRECTION('',(0.,-1.,-3.3E-16));
#1201 = ORIENTED_EDGE('',*,*,#741,.F.);
#1202 = ORIENTED_EDGE('',*,*,#587,.F.);
#1203 = CYLINDRICAL_SURFACE('',#1204,316.945313);
#1204 = AXIS2_PLACEMENT_3D('',#1205,#1206,#1207);
#1205 = CARTESIAN_POINT('',(-5.124587891E+03,1.1E+03,1.431405151E+03));
#1206 = DIRECTION('',(0.,1.,2.2E-16));
#1207 = DIRECTION('',(1.,0.,0.));
#1208 = ADVANCED_FACE('',(#1209),#1212,.T.);
#1209 = FACE_BOUND('',#1210,.F.);
#1210 = EDGE_LOOP('',(#1211));
#1211 = ORIENTED_EDGE('',*,*,#653,.T.);
#1212 = PLANE('',#1213);
#1213 = AXIS2_PLACEMENT_3D('',#1214,#1215,#1216);
#1214 = CARTESIAN_POINT('',(-1.46E-15,650.,-1.4488E-13));
#1215 = DIRECTION('',(0.,1.,0.));
#1216 = DIRECTION('',(0.,0.,1.));
#1217 = ADVANCED_FACE('',(#1218),#1229,.T.);
#1218 = FACE_BOUND('',#1219,.T.);
#1219 = EDGE_LOOP('',(#1220,#1221,#1222,#1228));
#1220 = ORIENTED_EDGE('',*,*,#677,.T.);
#1221 = ORIENTED_EDGE('',*,*,#708,.T.);
#1222 = ORIENTED_EDGE('',*,*,#1223,.F.);
#1223 = EDGE_CURVE('',#948,#709,#1224,.T.);
#1224 = LINE('',#1225,#1226);
#1225 = CARTESIAN_POINT('',(-6.891266113E+03,1.1E+03,656.649231));
#1226 = VECTOR('',#1227,1.);
#1227 = DIRECTION('',(0.,-1.,-3.3E-16));
#1228 = ORIENTED_EDGE('',*,*,#947,.F.);
#1229 = PLANE('',#1230);
#1230 = AXIS2_PLACEMENT_3D('',#1231,#1232,#1233);
#1231 = CARTESIAN_POINT('',(-6.891266113E+03,1.1E+03,-763.736694));
#1232 = DIRECTION('',(-1.,0.,0.));
#1233 = DIRECTION('',(0.,-2.2E-16,1.));
#1234 = ADVANCED_FACE('',(#1235,#1246),#1316,.T.);
#1235 = FACE_BOUND('',#1236,.T.);
#1236 = EDGE_LOOP('',(#1237,#1238,#1239,#1245));
#1237 = ORIENTED_EDGE('',*,*,#1223,.T.);
#1238 = ORIENTED_EDGE('',*,*,#716,.T.);
#1239 = ORIENTED_EDGE('',*,*,#1240,.F.);
#1240 = EDGE_CURVE('',#956,#717,#1241,.T.);
#1241 = LINE('',#1242,#1243);
#1242 = CARTESIAN_POINT('',(-6.546864448125E+03,1.1E+03,
    1.57177328672E+03));
#1243 = VECTOR('',#1244,1.);
#1244 = DIRECTION('',(0.,-1.,-3.3E-16));
#1245 = ORIENTED_EDGE('',*,*,#955,.F.);
#1246 = FACE_BOUND('',#1247,.T.);
#1247 = EDGE_LOOP('',(#1248,#1258,#1267,#1275,#1284,#1292,#1301,#1309));
#1248 = ORIENTED_EDGE('',*,*,#1249,.F.);
#1249 = EDGE_CURVE('',#1250,#1252,#1254,.T.);
#1250 = VERTEX_POINT('',#1251);
#1251 = CARTESIAN_POINT('',(-6.859565756568E+03,960.,740.88157278195));
#1252 = VERTEX_POINT('',#1253);
#1253 = CARTESIAN_POINT('',(-6.859565756568E+03,-960.,740.88157278195));
#1254 = LINE('',#1255,#1256);
#1255 = CARTESIAN_POINT('',(-6.859565756568E+03,960.,740.88157278195));
#1256 = VECTOR('',#1257,1.);
#1257 = DIRECTION('',(0.,-1.,1.1E-16));
#1258 = ORIENTED_EDGE('',*,*,#1259,.F.);
#1259 = EDGE_CURVE('',#1260,#1250,#1262,.T.);
#1260 = VERTEX_POINT('',#1261);
#1261 = CARTESIAN_POINT('',(-6.841954447439E+03,1.01E+03,787.67731821637
    ));
#1262 = CIRCLE('',#1263,50.);
#1263 = AXIS2_PLACEMENT_3D('',#1264,#1265,#1266);
#1264 = CARTESIAN_POINT('',(-6.841954447439E+03,960.,787.67731821637));
#1265 = DIRECTION('',(-0.935914908688,4.E-17,0.35222618258));
#1266 = DIRECTION('',(-1.174685441751E-18,-1.,1.104420860968E-16));
#1267 = ORIENTED_EDGE('',*,*,#1268,.F.);
#1268 = EDGE_CURVE('',#1269,#1260,#1271,.T.);
#1269 = VERTEX_POINT('',#1270);
#1270 = CARTESIAN_POINT('',(-6.596176113686E+03,1.01E+03,
    1.440745199504E+03));
#1271 = LINE('',#1272,#1273);
#1272 = CARTESIAN_POINT('',(-6.596176113686E+03,1.01E+03,
    1.440745199504E+03));
#1273 = VECTOR('',#1274,1.);
#1274 = DIRECTION('',(-0.35222618258,-1.E-16,-0.935914908688));
#1275 = ORIENTED_EDGE('',*,*,#1276,.F.);
#1276 = EDGE_CURVE('',#1277,#1269,#1279,.T.);
#1277 = VERTEX_POINT('',#1278);
#1278 = CARTESIAN_POINT('',(-6.578564804557E+03,960.,1.487540944938E+03)
  );
#1279 = CIRCLE('',#1280,50.);
#1280 = AXIS2_PLACEMENT_3D('',#1281,#1282,#1283);
#1281 = CARTESIAN_POINT('',(-6.596176113686E+03,960.,1.440745199504E+03)
  );
#1282 = DIRECTION('',(-0.935914908688,4.E-17,0.35222618258));
#1283 = DIRECTION('',(-1.174685441751E-18,-1.,1.104420860968E-16));
#1284 = ORIENTED_EDGE('',*,*,#1285,.F.);
#1285 = EDGE_CURVE('',#1286,#1277,#1288,.T.);
#1286 = VERTEX_POINT('',#1287);
#1287 = CARTESIAN_POINT('',(-6.578564804557E+03,-960.,1.487540944938E+03
    ));
#1288 = LINE('',#1289,#1290);
#1289 = CARTESIAN_POINT('',(-6.578564804557E+03,-960.,1.487540944938E+03
    ));
#1290 = VECTOR('',#1291,1.);
#1291 = DIRECTION('',(0.,1.,-1.1E-16));
#1292 = ORIENTED_EDGE('',*,*,#1293,.F.);
#1293 = EDGE_CURVE('',#1294,#1286,#1296,.T.);
#1294 = VERTEX_POINT('',#1295);
#1295 = CARTESIAN_POINT('',(-6.596176113686E+03,-1.01E+03,
    1.440745199504E+03));
#1296 = CIRCLE('',#1297,50.);
#1297 = AXIS2_PLACEMENT_3D('',#1298,#1299,#1300);
#1298 = CARTESIAN_POINT('',(-6.596176113686E+03,-960.,1.440745199504E+03
    ));
#1299 = DIRECTION('',(-0.935914908688,4.E-17,0.35222618258));
#1300 = DIRECTION('',(-1.174685441751E-18,-1.,1.104420860968E-16));
#1301 = ORIENTED_EDGE('',*,*,#1302,.F.);
#1302 = EDGE_CURVE('',#1303,#1294,#1305,.T.);
#1303 = VERTEX_POINT('',#1304);
#1304 = CARTESIAN_POINT('',(-6.841954447439E+03,-1.01E+03,
    787.67731821637));
#1305 = LINE('',#1306,#1307);
#1306 = CARTESIAN_POINT('',(-6.841954447439E+03,-1.01E+03,
    787.67731821637));
#1307 = VECTOR('',#1308,1.);
#1308 = DIRECTION('',(0.35222618258,1.E-16,0.935914908688));
#1309 = ORIENTED_EDGE('',*,*,#1310,.F.);
#1310 = EDGE_CURVE('',#1252,#1303,#1311,.T.);
#1311 = CIRCLE('',#1312,50.);
#1312 = AXIS2_PLACEMENT_3D('',#1313,#1314,#1315);
#1313 = CARTESIAN_POINT('',(-6.841954447439E+03,-960.,787.67731821637));
#1314 = DIRECTION('',(-0.935914908688,4.E-17,0.35222618258));
#1315 = DIRECTION('',(-1.174685441751E-18,-1.,1.104420860968E-16));
#1316 = PLANE('',#1317);
#1317 = AXIS2_PLACEMENT_3D('',#1318,#1319,#1320);
#1318 = CARTESIAN_POINT('',(-6.891266113E+03,1.1E+03,656.649231));
#1319 = DIRECTION('',(-0.935914908688,-1.2E-16,0.35222618258));
#1320 = DIRECTION('',(0.35222618258,-2.1E-16,0.935914908688));
#1321 = ADVANCED_FACE('',(#1322),#1333,.T.);
#1322 = FACE_BOUND('',#1323,.T.);
#1323 = EDGE_LOOP('',(#1324,#1325,#1326,#1327));
#1324 = ORIENTED_EDGE('',*,*,#963,.T.);
#1325 = ORIENTED_EDGE('',*,*,#1240,.T.);
#1326 = ORIENTED_EDGE('',*,*,#724,.F.);
#1327 = ORIENTED_EDGE('',*,*,#1328,.F.);
#1328 = EDGE_CURVE('',#964,#725,#1329,.T.);
#1329 = LINE('',#1330,#1331);
#1330 = CARTESIAN_POINT('',(-6.291742662857E+03,1.1E+03,1.748350464E+03)
  );
#1331 = VECTOR('',#1332,1.);
#1332 = DIRECTION('',(0.,-1.,-3.3E-16));
#1333 = CYLINDRICAL_SURFACE('',#1334,272.590791);
#1334 = AXIS2_PLACEMENT_3D('',#1335,#1336,#1337);
#1335 = CARTESIAN_POINT('',(-6.291742662857E+03,1.1E+03,1.475759673E+03)
  );
#1336 = DIRECTION('',(0.,1.,2.2E-16));
#1337 = DIRECTION('',(1.,0.,0.));
#1338 = ADVANCED_FACE('',(#1339),#1345,.T.);
#1339 = FACE_BOUND('',#1340,.T.);
#1340 = EDGE_LOOP('',(#1341,#1342,#1343,#1344));
#1341 = ORIENTED_EDGE('',*,*,#1328,.T.);
#1342 = ORIENTED_EDGE('',*,*,#733,.T.);
#1343 = ORIENTED_EDGE('',*,*,#1196,.F.);
#1344 = ORIENTED_EDGE('',*,*,#972,.F.);
#1345 = PLANE('',#1346);
#1346 = AXIS2_PLACEMENT_3D('',#1347,#1348,#1349);
#1347 = CARTESIAN_POINT('',(-6.291742662857E+03,1.1E+03,1.748350464E+03)
  );
#1348 = DIRECTION('',(0.,-3.3E-16,1.));
#1349 = DIRECTION('',(1.,0.,0.));
#1350 = ADVANCED_FACE('',(#1351),#1376,.F.);
#1351 = FACE_BOUND('',#1352,.F.);
#1352 = EDGE_LOOP('',(#1353,#1363,#1369,#1370));
#1353 = ORIENTED_EDGE('',*,*,#1354,.F.);
#1354 = EDGE_CURVE('',#1355,#1357,#1359,.T.);
#1355 = VERTEX_POINT('',#1356);
#1356 = CARTESIAN_POINT('',(-6.470900687756E+03,-1.05147E+03,
    578.46455491832));
#1357 = VERTEX_POINT('',#1358);
#1358 = CARTESIAN_POINT('',(-6.068395870747E+03,-1.05147E+03,
    711.97305719854));
#1359 = LINE('',#1360,#1361);
#1360 = CARTESIAN_POINT('',(-6.470900687756E+03,-1.05147E+03,
    578.46455491832));
#1361 = VECTOR('',#1362,1.);
#1362 = DIRECTION('',(0.949149007014,0.,0.314827194638));
#1363 = ORIENTED_EDGE('',*,*,#1364,.T.);
#1364 = EDGE_CURVE('',#1355,#751,#1365,.T.);
#1365 = LINE('',#1366,#1367);
#1366 = CARTESIAN_POINT('',(-6.470900687756E+03,-1.05147E+03,
    578.46455491832));
#1367 = VECTOR('',#1368,1.);
#1368 = DIRECTION('',(0.,-1.,-3.3E-16));
#1369 = ORIENTED_EDGE('',*,*,#750,.T.);
#1370 = ORIENTED_EDGE('',*,*,#1371,.F.);
#1371 = EDGE_CURVE('',#1357,#753,#1372,.T.);
#1372 = LINE('',#1373,#1374);
#1373 = CARTESIAN_POINT('',(-6.068395870747E+03,-1.05147E+03,
    711.97305719854));
#1374 = VECTOR('',#1375,1.);
#1375 = DIRECTION('',(0.,-1.,-3.3E-16));
#1376 = PLANE('',#1377);
#1377 = AXIS2_PLACEMENT_3D('',#1378,#1379,#1380);
#1378 = CARTESIAN_POINT('',(-6.470900687756E+03,-1.05147E+03,
    578.46455491832));
#1379 = DIRECTION('',(-0.314827194638,-3.2E-16,0.949149007014));
#1380 = DIRECTION('',(0.949149007014,-7.E-17,0.314827194638));
#1381 = ADVANCED_FACE('',(#1382),#1401,.F.);
#1382 = FACE_BOUND('',#1383,.F.);
#1383 = EDGE_LOOP('',(#1384,#1392,#1393,#1394));
#1384 = ORIENTED_EDGE('',*,*,#1385,.T.);
#1385 = EDGE_CURVE('',#1386,#761,#1388,.T.);
#1386 = VERTEX_POINT('',#1387);
#1387 = CARTESIAN_POINT('',(-6.539417968292E+03,-1.05147E+03,
    483.54965421689));
#1388 = LINE('',#1389,#1390);
#1389 = CARTESIAN_POINT('',(-6.539417968292E+03,-1.05147E+03,
    483.54965421689));
#1390 = VECTOR('',#1391,1.);
#1391 = DIRECTION('',(0.,-1.,-3.3E-16));
#1392 = ORIENTED_EDGE('',*,*,#760,.T.);
#1393 = ORIENTED_EDGE('',*,*,#1364,.F.);
#1394 = ORIENTED_EDGE('',*,*,#1395,.T.);
#1395 = EDGE_CURVE('',#1355,#1386,#1396,.T.);
#1396 = CIRCLE('',#1397,100.);
#1397 = AXIS2_PLACEMENT_3D('',#1398,#1399,#1400);
#1398 = CARTESIAN_POINT('',(-6.439417968292E+03,-1.05147E+03,
    483.54965421689));
#1399 = DIRECTION('',(0.,-1.,0.));
#1400 = DIRECTION('',(1.,0.,0.));
#1401 = CYLINDRICAL_SURFACE('',#1402,100.);
#1402 = AXIS2_PLACEMENT_3D('',#1403,#1404,#1405);
#1403 = CARTESIAN_POINT('',(-6.439417968292E+03,-1.05147E+03,
    483.54965421689));
#1404 = DIRECTION('',(0.,1.,2.2E-16));
#1405 = DIRECTION('',(1.,0.,0.));
#1406 = ADVANCED_FACE('',(#1407),#1425,.T.);
#1407 = FACE_BOUND('',#1408,.T.);
#1408 = EDGE_LOOP('',(#1409,#1417,#1418,#1419));
#1409 = ORIENTED_EDGE('',*,*,#1410,.F.);
#1410 = EDGE_CURVE('',#1386,#1411,#1413,.T.);
#1411 = VERTEX_POINT('',#1412);
#1412 = CARTESIAN_POINT('',(-6.539417968292E+03,-1.05147E+03,
    315.62206565765));
#1413 = LINE('',#1414,#1415);
#1414 = CARTESIAN_POINT('',(-6.539417968292E+03,-1.05147E+03,
    483.54965421689));
#1415 = VECTOR('',#1416,1.);
#1416 = DIRECTION('',(0.,0.,-1.));
#1417 = ORIENTED_EDGE('',*,*,#1385,.T.);
#1418 = ORIENTED_EDGE('',*,*,#769,.T.);
#1419 = ORIENTED_EDGE('',*,*,#1420,.F.);
#1420 = EDGE_CURVE('',#1411,#770,#1421,.T.);
#1421 = LINE('',#1422,#1423);
#1422 = CARTESIAN_POINT('',(-6.539417968292E+03,-1.05147E+03,
    315.62206565765));
#1423 = VECTOR('',#1424,1.);
#1424 = DIRECTION('',(0.,-1.,-3.3E-16));
#1425 = PLANE('',#1426);
#1426 = AXIS2_PLACEMENT_3D('',#1427,#1428,#1429);
#1427 = CARTESIAN_POINT('',(-6.539417968292E+03,-1.05147E+03,
    483.54965421689));
#1428 = DIRECTION('',(1.,0.,0.));
#1429 = DIRECTION('',(0.,2.2E-16,-1.));
#1430 = ADVANCED_FACE('',(#1431),#1450,.F.);
#1431 = FACE_BOUND('',#1432,.F.);
#1432 = EDGE_LOOP('',(#1433,#1441,#1442,#1443));
#1433 = ORIENTED_EDGE('',*,*,#1434,.T.);
#1434 = EDGE_CURVE('',#1435,#778,#1437,.T.);
#1435 = VERTEX_POINT('',#1436);
#1436 = CARTESIAN_POINT('',(-6.485199305668E+03,-1.05147E+03,
    265.80035467079));
#1437 = LINE('',#1438,#1439);
#1438 = CARTESIAN_POINT('',(-6.485199305668E+03,-1.05147E+03,
    265.80035467079));
#1439 = VECTOR('',#1440,1.);
#1440 = DIRECTION('',(0.,-1.,-3.3E-16));
#1441 = ORIENTED_EDGE('',*,*,#777,.T.);
#1442 = ORIENTED_EDGE('',*,*,#1420,.F.);
#1443 = ORIENTED_EDGE('',*,*,#1444,.T.);
#1444 = EDGE_CURVE('',#1411,#1435,#1445,.T.);
#1445 = CIRCLE('',#1446,50.);
#1446 = AXIS2_PLACEMENT_3D('',#1447,#1448,#1449);
#1447 = CARTESIAN_POINT('',(-6.489417968292E+03,-1.05147E+03,
    315.62206565765));
#1448 = DIRECTION('',(0.,-1.,0.));
#1449 = DIRECTION('',(1.,0.,0.));
#1450 = CYLINDRICAL_SURFACE('',#1451,50.);
#1451 = AXIS2_PLACEMENT_3D('',#1452,#1453,#1454);
#1452 = CARTESIAN_POINT('',(-6.489417968292E+03,-1.05147E+03,
    315.62206565765));
#1453 = DIRECTION('',(0.,1.,2.2E-16));
#1454 = DIRECTION('',(1.,0.,0.));
#1455 = ADVANCED_FACE('',(#1456),#1474,.T.);
#1456 = FACE_BOUND('',#1457,.T.);
#1457 = EDGE_LOOP('',(#1458,#1466,#1467,#1468));
#1458 = ORIENTED_EDGE('',*,*,#1459,.F.);
#1459 = EDGE_CURVE('',#1435,#1460,#1462,.T.);
#1460 = VERTEX_POINT('',#1461);
#1461 = CARTESIAN_POINT('',(-6.317889011058E+03,-1.05147E+03,
    279.96738491958));
#1462 = LINE('',#1463,#1464);
#1463 = CARTESIAN_POINT('',(-6.485199305668E+03,-1.05147E+03,
    265.80035467079));
#1464 = VECTOR('',#1465,1.);
#1465 = DIRECTION('',(0.996434219737,0.,8.437325249428E-02));
#1466 = ORIENTED_EDGE('',*,*,#1434,.T.);
#1467 = ORIENTED_EDGE('',*,*,#786,.T.);
#1468 = ORIENTED_EDGE('',*,*,#1469,.F.);
#1469 = EDGE_CURVE('',#1460,#787,#1470,.T.);
#1470 = LINE('',#1471,#1472);
#1471 = CARTESIAN_POINT('',(-6.317889011058E+03,-1.05147E+03,
    279.96738491958));
#1472 = VECTOR('',#1473,1.);
#1473 = DIRECTION('',(0.,-1.,-3.3E-16));
#1474 = PLANE('',#1475);
#1475 = AXIS2_PLACEMENT_3D('',#1476,#1477,#1478);
#1476 = CARTESIAN_POINT('',(-6.485199305668E+03,-1.05147E+03,
    265.80035467079));
#1477 = DIRECTION('',(-8.437325249428E-02,-3.3E-16,0.996434219737));
#1478 = DIRECTION('',(0.996434219737,-2.E-17,8.437325249428E-02));
#1479 = ADVANCED_FACE('',(#1480),#1499,.F.);
#1480 = FACE_BOUND('',#1481,.F.);
#1481 = EDGE_LOOP('',(#1482,#1490,#1491,#1492));
#1482 = ORIENTED_EDGE('',*,*,#1483,.T.);
#1483 = EDGE_CURVE('',#1484,#795,#1486,.T.);
#1484 = VERTEX_POINT('',#1485);
#1485 = CARTESIAN_POINT('',(-6.230972298967E+03,-1.05147E+03,
    317.24839502135));
#1486 = LINE('',#1487,#1488);
#1487 = CARTESIAN_POINT('',(-6.230972298967E+03,-1.05147E+03,
    317.24839502135));
#1488 = VECTOR('',#1489,1.);
#1489 = DIRECTION('',(0.,-1.,-3.3E-16));
#1490 = ORIENTED_EDGE('',*,*,#794,.T.);
#1491 = ORIENTED_EDGE('',*,*,#1469,.F.);
#1492 = ORIENTED_EDGE('',*,*,#1493,.T.);
#1493 = EDGE_CURVE('',#1460,#1484,#1494,.T.);
#1494 = CIRCLE('',#1495,150.);
#1495 = AXIS2_PLACEMENT_3D('',#1496,#1497,#1498);
#1496 = CARTESIAN_POINT('',(-6.330544998933E+03,-1.05147E+03,
    429.43251788018));
#1497 = DIRECTION('',(0.,-1.,0.));
#1498 = DIRECTION('',(1.,0.,0.));
#1499 = CYLINDRICAL_SURFACE('',#1500,150.);
#1500 = AXIS2_PLACEMENT_3D('',#1501,#1502,#1503);
#1501 = CARTESIAN_POINT('',(-6.330544998933E+03,-1.05147E+03,
    429.43251788018));
#1502 = DIRECTION('',(0.,1.,2.2E-16));
#1503 = DIRECTION('',(1.,0.,0.));
#1504 = ADVANCED_FACE('',(#1505),#1523,.T.);
#1505 = FACE_BOUND('',#1506,.T.);
#1506 = EDGE_LOOP('',(#1507,#1515,#1516,#1517));
#1507 = ORIENTED_EDGE('',*,*,#1508,.F.);
#1508 = EDGE_CURVE('',#1484,#1509,#1511,.T.);
#1509 = VERTEX_POINT('',#1510);
#1510 = CARTESIAN_POINT('',(-6.036272711038E+03,-1.05147E+03,
    490.06040404868));
#1511 = LINE('',#1512,#1513);
#1512 = CARTESIAN_POINT('',(-6.230972298967E+03,-1.05147E+03,
    317.24839502135));
#1513 = VECTOR('',#1514,1.);
#1514 = DIRECTION('',(0.747894152392,0.,0.663817999769));
#1515 = ORIENTED_EDGE('',*,*,#1483,.T.);
#1516 = ORIENTED_EDGE('',*,*,#803,.T.);
#1517 = ORIENTED_EDGE('',*,*,#1518,.F.);
#1518 = EDGE_CURVE('',#1509,#804,#1519,.T.);
#1519 = LINE('',#1520,#1521);
#1520 = CARTESIAN_POINT('',(-6.036272711038E+03,-1.05147E+03,
    490.06040404868));
#1521 = VECTOR('',#1522,1.);
#1522 = DIRECTION('',(0.,-1.,-3.3E-16));
#1523 = PLANE('',#1524);
#1524 = AXIS2_PLACEMENT_3D('',#1525,#1526,#1527);
#1525 = CARTESIAN_POINT('',(-6.230972298967E+03,-1.05147E+03,
    317.24839502135));
#1526 = DIRECTION('',(-0.663817999769,-2.5E-16,0.747894152392));
#1527 = DIRECTION('',(0.747894152392,-1.5E-16,0.663817999769));
#1528 = ADVANCED_FACE('',(#1529),#1548,.F.);
#1529 = FACE_BOUND('',#1530,.F.);
#1530 = EDGE_LOOP('',(#1531,#1539,#1540,#1541));
#1531 = ORIENTED_EDGE('',*,*,#1532,.T.);
#1532 = EDGE_CURVE('',#1533,#812,#1535,.T.);
#1533 = VERTEX_POINT('',#1534);
#1534 = CARTESIAN_POINT('',(-6.002654511015E+03,-1.05147E+03,
    564.8498192879));
#1535 = LINE('',#1536,#1537);
#1536 = CARTESIAN_POINT('',(-6.002654511015E+03,-1.05147E+03,
    564.8498192879));
#1537 = VECTOR('',#1538,1.);
#1538 = DIRECTION('',(0.,-1.,-3.3E-16));
#1539 = ORIENTED_EDGE('',*,*,#811,.T.);
#1540 = ORIENTED_EDGE('',*,*,#1518,.F.);
#1541 = ORIENTED_EDGE('',*,*,#1542,.T.);
#1542 = EDGE_CURVE('',#1509,#1533,#1543,.T.);
#1543 = CIRCLE('',#1544,100.);
#1544 = AXIS2_PLACEMENT_3D('',#1545,#1546,#1547);
#1545 = CARTESIAN_POINT('',(-6.102654511015E+03,-1.05147E+03,
    564.8498192879));
#1546 = DIRECTION('',(0.,-1.,0.));
#1547 = DIRECTION('',(1.,0.,0.));
#1548 = CYLINDRICAL_SURFACE('',#1549,100.);
#1549 = AXIS2_PLACEMENT_3D('',#1550,#1551,#1552);
#1550 = CARTESIAN_POINT('',(-6.102654511015E+03,-1.05147E+03,
    564.8498192879));
#1551 = DIRECTION('',(0.,1.,2.2E-16));
#1552 = DIRECTION('',(1.,0.,0.));
#1553 = ADVANCED_FACE('',(#1554),#1572,.F.);
#1554 = FACE_BOUND('',#1555,.F.);
#1555 = EDGE_LOOP('',(#1556,#1564,#1570,#1571));
#1556 = ORIENTED_EDGE('',*,*,#1557,.F.);
#1557 = EDGE_CURVE('',#1558,#1533,#1560,.T.);
#1558 = VERTEX_POINT('',#1559);
#1559 = CARTESIAN_POINT('',(-6.002654511015E+03,-1.05147E+03,
    664.51560684782));
#1560 = LINE('',#1561,#1562);
#1561 = CARTESIAN_POINT('',(-6.002654511015E+03,-1.05147E+03,
    664.51560684782));
#1562 = VECTOR('',#1563,1.);
#1563 = DIRECTION('',(0.,0.,-1.));
#1564 = ORIENTED_EDGE('',*,*,#1565,.T.);
#1565 = EDGE_CURVE('',#1558,#821,#1566,.T.);
#1566 = LINE('',#1567,#1568);
#1567 = CARTESIAN_POINT('',(-6.002654511015E+03,-1.05147E+03,
    664.51560684782));
#1568 = VECTOR('',#1569,1.);
#1569 = DIRECTION('',(0.,-1.,-3.3E-16));
#1570 = ORIENTED_EDGE('',*,*,#820,.T.);
#1571 = ORIENTED_EDGE('',*,*,#1532,.F.);
#1572 = PLANE('',#1573);
#1573 = AXIS2_PLACEMENT_3D('',#1574,#1575,#1576);
#1574 = CARTESIAN_POINT('',(-6.002654511015E+03,-1.05147E+03,
    664.51560684782));
#1575 = DIRECTION('',(1.,0.,0.));
#1576 = DIRECTION('',(0.,2.2E-16,-1.));
#1577 = ADVANCED_FACE('',(#1578),#1590,.F.);
#1578 = FACE_BOUND('',#1579,.F.);
#1579 = EDGE_LOOP('',(#1580,#1581,#1582,#1583));
#1580 = ORIENTED_EDGE('',*,*,#1371,.T.);
#1581 = ORIENTED_EDGE('',*,*,#828,.T.);
#1582 = ORIENTED_EDGE('',*,*,#1565,.F.);
#1583 = ORIENTED_EDGE('',*,*,#1584,.T.);
#1584 = EDGE_CURVE('',#1558,#1357,#1585,.T.);
#1585 = CIRCLE('',#1586,50.);
#1586 = AXIS2_PLACEMENT_3D('',#1587,#1588,#1589);
#1587 = CARTESIAN_POINT('',(-6.052654511015E+03,-1.05147E+03,
    664.51560684782));
#1588 = DIRECTION('',(0.,-1.,0.));
#1589 = DIRECTION('',(1.,0.,0.));
#1590 = CYLINDRICAL_SURFACE('',#1591,50.);
#1591 = AXIS2_PLACEMENT_3D('',#1592,#1593,#1594);
#1592 = CARTESIAN_POINT('',(-6.052654511015E+03,-1.05147E+03,
    664.51560684782));
#1593 = DIRECTION('',(0.,1.,2.2E-16));
#1594 = DIRECTION('',(1.,0.,0.));
#1595 = ADVANCED_FACE('',(#1596),#1621,.F.);
#1596 = FACE_BOUND('',#1597,.F.);
#1597 = EDGE_LOOP('',(#1598,#1608,#1614,#1615));
#1598 = ORIENTED_EDGE('',*,*,#1599,.F.);
#1599 = EDGE_CURVE('',#1600,#1602,#1604,.T.);
#1600 = VERTEX_POINT('',#1601);
#1601 = CARTESIAN_POINT('',(-6.221341985828E+03,-1.05147E+03,
    1.509146726463E+03));
#1602 = VERTEX_POINT('',#1603);
#1603 = CARTESIAN_POINT('',(-5.637887055968E+03,-1.05147E+03,
    1.509146726463E+03));
#1604 = LINE('',#1605,#1606);
#1605 = CARTESIAN_POINT('',(-6.221341985828E+03,-1.05147E+03,
    1.509146726463E+03));
#1606 = VECTOR('',#1607,1.);
#1607 = DIRECTION('',(1.,0.,0.));
#1608 = ORIENTED_EDGE('',*,*,#1609,.T.);
#1609 = EDGE_CURVE('',#1600,#838,#1610,.T.);
#1610 = LINE('',#1611,#1612);
#1611 = CARTESIAN_POINT('',(-6.221341985828E+03,-1.05147E+03,
    1.509146726463E+03));
#1612 = VECTOR('',#1613,1.);
#1613 = DIRECTION('',(0.,-1.,-3.3E-16));
#1614 = ORIENTED_EDGE('',*,*,#837,.T.);
#1615 = ORIENTED_EDGE('',*,*,#1616,.F.);
#1616 = EDGE_CURVE('',#1602,#840,#1617,.T.);
#1617 = LINE('',#1618,#1619);
#1618 = CARTESIAN_POINT('',(-5.637887055968E+03,-1.05147E+03,
    1.509146726463E+03));
#1619 = VECTOR('',#1620,1.);
#1620 = DIRECTION('',(0.,-1.,-3.3E-16));
#1621 = PLANE('',#1622);
#1622 = AXIS2_PLACEMENT_3D('',#1623,#1624,#1625);
#1623 = CARTESIAN_POINT('',(-6.221341985828E+03,-1.05147E+03,
    1.509146726463E+03));
#1624 = DIRECTION('',(0.,-3.3E-16,1.));
#1625 = DIRECTION('',(1.,0.,0.));
#1626 = ADVANCED_FACE('',(#1627),#1646,.F.);
#1627 = FACE_BOUND('',#1628,.F.);
#1628 = EDGE_LOOP('',(#1629,#1637,#1638,#1639));
#1629 = ORIENTED_EDGE('',*,*,#1630,.T.);
#1630 = EDGE_CURVE('',#1631,#848,#1633,.T.);
#1631 = VERTEX_POINT('',#1632);
#1632 = CARTESIAN_POINT('',(-6.383240349483E+03,-1.05147E+03,
    1.40781641469E+03));
#1633 = LINE('',#1634,#1635);
#1634 = CARTESIAN_POINT('',(-6.383240349483E+03,-1.05147E+03,
    1.40781641469E+03));
#1635 = VECTOR('',#1636,1.);
#1636 = DIRECTION('',(0.,-1.,-3.3E-16));
#1637 = ORIENTED_EDGE('',*,*,#847,.T.);
#1638 = ORIENTED_EDGE('',*,*,#1609,.F.);
#1639 = ORIENTED_EDGE('',*,*,#1640,.T.);
#1640 = EDGE_CURVE('',#1600,#1631,#1641,.T.);
#1641 = CIRCLE('',#1642,180.);
#1642 = AXIS2_PLACEMENT_3D('',#1643,#1644,#1645);
#1643 = CARTESIAN_POINT('',(-6.221341985828E+03,-1.05147E+03,
    1.329146726463E+03));
#1644 = DIRECTION('',(0.,-1.,0.));
#1645 = DIRECTION('',(1.,0.,0.));
#1646 = CYLINDRICAL_SURFACE('',#1647,180.);
#1647 = AXIS2_PLACEMENT_3D('',#1648,#1649,#1650);
#1648 = CARTESIAN_POINT('',(-6.221341985828E+03,-1.05147E+03,
    1.329146726463E+03));
#1649 = DIRECTION('',(0.,1.,2.2E-16));
#1650 = DIRECTION('',(1.,0.,0.));
#1651 = ADVANCED_FACE('',(#1652),#1671,.F.);
#1652 = FACE_BOUND('',#1653,.F.);
#1653 = EDGE_LOOP('',(#1654,#1662,#1663,#1664));
#1654 = ORIENTED_EDGE('',*,*,#1655,.T.);
#1655 = EDGE_CURVE('',#1656,#857,#1658,.T.);
#1656 = VERTEX_POINT('',#1657);
#1657 = CARTESIAN_POINT('',(-6.478826466186E+03,-1.05147E+03,
    818.97520408447));
#1658 = LINE('',#1659,#1660);
#1659 = CARTESIAN_POINT('',(-6.478826466186E+03,-1.05147E+03,
    818.97520408447));
#1660 = VECTOR('',#1661,1.);
#1661 = DIRECTION('',(0.,-1.,-3.3E-16));
#1662 = ORIENTED_EDGE('',*,*,#856,.T.);
#1663 = ORIENTED_EDGE('',*,*,#1630,.F.);
#1664 = ORIENTED_EDGE('',*,*,#1665,.T.);
#1665 = EDGE_CURVE('',#1631,#1656,#1666,.T.);
#1666 = CIRCLE('',#1667,1.038239590319E+03);
#1667 = AXIS2_PLACEMENT_3D('',#1668,#1669,#1670);
#1668 = CARTESIAN_POINT('',(-5.449410956401E+03,-1.05147E+03,
    954.04983204942));
#1669 = DIRECTION('',(0.,-1.,0.));
#1670 = DIRECTION('',(1.,0.,0.));
#1671 = CYLINDRICAL_SURFACE('',#1672,1.038239590319E+03);
#1672 = AXIS2_PLACEMENT_3D('',#1673,#1674,#1675);
#1673 = CARTESIAN_POINT('',(-5.449410956401E+03,-1.05147E+03,
    954.04983204942));
#1674 = DIRECTION('',(0.,1.,2.2E-16));
#1675 = DIRECTION('',(1.,0.,0.));
#1676 = ADVANCED_FACE('',(#1677),#1696,.F.);
#1677 = FACE_BOUND('',#1678,.F.);
#1678 = EDGE_LOOP('',(#1679,#1687,#1688,#1689));
#1679 = ORIENTED_EDGE('',*,*,#1680,.T.);
#1680 = EDGE_CURVE('',#1681,#866,#1683,.T.);
#1681 = VERTEX_POINT('',#1682);
#1682 = CARTESIAN_POINT('',(-6.410333166154E+03,-1.05147E+03,
    779.19736500009));
#1683 = LINE('',#1684,#1685);
#1684 = CARTESIAN_POINT('',(-6.410333166154E+03,-1.05147E+03,
    779.19736500009));
#1685 = VECTOR('',#1686,1.);
#1686 = DIRECTION('',(0.,-1.,-3.3E-16));
#1687 = ORIENTED_EDGE('',*,*,#865,.T.);
#1688 = ORIENTED_EDGE('',*,*,#1655,.F.);
#1689 = ORIENTED_EDGE('',*,*,#1690,.T.);
#1690 = EDGE_CURVE('',#1656,#1681,#1691,.T.);
#1691 = CIRCLE('',#1692,50.);
#1692 = AXIS2_PLACEMENT_3D('',#1693,#1694,#1695);
#1693 = CARTESIAN_POINT('',(-6.429251420147E+03,-1.05147E+03,
    825.48018757886));
#1694 = DIRECTION('',(0.,-1.,0.));
#1695 = DIRECTION('',(1.,0.,0.));
#1696 = CYLINDRICAL_SURFACE('',#1697,50.);
#1697 = AXIS2_PLACEMENT_3D('',#1698,#1699,#1700);
#1698 = CARTESIAN_POINT('',(-6.429251420147E+03,-1.05147E+03,
    825.48018757886));
#1699 = DIRECTION('',(0.,1.,2.2E-16));
#1700 = DIRECTION('',(1.,0.,0.));
#1701 = ADVANCED_FACE('',(#1702),#1720,.F.);
#1702 = FACE_BOUND('',#1703,.F.);
#1703 = EDGE_LOOP('',(#1704,#1712,#1718,#1719));
#1704 = ORIENTED_EDGE('',*,*,#1705,.F.);
#1705 = EDGE_CURVE('',#1706,#1681,#1708,.T.);
#1706 = VERTEX_POINT('',#1707);
#1707 = CARTESIAN_POINT('',(-6.065695502846E+03,-1.05147E+03,
    920.06912879339));
#1708 = LINE('',#1709,#1710);
#1709 = CARTESIAN_POINT('',(-6.065695502846E+03,-1.05147E+03,
    920.06912879339));
#1710 = VECTOR('',#1711,1.);
#1711 = DIRECTION('',(-0.925656451575,-0.,-0.378365079859));
#1712 = ORIENTED_EDGE('',*,*,#1713,.T.);
#1713 = EDGE_CURVE('',#1706,#875,#1714,.T.);
#1714 = LINE('',#1715,#1716);
#1715 = CARTESIAN_POINT('',(-6.065695502846E+03,-1.05147E+03,
    920.06912879339));
#1716 = VECTOR('',#1717,1.);
#1717 = DIRECTION('',(0.,-1.,-3.3E-16));
#1718 = ORIENTED_EDGE('',*,*,#874,.T.);
#1719 = ORIENTED_EDGE('',*,*,#1680,.F.);
#1720 = PLANE('',#1721);
#1721 = AXIS2_PLACEMENT_3D('',#1722,#1723,#1724);
#1722 = CARTESIAN_POINT('',(-6.065695502846E+03,-1.05147E+03,
    920.06912879339));
#1723 = DIRECTION('',(0.378365079859,3.1E-16,-0.925656451575));
#1724 = DIRECTION('',(-0.925656451575,8.E-17,-0.378365079859));
#1725 = ADVANCED_FACE('',(#1726),#1745,.T.);
#1726 = FACE_BOUND('',#1727,.T.);
#1727 = EDGE_LOOP('',(#1728,#1729,#1730,#1738));
#1728 = ORIENTED_EDGE('',*,*,#1713,.T.);
#1729 = ORIENTED_EDGE('',*,*,#882,.T.);
#1730 = ORIENTED_EDGE('',*,*,#1731,.F.);
#1731 = EDGE_CURVE('',#1732,#883,#1734,.T.);
#1732 = VERTEX_POINT('',#1733);
#1733 = CARTESIAN_POINT('',(-5.929726115211E+03,-1.05147E+03,
    946.7852484672));
#1734 = LINE('',#1735,#1736);
#1735 = CARTESIAN_POINT('',(-5.929726115211E+03,-1.05147E+03,
    946.7852484672));
#1736 = VECTOR('',#1737,1.);
#1737 = DIRECTION('',(0.,-1.,-3.3E-16));
#1738 = ORIENTED_EDGE('',*,*,#1739,.T.);
#1739 = EDGE_CURVE('',#1732,#1706,#1740,.T.);
#1740 = CIRCLE('',#1741,359.36029742911);
#1741 = AXIS2_PLACEMENT_3D('',#1742,#1743,#1744);
#1742 = CARTESIAN_POINT('',(-5.929726115211E+03,-1.05147E+03,
    587.42495103809));
#1743 = DIRECTION('',(0.,-1.,0.));
#1744 = DIRECTION('',(1.,0.,0.));
#1745 = CYLINDRICAL_SURFACE('',#1746,359.36029742911);
#1746 = AXIS2_PLACEMENT_3D('',#1747,#1748,#1749);
#1747 = CARTESIAN_POINT('',(-5.929726115211E+03,-1.05147E+03,
    587.42495103809));
#1748 = DIRECTION('',(0.,1.,2.2E-16));
#1749 = DIRECTION('',(1.,0.,0.));
#1750 = ADVANCED_FACE('',(#1751),#1769,.F.);
#1751 = FACE_BOUND('',#1752,.F.);
#1752 = EDGE_LOOP('',(#1753,#1761,#1767,#1768));
#1753 = ORIENTED_EDGE('',*,*,#1754,.F.);
#1754 = EDGE_CURVE('',#1755,#1732,#1757,.T.);
#1755 = VERTEX_POINT('',#1756);
#1756 = CARTESIAN_POINT('',(-5.637887055968E+03,-1.05147E+03,
    946.7852484672));
#1757 = LINE('',#1758,#1759);
#1758 = CARTESIAN_POINT('',(-5.637887055968E+03,-1.05147E+03,
    946.7852484672));
#1759 = VECTOR('',#1760,1.);
#1760 = DIRECTION('',(-1.,0.,0.));
#1761 = ORIENTED_EDGE('',*,*,#1762,.T.);
#1762 = EDGE_CURVE('',#1755,#892,#1763,.T.);
#1763 = LINE('',#1764,#1765);
#1764 = CARTESIAN_POINT('',(-5.637887055968E+03,-1.05147E+03,
    946.7852484672));
#1765 = VECTOR('',#1766,1.);
#1766 = DIRECTION('',(0.,-1.,-3.3E-16));
#1767 = ORIENTED_EDGE('',*,*,#891,.T.);
#1768 = ORIENTED_EDGE('',*,*,#1731,.F.);
#1769 = PLANE('',#1770);
#1770 = AXIS2_PLACEMENT_3D('',#1771,#1772,#1773);
#1771 = CARTESIAN_POINT('',(-5.637887055968E+03,-1.05147E+03,
    946.7852484672));
#1772 = DIRECTION('',(0.,3.3E-16,-1.));
#1773 = DIRECTION('',(-1.,0.,0.));
#1774 = ADVANCED_FACE('',(#1775),#1794,.F.);
#1775 = FACE_BOUND('',#1776,.F.);
#1776 = EDGE_LOOP('',(#1777,#1785,#1786,#1787));
#1777 = ORIENTED_EDGE('',*,*,#1778,.T.);
#1778 = EDGE_CURVE('',#1779,#900,#1781,.T.);
#1779 = VERTEX_POINT('',#1780);
#1780 = CARTESIAN_POINT('',(-5.557887055968E+03,-1.05147E+03,
    1.026785248467E+03));
#1781 = LINE('',#1782,#1783);
#1782 = CARTESIAN_POINT('',(-5.557887055968E+03,-1.05147E+03,
    1.026785248467E+03));
#1783 = VECTOR('',#1784,1.);
#1784 = DIRECTION('',(0.,-1.,-3.3E-16));
#1785 = ORIENTED_EDGE('',*,*,#899,.T.);
#1786 = ORIENTED_EDGE('',*,*,#1762,.F.);
#1787 = ORIENTED_EDGE('',*,*,#1788,.T.);
#1788 = EDGE_CURVE('',#1755,#1779,#1789,.T.);
#1789 = CIRCLE('',#1790,80.);
#1790 = AXIS2_PLACEMENT_3D('',#1791,#1792,#1793);
#1791 = CARTESIAN_POINT('',(-5.637887055968E+03,-1.05147E+03,
    1.026785248467E+03));
#1792 = DIRECTION('',(0.,-1.,0.));
#1793 = DIRECTION('',(1.,0.,0.));
#1794 = CYLINDRICAL_SURFACE('',#1795,80.);
#1795 = AXIS2_PLACEMENT_3D('',#1796,#1797,#1798);
#1796 = CARTESIAN_POINT('',(-5.637887055968E+03,-1.05147E+03,
    1.026785248467E+03));
#1797 = DIRECTION('',(0.,1.,2.2E-16));
#1798 = DIRECTION('',(1.,0.,0.));
#1799 = ADVANCED_FACE('',(#1800),#1818,.F.);
#1800 = FACE_BOUND('',#1801,.F.);
#1801 = EDGE_LOOP('',(#1802,#1810,#1816,#1817));
#1802 = ORIENTED_EDGE('',*,*,#1803,.F.);
#1803 = EDGE_CURVE('',#1804,#1779,#1806,.T.);
#1804 = VERTEX_POINT('',#1805);
#1805 = CARTESIAN_POINT('',(-5.557887055968E+03,-1.05147E+03,
    1.429146726463E+03));
#1806 = LINE('',#1807,#1808);
#1807 = CARTESIAN_POINT('',(-5.557887055968E+03,-1.05147E+03,
    1.429146726463E+03));
#1808 = VECTOR('',#1809,1.);
#1809 = DIRECTION('',(0.,0.,-1.));
#1810 = ORIENTED_EDGE('',*,*,#1811,.T.);
#1811 = EDGE_CURVE('',#1804,#909,#1812,.T.);
#1812 = LINE('',#1813,#1814);
#1813 = CARTESIAN_POINT('',(-5.557887055968E+03,-1.05147E+03,
    1.429146726463E+03));
#1814 = VECTOR('',#1815,1.);
#1815 = DIRECTION('',(0.,-1.,-3.3E-16));
#1816 = ORIENTED_EDGE('',*,*,#908,.T.);
#1817 = ORIENTED_EDGE('',*,*,#1778,.F.);
#1818 = PLANE('',#1819);
#1819 = AXIS2_PLACEMENT_3D('',#1820,#1821,#1822);
#1820 = CARTESIAN_POINT('',(-5.557887055968E+03,-1.05147E+03,
    1.429146726463E+03));
#1821 = DIRECTION('',(1.,0.,0.));
#1822 = DIRECTION('',(0.,2.2E-16,-1.));
#1823 = ADVANCED_FACE('',(#1824),#1836,.F.);
#1824 = FACE_BOUND('',#1825,.F.);
#1825 = EDGE_LOOP('',(#1826,#1827,#1828,#1829));
#1826 = ORIENTED_EDGE('',*,*,#1616,.T.);
#1827 = ORIENTED_EDGE('',*,*,#916,.T.);
#1828 = ORIENTED_EDGE('',*,*,#1811,.F.);
#1829 = ORIENTED_EDGE('',*,*,#1830,.T.);
#1830 = EDGE_CURVE('',#1804,#1602,#1831,.T.);
#1831 = CIRCLE('',#1832,80.);
#1832 = AXIS2_PLACEMENT_3D('',#1833,#1834,#1835);
#1833 = CARTESIAN_POINT('',(-5.637887055968E+03,-1.05147E+03,
    1.429146726463E+03));
#1834 = DIRECTION('',(0.,-1.,0.));
#1835 = DIRECTION('',(1.,0.,0.));
#1836 = CYLINDRICAL_SURFACE('',#1837,80.);
#1837 = AXIS2_PLACEMENT_3D('',#1838,#1839,#1840);
#1838 = CARTESIAN_POINT('',(-5.637887055968E+03,-1.05147E+03,
    1.429146726463E+03));
#1839 = DIRECTION('',(0.,1.,2.2E-16));
#1840 = DIRECTION('',(1.,0.,0.));
#1841 = ADVANCED_FACE('',(#1842),#1868,.F.);
#1842 = FACE_BOUND('',#1843,.F.);
#1843 = EDGE_LOOP('',(#1844,#1855,#1861,#1862));
#1844 = ORIENTED_EDGE('',*,*,#1845,.F.);
#1845 = EDGE_CURVE('',#1846,#1848,#1850,.T.);
#1846 = VERTEX_POINT('',#1847);
#1847 = CARTESIAN_POINT('',(-6.002654511015E+03,1.05147E+03,
    664.51560684782));
#1848 = VERTEX_POINT('',#1849);
#1849 = CARTESIAN_POINT('',(-6.068395870747E+03,1.05147E+03,
    711.97305719854));
#1850 = CIRCLE('',#1851,50.);
#1851 = AXIS2_PLACEMENT_3D('',#1852,#1853,#1854);
#1852 = CARTESIAN_POINT('',(-6.052654511015E+03,1.05147E+03,
    664.51560684782));
#1853 = DIRECTION('',(0.,-1.,4.4E-16));
#1854 = DIRECTION('',(1.,0.,0.));
#1855 = ORIENTED_EDGE('',*,*,#1856,.T.);
#1856 = EDGE_CURVE('',#1846,#990,#1857,.T.);
#1857 = LINE('',#1858,#1859);
#1858 = CARTESIAN_POINT('',(-6.002654511015E+03,1.05147E+03,
    664.51560684782));
#1859 = VECTOR('',#1860,1.);
#1860 = DIRECTION('',(0.,1.,-3.3E-16));
#1861 = ORIENTED_EDGE('',*,*,#989,.T.);
#1862 = ORIENTED_EDGE('',*,*,#1863,.F.);
#1863 = EDGE_CURVE('',#1848,#992,#1864,.T.);
#1864 = LINE('',#1865,#1866);
#1865 = CARTESIAN_POINT('',(-6.068395870747E+03,1.05147E+03,
    711.97305719854));
#1866 = VECTOR('',#1867,1.);
#1867 = DIRECTION('',(0.,1.,-3.3E-16));
#1868 = CYLINDRICAL_SURFACE('',#1869,50.);
#1869 = AXIS2_PLACEMENT_3D('',#1870,#1871,#1872);
#1870 = CARTESIAN_POINT('',(-6.052654511015E+03,1.05147E+03,
    664.51560684782));
#1871 = DIRECTION('',(0.,-1.,2.2E-16));
#1872 = DIRECTION('',(1.,0.,0.));
#1873 = ADVANCED_FACE('',(#1874),#1892,.F.);
#1874 = FACE_BOUND('',#1875,.T.);
#1875 = EDGE_LOOP('',(#1876,#1884,#1890,#1891));
#1876 = ORIENTED_EDGE('',*,*,#1877,.F.);
#1877 = EDGE_CURVE('',#1878,#1848,#1880,.T.);
#1878 = VERTEX_POINT('',#1879);
#1879 = CARTESIAN_POINT('',(-6.470900687756E+03,1.05147E+03,
    578.46455491832));
#1880 = LINE('',#1881,#1882);
#1881 = CARTESIAN_POINT('',(-6.470900687756E+03,1.05147E+03,
    578.46455491832));
#1882 = VECTOR('',#1883,1.);
#1883 = DIRECTION('',(0.949149007014,1.4E-16,0.314827194638));
#1884 = ORIENTED_EDGE('',*,*,#1885,.T.);
#1885 = EDGE_CURVE('',#1878,#1001,#1886,.T.);
#1886 = LINE('',#1887,#1888);
#1887 = CARTESIAN_POINT('',(-6.470900687756E+03,1.05147E+03,
    578.46455491832));
#1888 = VECTOR('',#1889,1.);
#1889 = DIRECTION('',(0.,1.,-3.3E-16));
#1890 = ORIENTED_EDGE('',*,*,#1000,.F.);
#1891 = ORIENTED_EDGE('',*,*,#1863,.F.);
#1892 = PLANE('',#1893);
#1893 = AXIS2_PLACEMENT_3D('',#1894,#1895,#1896);
#1894 = CARTESIAN_POINT('',(-6.470900687756E+03,1.05147E+03,
    578.46455491832));
#1895 = DIRECTION('',(-0.314827194638,3.2E-16,0.949149007014));
#1896 = DIRECTION('',(-0.949149007014,-7.E-17,-0.314827194638));
#1897 = ADVANCED_FACE('',(#1898),#1917,.F.);
#1898 = FACE_BOUND('',#1899,.F.);
#1899 = EDGE_LOOP('',(#1900,#1909,#1910,#1911));
#1900 = ORIENTED_EDGE('',*,*,#1901,.F.);
#1901 = EDGE_CURVE('',#1878,#1902,#1904,.T.);
#1902 = VERTEX_POINT('',#1903);
#1903 = CARTESIAN_POINT('',(-6.539417968292E+03,1.05147E+03,
    483.54965421689));
#1904 = CIRCLE('',#1905,100.);
#1905 = AXIS2_PLACEMENT_3D('',#1906,#1907,#1908);
#1906 = CARTESIAN_POINT('',(-6.439417968292E+03,1.05147E+03,
    483.54965421689));
#1907 = DIRECTION('',(0.,-1.,4.4E-16));
#1908 = DIRECTION('',(1.,0.,0.));
#1909 = ORIENTED_EDGE('',*,*,#1885,.T.);
#1910 = ORIENTED_EDGE('',*,*,#1008,.T.);
#1911 = ORIENTED_EDGE('',*,*,#1912,.F.);
#1912 = EDGE_CURVE('',#1902,#1009,#1913,.T.);
#1913 = LINE('',#1914,#1915);
#1914 = CARTESIAN_POINT('',(-6.539417968292E+03,1.05147E+03,
    483.54965421689));
#1915 = VECTOR('',#1916,1.);
#1916 = DIRECTION('',(0.,1.,-3.3E-16));
#1917 = CYLINDRICAL_SURFACE('',#1918,100.);
#1918 = AXIS2_PLACEMENT_3D('',#1919,#1920,#1921);
#1919 = CARTESIAN_POINT('',(-6.439417968292E+03,1.05147E+03,
    483.54965421689));
#1920 = DIRECTION('',(0.,-1.,2.2E-16));
#1921 = DIRECTION('',(1.,0.,0.));
#1922 = ADVANCED_FACE('',(#1923),#1941,.T.);
#1923 = FACE_BOUND('',#1924,.F.);
#1924 = EDGE_LOOP('',(#1925,#1933,#1934,#1935));
#1925 = ORIENTED_EDGE('',*,*,#1926,.F.);
#1926 = EDGE_CURVE('',#1902,#1927,#1929,.T.);
#1927 = VERTEX_POINT('',#1928);
#1928 = CARTESIAN_POINT('',(-6.539417968292E+03,1.05147E+03,
    315.62206565765));
#1929 = LINE('',#1930,#1931);
#1930 = CARTESIAN_POINT('',(-6.539417968292E+03,1.05147E+03,
    483.54965421689));
#1931 = VECTOR('',#1932,1.);
#1932 = DIRECTION('',(0.,-4.4E-16,-1.));
#1933 = ORIENTED_EDGE('',*,*,#1912,.T.);
#1934 = ORIENTED_EDGE('',*,*,#1017,.F.);
#1935 = ORIENTED_EDGE('',*,*,#1936,.F.);
#1936 = EDGE_CURVE('',#1927,#1018,#1937,.T.);
#1937 = LINE('',#1938,#1939);
#1938 = CARTESIAN_POINT('',(-6.539417968292E+03,1.05147E+03,
    315.62206565765));
#1939 = VECTOR('',#1940,1.);
#1940 = DIRECTION('',(0.,1.,-3.3E-16));
#1941 = PLANE('',#1942);
#1942 = AXIS2_PLACEMENT_3D('',#1943,#1944,#1945);
#1943 = CARTESIAN_POINT('',(-6.539417968292E+03,1.05147E+03,
    483.54965421689));
#1944 = DIRECTION('',(1.,0.,0.));
#1945 = DIRECTION('',(0.,2.2E-16,1.));
#1946 = ADVANCED_FACE('',(#1947),#1966,.F.);
#1947 = FACE_BOUND('',#1948,.F.);
#1948 = EDGE_LOOP('',(#1949,#1958,#1959,#1960));
#1949 = ORIENTED_EDGE('',*,*,#1950,.F.);
#1950 = EDGE_CURVE('',#1927,#1951,#1953,.T.);
#1951 = VERTEX_POINT('',#1952);
#1952 = CARTESIAN_POINT('',(-6.485199305668E+03,1.05147E+03,
    265.80035467079));
#1953 = CIRCLE('',#1954,50.);
#1954 = AXIS2_PLACEMENT_3D('',#1955,#1956,#1957);
#1955 = CARTESIAN_POINT('',(-6.489417968292E+03,1.05147E+03,
    315.62206565765));
#1956 = DIRECTION('',(0.,-1.,4.4E-16));
#1957 = DIRECTION('',(1.,0.,0.));
#1958 = ORIENTED_EDGE('',*,*,#1936,.T.);
#1959 = ORIENTED_EDGE('',*,*,#1025,.T.);
#1960 = ORIENTED_EDGE('',*,*,#1961,.F.);
#1961 = EDGE_CURVE('',#1951,#1026,#1962,.T.);
#1962 = LINE('',#1963,#1964);
#1963 = CARTESIAN_POINT('',(-6.485199305668E+03,1.05147E+03,
    265.80035467079));
#1964 = VECTOR('',#1965,1.);
#1965 = DIRECTION('',(0.,1.,-3.3E-16));
#1966 = CYLINDRICAL_SURFACE('',#1967,50.);
#1967 = AXIS2_PLACEMENT_3D('',#1968,#1969,#1970);
#1968 = CARTESIAN_POINT('',(-6.489417968292E+03,1.05147E+03,
    315.62206565765));
#1969 = DIRECTION('',(0.,-1.,2.2E-16));
#1970 = DIRECTION('',(1.,0.,0.));
#1971 = ADVANCED_FACE('',(#1972),#1990,.T.);
#1972 = FACE_BOUND('',#1973,.F.);
#1973 = EDGE_LOOP('',(#1974,#1982,#1983,#1984));
#1974 = ORIENTED_EDGE('',*,*,#1975,.F.);
#1975 = EDGE_CURVE('',#1951,#1976,#1978,.T.);
#1976 = VERTEX_POINT('',#1977);
#1977 = CARTESIAN_POINT('',(-6.317889011058E+03,1.05147E+03,
    279.96738491958));
#1978 = LINE('',#1979,#1980);
#1979 = CARTESIAN_POINT('',(-6.485199305668E+03,1.05147E+03,
    265.80035467079));
#1980 = VECTOR('',#1981,1.);
#1981 = DIRECTION('',(0.996434219737,4.E-17,8.437325249428E-02));
#1982 = ORIENTED_EDGE('',*,*,#1961,.T.);
#1983 = ORIENTED_EDGE('',*,*,#1034,.F.);
#1984 = ORIENTED_EDGE('',*,*,#1985,.F.);
#1985 = EDGE_CURVE('',#1976,#1035,#1986,.T.);
#1986 = LINE('',#1987,#1988);
#1987 = CARTESIAN_POINT('',(-6.317889011058E+03,1.05147E+03,
    279.96738491958));
#1988 = VECTOR('',#1989,1.);
#1989 = DIRECTION('',(0.,1.,-3.3E-16));
#1990 = PLANE('',#1991);
#1991 = AXIS2_PLACEMENT_3D('',#1992,#1993,#1994);
#1992 = CARTESIAN_POINT('',(-6.485199305668E+03,1.05147E+03,
    265.80035467079));
#1993 = DIRECTION('',(-8.437325249428E-02,3.3E-16,0.996434219737));
#1994 = DIRECTION('',(-0.996434219737,-2.E-17,-8.437325249428E-02));
#1995 = ADVANCED_FACE('',(#1996),#2015,.F.);
#1996 = FACE_BOUND('',#1997,.F.);
#1997 = EDGE_LOOP('',(#1998,#2007,#2008,#2009));
#1998 = ORIENTED_EDGE('',*,*,#1999,.F.);
#1999 = EDGE_CURVE('',#1976,#2000,#2002,.T.);
#2000 = VERTEX_POINT('',#2001);
#2001 = CARTESIAN_POINT('',(-6.230972298967E+03,1.05147E+03,
    317.24839502135));
#2002 = CIRCLE('',#2003,150.);
#2003 = AXIS2_PLACEMENT_3D('',#2004,#2005,#2006);
#2004 = CARTESIAN_POINT('',(-6.330544998933E+03,1.05147E+03,
    429.43251788018));
#2005 = DIRECTION('',(0.,-1.,4.4E-16));
#2006 = DIRECTION('',(1.,0.,0.));
#2007 = ORIENTED_EDGE('',*,*,#1985,.T.);
#2008 = ORIENTED_EDGE('',*,*,#1042,.T.);
#2009 = ORIENTED_EDGE('',*,*,#2010,.F.);
#2010 = EDGE_CURVE('',#2000,#1043,#2011,.T.);
#2011 = LINE('',#2012,#2013);
#2012 = CARTESIAN_POINT('',(-6.230972298967E+03,1.05147E+03,
    317.24839502135));
#2013 = VECTOR('',#2014,1.);
#2014 = DIRECTION('',(0.,1.,-3.3E-16));
#2015 = CYLINDRICAL_SURFACE('',#2016,150.);
#2016 = AXIS2_PLACEMENT_3D('',#2017,#2018,#2019);
#2017 = CARTESIAN_POINT('',(-6.330544998933E+03,1.05147E+03,
    429.43251788018));
#2018 = DIRECTION('',(0.,-1.,2.2E-16));
#2019 = DIRECTION('',(1.,0.,0.));
#2020 = ADVANCED_FACE('',(#2021),#2039,.T.);
#2021 = FACE_BOUND('',#2022,.F.);
#2022 = EDGE_LOOP('',(#2023,#2031,#2032,#2033));
#2023 = ORIENTED_EDGE('',*,*,#2024,.F.);
#2024 = EDGE_CURVE('',#2000,#2025,#2027,.T.);
#2025 = VERTEX_POINT('',#2026);
#2026 = CARTESIAN_POINT('',(-6.036272711038E+03,1.05147E+03,
    490.06040404868));
#2027 = LINE('',#2028,#2029);
#2028 = CARTESIAN_POINT('',(-6.230972298967E+03,1.05147E+03,
    317.24839502135));
#2029 = VECTOR('',#2030,1.);
#2030 = DIRECTION('',(0.747894152392,2.9E-16,0.663817999769));
#2031 = ORIENTED_EDGE('',*,*,#2010,.T.);
#2032 = ORIENTED_EDGE('',*,*,#1051,.F.);
#2033 = ORIENTED_EDGE('',*,*,#2034,.F.);
#2034 = EDGE_CURVE('',#2025,#1052,#2035,.T.);
#2035 = LINE('',#2036,#2037);
#2036 = CARTESIAN_POINT('',(-6.036272711038E+03,1.05147E+03,
    490.06040404868));
#2037 = VECTOR('',#2038,1.);
#2038 = DIRECTION('',(0.,1.,-3.3E-16));
#2039 = PLANE('',#2040);
#2040 = AXIS2_PLACEMENT_3D('',#2041,#2042,#2043);
#2041 = CARTESIAN_POINT('',(-6.230972298967E+03,1.05147E+03,
    317.24839502135));
#2042 = DIRECTION('',(-0.663817999769,2.5E-16,0.747894152392));
#2043 = DIRECTION('',(-0.747894152392,-1.5E-16,-0.663817999769));
#2044 = ADVANCED_FACE('',(#2045),#2064,.F.);
#2045 = FACE_BOUND('',#2046,.F.);
#2046 = EDGE_LOOP('',(#2047,#2056,#2057,#2058));
#2047 = ORIENTED_EDGE('',*,*,#2048,.F.);
#2048 = EDGE_CURVE('',#2025,#2049,#2051,.T.);
#2049 = VERTEX_POINT('',#2050);
#2050 = CARTESIAN_POINT('',(-6.002654511015E+03,1.05147E+03,
    564.8498192879));
#2051 = CIRCLE('',#2052,100.);
#2052 = AXIS2_PLACEMENT_3D('',#2053,#2054,#2055);
#2053 = CARTESIAN_POINT('',(-6.102654511015E+03,1.05147E+03,
    564.8498192879));
#2054 = DIRECTION('',(0.,-1.,4.4E-16));
#2055 = DIRECTION('',(1.,0.,0.));
#2056 = ORIENTED_EDGE('',*,*,#2034,.T.);
#2057 = ORIENTED_EDGE('',*,*,#1059,.T.);
#2058 = ORIENTED_EDGE('',*,*,#2059,.F.);
#2059 = EDGE_CURVE('',#2049,#1060,#2060,.T.);
#2060 = LINE('',#2061,#2062);
#2061 = CARTESIAN_POINT('',(-6.002654511015E+03,1.05147E+03,
    564.8498192879));
#2062 = VECTOR('',#2063,1.);
#2063 = DIRECTION('',(0.,1.,-3.3E-16));
#2064 = CYLINDRICAL_SURFACE('',#2065,100.);
#2065 = AXIS2_PLACEMENT_3D('',#2066,#2067,#2068);
#2066 = CARTESIAN_POINT('',(-6.102654511015E+03,1.05147E+03,
    564.8498192879));
#2067 = DIRECTION('',(0.,-1.,2.2E-16));
#2068 = DIRECTION('',(1.,0.,0.));
#2069 = ADVANCED_FACE('',(#2070),#2081,.F.);
#2070 = FACE_BOUND('',#2071,.T.);
#2071 = EDGE_LOOP('',(#2072,#2078,#2079,#2080));
#2072 = ORIENTED_EDGE('',*,*,#2073,.F.);
#2073 = EDGE_CURVE('',#1846,#2049,#2074,.T.);
#2074 = LINE('',#2075,#2076);
#2075 = CARTESIAN_POINT('',(-6.002654511015E+03,1.05147E+03,
    664.51560684782));
#2076 = VECTOR('',#2077,1.);
#2077 = DIRECTION('',(0.,-4.4E-16,-1.));
#2078 = ORIENTED_EDGE('',*,*,#1856,.T.);
#2079 = ORIENTED_EDGE('',*,*,#1068,.F.);
#2080 = ORIENTED_EDGE('',*,*,#2059,.F.);
#2081 = PLANE('',#2082);
#2082 = AXIS2_PLACEMENT_3D('',#2083,#2084,#2085);
#2083 = CARTESIAN_POINT('',(-6.002654511015E+03,1.05147E+03,
    664.51560684782));
#2084 = DIRECTION('',(1.,0.,0.));
#2085 = DIRECTION('',(0.,2.2E-16,1.));
#2086 = ADVANCED_FACE('',(#2087),#2113,.F.);
#2087 = FACE_BOUND('',#2088,.F.);
#2088 = EDGE_LOOP('',(#2089,#2100,#2106,#2107));
#2089 = ORIENTED_EDGE('',*,*,#2090,.F.);
#2090 = EDGE_CURVE('',#2091,#2093,#2095,.T.);
#2091 = VERTEX_POINT('',#2092);
#2092 = CARTESIAN_POINT('',(-5.557887055968E+03,1.05147E+03,
    1.429146726463E+03));
#2093 = VERTEX_POINT('',#2094);
#2094 = CARTESIAN_POINT('',(-5.637887055968E+03,1.05147E+03,
    1.509146726463E+03));
#2095 = CIRCLE('',#2096,80.);
#2096 = AXIS2_PLACEMENT_3D('',#2097,#2098,#2099);
#2097 = CARTESIAN_POINT('',(-5.637887055968E+03,1.05147E+03,
    1.429146726463E+03));
#2098 = DIRECTION('',(0.,-1.,4.4E-16));
#2099 = DIRECTION('',(1.,0.,0.));
#2100 = ORIENTED_EDGE('',*,*,#2101,.T.);
#2101 = EDGE_CURVE('',#2091,#1077,#2102,.T.);
#2102 = LINE('',#2103,#2104);
#2103 = CARTESIAN_POINT('',(-5.557887055968E+03,1.05147E+03,
    1.429146726463E+03));
#2104 = VECTOR('',#2105,1.);
#2105 = DIRECTION('',(0.,1.,-3.3E-16));
#2106 = ORIENTED_EDGE('',*,*,#1076,.T.);
#2107 = ORIENTED_EDGE('',*,*,#2108,.F.);
#2108 = EDGE_CURVE('',#2093,#1079,#2109,.T.);
#2109 = LINE('',#2110,#2111);
#2110 = CARTESIAN_POINT('',(-5.637887055968E+03,1.05147E+03,
    1.509146726463E+03));
#2111 = VECTOR('',#2112,1.);
#2112 = DIRECTION('',(0.,1.,-3.3E-16));
#2113 = CYLINDRICAL_SURFACE('',#2114,80.);
#2114 = AXIS2_PLACEMENT_3D('',#2115,#2116,#2117);
#2115 = CARTESIAN_POINT('',(-5.637887055968E+03,1.05147E+03,
    1.429146726463E+03));
#2116 = DIRECTION('',(0.,-1.,2.2E-16));
#2117 = DIRECTION('',(1.,0.,0.));
#2118 = ADVANCED_FACE('',(#2119),#2137,.F.);
#2119 = FACE_BOUND('',#2120,.T.);
#2120 = EDGE_LOOP('',(#2121,#2129,#2135,#2136));
#2121 = ORIENTED_EDGE('',*,*,#2122,.F.);
#2122 = EDGE_CURVE('',#2123,#2093,#2125,.T.);
#2123 = VERTEX_POINT('',#2124);
#2124 = CARTESIAN_POINT('',(-6.221341985828E+03,1.05147E+03,
    1.509146726463E+03));
#2125 = LINE('',#2126,#2127);
#2126 = CARTESIAN_POINT('',(-6.221341985828E+03,1.05147E+03,
    1.509146726463E+03));
#2127 = VECTOR('',#2128,1.);
#2128 = DIRECTION('',(1.,0.,0.));
#2129 = ORIENTED_EDGE('',*,*,#2130,.T.);
#2130 = EDGE_CURVE('',#2123,#1088,#2131,.T.);
#2131 = LINE('',#2132,#2133);
#2132 = CARTESIAN_POINT('',(-6.221341985828E+03,1.05147E+03,
    1.509146726463E+03));
#2133 = VECTOR('',#2134,1.);
#2134 = DIRECTION('',(0.,1.,-3.3E-16));
#2135 = ORIENTED_EDGE('',*,*,#1087,.F.);
#2136 = ORIENTED_EDGE('',*,*,#2108,.F.);
#2137 = PLANE('',#2138);
#2138 = AXIS2_PLACEMENT_3D('',#2139,#2140,#2141);
#2139 = CARTESIAN_POINT('',(-6.221341985828E+03,1.05147E+03,
    1.509146726463E+03));
#2140 = DIRECTION('',(0.,3.3E-16,1.));
#2141 = DIRECTION('',(-1.,0.,0.));
#2142 = ADVANCED_FACE('',(#2143),#2162,.F.);
#2143 = FACE_BOUND('',#2144,.F.);
#2144 = EDGE_LOOP('',(#2145,#2154,#2155,#2156));
#2145 = ORIENTED_EDGE('',*,*,#2146,.F.);
#2146 = EDGE_CURVE('',#2123,#2147,#2149,.T.);
#2147 = VERTEX_POINT('',#2148);
#2148 = CARTESIAN_POINT('',(-6.383240349483E+03,1.05147E+03,
    1.40781641469E+03));
#2149 = CIRCLE('',#2150,180.);
#2150 = AXIS2_PLACEMENT_3D('',#2151,#2152,#2153);
#2151 = CARTESIAN_POINT('',(-6.221341985828E+03,1.05147E+03,
    1.329146726463E+03));
#2152 = DIRECTION('',(0.,-1.,4.4E-16));
#2153 = DIRECTION('',(1.,0.,0.));
#2154 = ORIENTED_EDGE('',*,*,#2130,.T.);
#2155 = ORIENTED_EDGE('',*,*,#1095,.T.);
#2156 = ORIENTED_EDGE('',*,*,#2157,.F.);
#2157 = EDGE_CURVE('',#2147,#1096,#2158,.T.);
#2158 = LINE('',#2159,#2160);
#2159 = CARTESIAN_POINT('',(-6.383240349483E+03,1.05147E+03,
    1.40781641469E+03));
#2160 = VECTOR('',#2161,1.);
#2161 = DIRECTION('',(0.,1.,-3.3E-16));
#2162 = CYLINDRICAL_SURFACE('',#2163,180.);
#2163 = AXIS2_PLACEMENT_3D('',#2164,#2165,#2166);
#2164 = CARTESIAN_POINT('',(-6.221341985828E+03,1.05147E+03,
    1.329146726463E+03));
#2165 = DIRECTION('',(0.,-1.,2.2E-16));
#2166 = DIRECTION('',(1.,0.,0.));
#2167 = ADVANCED_FACE('',(#2168),#2187,.F.);
#2168 = FACE_BOUND('',#2169,.F.);
#2169 = EDGE_LOOP('',(#2170,#2179,#2180,#2181));
#2170 = ORIENTED_EDGE('',*,*,#2171,.F.);
#2171 = EDGE_CURVE('',#2147,#2172,#2174,.T.);
#2172 = VERTEX_POINT('',#2173);
#2173 = CARTESIAN_POINT('',(-6.478826466186E+03,1.05147E+03,
    818.97520408447));
#2174 = CIRCLE('',#2175,1.038239590319E+03);
#2175 = AXIS2_PLACEMENT_3D('',#2176,#2177,#2178);
#2176 = CARTESIAN_POINT('',(-5.449410956401E+03,1.05147E+03,
    954.04983204942));
#2177 = DIRECTION('',(0.,-1.,4.4E-16));
#2178 = DIRECTION('',(1.,0.,0.));
#2179 = ORIENTED_EDGE('',*,*,#2157,.T.);
#2180 = ORIENTED_EDGE('',*,*,#1104,.T.);
#2181 = ORIENTED_EDGE('',*,*,#2182,.F.);
#2182 = EDGE_CURVE('',#2172,#1105,#2183,.T.);
#2183 = LINE('',#2184,#2185);
#2184 = CARTESIAN_POINT('',(-6.478826466186E+03,1.05147E+03,
    818.97520408447));
#2185 = VECTOR('',#2186,1.);
#2186 = DIRECTION('',(0.,1.,-3.3E-16));
#2187 = CYLINDRICAL_SURFACE('',#2188,1.038239590319E+03);
#2188 = AXIS2_PLACEMENT_3D('',#2189,#2190,#2191);
#2189 = CARTESIAN_POINT('',(-5.449410956401E+03,1.05147E+03,
    954.04983204942));
#2190 = DIRECTION('',(0.,-1.,2.2E-16));
#2191 = DIRECTION('',(1.,0.,0.));
#2192 = ADVANCED_FACE('',(#2193),#2212,.F.);
#2193 = FACE_BOUND('',#2194,.F.);
#2194 = EDGE_LOOP('',(#2195,#2204,#2205,#2206));
#2195 = ORIENTED_EDGE('',*,*,#2196,.F.);
#2196 = EDGE_CURVE('',#2172,#2197,#2199,.T.);
#2197 = VERTEX_POINT('',#2198);
#2198 = CARTESIAN_POINT('',(-6.410333166154E+03,1.05147E+03,
    779.19736500009));
#2199 = CIRCLE('',#2200,50.);
#2200 = AXIS2_PLACEMENT_3D('',#2201,#2202,#2203);
#2201 = CARTESIAN_POINT('',(-6.429251420147E+03,1.05147E+03,
    825.48018757886));
#2202 = DIRECTION('',(0.,-1.,4.4E-16));
#2203 = DIRECTION('',(1.,0.,0.));
#2204 = ORIENTED_EDGE('',*,*,#2182,.T.);
#2205 = ORIENTED_EDGE('',*,*,#1113,.T.);
#2206 = ORIENTED_EDGE('',*,*,#2207,.F.);
#2207 = EDGE_CURVE('',#2197,#1114,#2208,.T.);
#2208 = LINE('',#2209,#2210);
#2209 = CARTESIAN_POINT('',(-6.410333166154E+03,1.05147E+03,
    779.19736500009));
#2210 = VECTOR('',#2211,1.);
#2211 = DIRECTION('',(0.,1.,-3.3E-16));
#2212 = CYLINDRICAL_SURFACE('',#2213,50.);
#2213 = AXIS2_PLACEMENT_3D('',#2214,#2215,#2216);
#2214 = CARTESIAN_POINT('',(-6.429251420147E+03,1.05147E+03,
    825.48018757886));
#2215 = DIRECTION('',(0.,-1.,2.2E-16));
#2216 = DIRECTION('',(1.,0.,0.));
#2217 = ADVANCED_FACE('',(#2218),#2236,.F.);
#2218 = FACE_BOUND('',#2219,.T.);
#2219 = EDGE_LOOP('',(#2220,#2228,#2234,#2235));
#2220 = ORIENTED_EDGE('',*,*,#2221,.F.);
#2221 = EDGE_CURVE('',#2222,#2197,#2224,.T.);
#2222 = VERTEX_POINT('',#2223);
#2223 = CARTESIAN_POINT('',(-6.065695502846E+03,1.05147E+03,
    920.06912879339));
#2224 = LINE('',#2225,#2226);
#2225 = CARTESIAN_POINT('',(-6.065695502846E+03,1.05147E+03,
    920.06912879339));
#2226 = VECTOR('',#2227,1.);
#2227 = DIRECTION('',(-0.925656451575,-1.7E-16,-0.378365079859));
#2228 = ORIENTED_EDGE('',*,*,#2229,.T.);
#2229 = EDGE_CURVE('',#2222,#1123,#2230,.T.);
#2230 = LINE('',#2231,#2232);
#2231 = CARTESIAN_POINT('',(-6.065695502846E+03,1.05147E+03,
    920.06912879339));
#2232 = VECTOR('',#2233,1.);
#2233 = DIRECTION('',(0.,1.,-3.3E-16));
#2234 = ORIENTED_EDGE('',*,*,#1122,.F.);
#2235 = ORIENTED_EDGE('',*,*,#2207,.F.);
#2236 = PLANE('',#2237);
#2237 = AXIS2_PLACEMENT_3D('',#2238,#2239,#2240);
#2238 = CARTESIAN_POINT('',(-6.065695502846E+03,1.05147E+03,
    920.06912879339));
#2239 = DIRECTION('',(0.378365079859,-3.1E-16,-0.925656451575));
#2240 = DIRECTION('',(0.925656451575,8.E-17,0.378365079859));
#2241 = ADVANCED_FACE('',(#2242),#2261,.T.);
#2242 = FACE_BOUND('',#2243,.T.);
#2243 = EDGE_LOOP('',(#2244,#2253,#2259,#2260));
#2244 = ORIENTED_EDGE('',*,*,#2245,.F.);
#2245 = EDGE_CURVE('',#2246,#2222,#2248,.T.);
#2246 = VERTEX_POINT('',#2247);
#2247 = CARTESIAN_POINT('',(-5.929726115211E+03,1.05147E+03,
    946.7852484672));
#2248 = CIRCLE('',#2249,359.36029742911);
#2249 = AXIS2_PLACEMENT_3D('',#2250,#2251,#2252);
#2250 = CARTESIAN_POINT('',(-5.929726115211E+03,1.05147E+03,
    587.42495103809));
#2251 = DIRECTION('',(0.,-1.,4.4E-16));
#2252 = DIRECTION('',(1.,0.,0.));
#2253 = ORIENTED_EDGE('',*,*,#2254,.T.);
#2254 = EDGE_CURVE('',#2246,#1131,#2255,.T.);
#2255 = LINE('',#2256,#2257);
#2256 = CARTESIAN_POINT('',(-5.929726115211E+03,1.05147E+03,
    946.7852484672));
#2257 = VECTOR('',#2258,1.);
#2258 = DIRECTION('',(0.,1.,-3.3E-16));
#2259 = ORIENTED_EDGE('',*,*,#1130,.T.);
#2260 = ORIENTED_EDGE('',*,*,#2229,.F.);
#2261 = CYLINDRICAL_SURFACE('',#2262,359.36029742911);
#2262 = AXIS2_PLACEMENT_3D('',#2263,#2264,#2265);
#2263 = CARTESIAN_POINT('',(-5.929726115211E+03,1.05147E+03,
    587.42495103809));
#2264 = DIRECTION('',(0.,-1.,2.2E-16));
#2265 = DIRECTION('',(1.,0.,0.));
#2266 = ADVANCED_FACE('',(#2267),#2285,.F.);
#2267 = FACE_BOUND('',#2268,.T.);
#2268 = EDGE_LOOP('',(#2269,#2277,#2283,#2284));
#2269 = ORIENTED_EDGE('',*,*,#2270,.F.);
#2270 = EDGE_CURVE('',#2271,#2246,#2273,.T.);
#2271 = VERTEX_POINT('',#2272);
#2272 = CARTESIAN_POINT('',(-5.637887055968E+03,1.05147E+03,
    946.7852484672));
#2273 = LINE('',#2274,#2275);
#2274 = CARTESIAN_POINT('',(-5.637887055968E+03,1.05147E+03,
    946.7852484672));
#2275 = VECTOR('',#2276,1.);
#2276 = DIRECTION('',(-1.,0.,0.));
#2277 = ORIENTED_EDGE('',*,*,#2278,.T.);
#2278 = EDGE_CURVE('',#2271,#1140,#2279,.T.);
#2279 = LINE('',#2280,#2281);
#2280 = CARTESIAN_POINT('',(-5.637887055968E+03,1.05147E+03,
    946.7852484672));
#2281 = VECTOR('',#2282,1.);
#2282 = DIRECTION('',(0.,1.,-3.3E-16));
#2283 = ORIENTED_EDGE('',*,*,#1139,.F.);
#2284 = ORIENTED_EDGE('',*,*,#2254,.F.);
#2285 = PLANE('',#2286);
#2286 = AXIS2_PLACEMENT_3D('',#2287,#2288,#2289);
#2287 = CARTESIAN_POINT('',(-5.637887055968E+03,1.05147E+03,
    946.7852484672));
#2288 = DIRECTION('',(-0.,-3.3E-16,-1.));
#2289 = DIRECTION('',(1.,0.,0.));
#2290 = ADVANCED_FACE('',(#2291),#2310,.F.);
#2291 = FACE_BOUND('',#2292,.F.);
#2292 = EDGE_LOOP('',(#2293,#2302,#2303,#2304));
#2293 = ORIENTED_EDGE('',*,*,#2294,.F.);
#2294 = EDGE_CURVE('',#2271,#2295,#2297,.T.);
#2295 = VERTEX_POINT('',#2296);
#2296 = CARTESIAN_POINT('',(-5.557887055968E+03,1.05147E+03,
    1.026785248467E+03));
#2297 = CIRCLE('',#2298,80.);
#2298 = AXIS2_PLACEMENT_3D('',#2299,#2300,#2301);
#2299 = CARTESIAN_POINT('',(-5.637887055968E+03,1.05147E+03,
    1.026785248467E+03));
#2300 = DIRECTION('',(0.,-1.,4.4E-16));
#2301 = DIRECTION('',(1.,0.,0.));
#2302 = ORIENTED_EDGE('',*,*,#2278,.T.);
#2303 = ORIENTED_EDGE('',*,*,#1147,.T.);
#2304 = ORIENTED_EDGE('',*,*,#2305,.F.);
#2305 = EDGE_CURVE('',#2295,#1148,#2306,.T.);
#2306 = LINE('',#2307,#2308);
#2307 = CARTESIAN_POINT('',(-5.557887055968E+03,1.05147E+03,
    1.026785248467E+03));
#2308 = VECTOR('',#2309,1.);
#2309 = DIRECTION('',(0.,1.,-3.3E-16));
#2310 = CYLINDRICAL_SURFACE('',#2311,80.);
#2311 = AXIS2_PLACEMENT_3D('',#2312,#2313,#2314);
#2312 = CARTESIAN_POINT('',(-5.637887055968E+03,1.05147E+03,
    1.026785248467E+03));
#2313 = DIRECTION('',(0.,-1.,2.2E-16));
#2314 = DIRECTION('',(1.,0.,0.));
#2315 = ADVANCED_FACE('',(#2316),#2327,.F.);
#2316 = FACE_BOUND('',#2317,.T.);
#2317 = EDGE_LOOP('',(#2318,#2324,#2325,#2326));
#2318 = ORIENTED_EDGE('',*,*,#2319,.F.);
#2319 = EDGE_CURVE('',#2091,#2295,#2320,.T.);
#2320 = LINE('',#2321,#2322);
#2321 = CARTESIAN_POINT('',(-5.557887055968E+03,1.05147E+03,
    1.429146726463E+03));
#2322 = VECTOR('',#2323,1.);
#2323 = DIRECTION('',(0.,-4.4E-16,-1.));
#2324 = ORIENTED_EDGE('',*,*,#2101,.T.);
#2325 = ORIENTED_EDGE('',*,*,#1156,.F.);
#2326 = ORIENTED_EDGE('',*,*,#2305,.F.);
#2327 = PLANE('',#2328);
#2328 = AXIS2_PLACEMENT_3D('',#2329,#2330,#2331);
#2329 = CARTESIAN_POINT('',(-5.557887055968E+03,1.05147E+03,
    1.429146726463E+03));
#2330 = DIRECTION('',(1.,0.,0.));
#2331 = DIRECTION('',(0.,2.2E-16,1.));
#2332 = ADVANCED_FACE('',(#2333),#2336,.F.);
#2333 = FACE_BOUND('',#2334,.T.);
#2334 = EDGE_LOOP('',(#2335));
#2335 = ORIENTED_EDGE('',*,*,#1178,.T.);
#2336 = PLANE('',#2337);
#2337 = AXIS2_PLACEMENT_3D('',#2338,#2339,#2340);
#2338 = CARTESIAN_POINT('',(-1.46E-15,-650.,1.4377E-13));
#2339 = DIRECTION('',(0.,1.,0.));
#2340 = DIRECTION('',(0.,0.,1.));
#2341 = ADVANCED_FACE('',(#2342),#2367,.F.);
#2342 = FACE_BOUND('',#2343,.F.);
#2343 = EDGE_LOOP('',(#2344,#2352,#2360,#2366));
#2344 = ORIENTED_EDGE('',*,*,#2345,.T.);
#2345 = EDGE_CURVE('',#1250,#2346,#2348,.T.);
#2346 = VERTEX_POINT('',#2347);
#2347 = CARTESIAN_POINT('',(-6.812770011133E+03,960.,723.27026365296));
#2348 = LINE('',#2349,#2350);
#2349 = CARTESIAN_POINT('',(-6.859565756568E+03,960.,740.88157278195));
#2350 = VECTOR('',#2351,1.);
#2351 = DIRECTION('',(0.935914908688,0.,-0.35222618258));
#2352 = ORIENTED_EDGE('',*,*,#2353,.T.);
#2353 = EDGE_CURVE('',#2346,#2354,#2356,.T.);
#2354 = VERTEX_POINT('',#2355);
#2355 = CARTESIAN_POINT('',(-6.812770011133E+03,-960.,723.27026365296));
#2356 = LINE('',#2357,#2358);
#2357 = CARTESIAN_POINT('',(-6.812770011133E+03,960.,723.27026365296));
#2358 = VECTOR('',#2359,1.);
#2359 = DIRECTION('',(0.,-1.,1.1E-16));
#2360 = ORIENTED_EDGE('',*,*,#2361,.F.);
#2361 = EDGE_CURVE('',#1252,#2354,#2362,.T.);
#2362 = LINE('',#2363,#2364);
#2363 = CARTESIAN_POINT('',(-6.859565756568E+03,-960.,740.88157278195));
#2364 = VECTOR('',#2365,1.);
#2365 = DIRECTION('',(0.935914908688,0.,-0.35222618258));
#2366 = ORIENTED_EDGE('',*,*,#1249,.F.);
#2367 = PLANE('',#2368);
#2368 = AXIS2_PLACEMENT_3D('',#2369,#2370,#2371);
#2369 = CARTESIAN_POINT('',(-6.859565756568E+03,960.,740.88157278195));
#2370 = DIRECTION('',(-0.35222618258,-1.E-16,-0.935914908688));
#2371 = DIRECTION('',(-1.039292647769E-18,-1.,1.072384520753E-16));
#2372 = ADVANCED_FACE('',(#2373),#2392,.F.);
#2373 = FACE_BOUND('',#2374,.F.);
#2374 = EDGE_LOOP('',(#2375,#2383,#2390,#2391));
#2375 = ORIENTED_EDGE('',*,*,#2376,.T.);
#2376 = EDGE_CURVE('',#1260,#2377,#2379,.T.);
#2377 = VERTEX_POINT('',#2378);
#2378 = CARTESIAN_POINT('',(-6.795158702004E+03,1.01E+03,770.06600908738
    ));
#2379 = LINE('',#2380,#2381);
#2380 = CARTESIAN_POINT('',(-6.841954447439E+03,1.01E+03,787.67731821637
    ));
#2381 = VECTOR('',#2382,1.);
#2382 = DIRECTION('',(0.935914908688,0.,-0.35222618258));
#2383 = ORIENTED_EDGE('',*,*,#2384,.T.);
#2384 = EDGE_CURVE('',#2377,#2346,#2385,.T.);
#2385 = CIRCLE('',#2386,50.);
#2386 = AXIS2_PLACEMENT_3D('',#2387,#2388,#2389);
#2387 = CARTESIAN_POINT('',(-6.795158702004E+03,960.,770.06600908738));
#2388 = DIRECTION('',(-0.935914908688,4.E-17,0.35222618258));
#2389 = DIRECTION('',(-1.174685441751E-18,-1.,1.104420860968E-16));
#2390 = ORIENTED_EDGE('',*,*,#2345,.F.);
#2391 = ORIENTED_EDGE('',*,*,#1259,.F.);
#2392 = CYLINDRICAL_SURFACE('',#2393,50.);
#2393 = AXIS2_PLACEMENT_3D('',#2394,#2395,#2396);
#2394 = CARTESIAN_POINT('',(-6.841954447439E+03,960.,787.67731821637));
#2395 = DIRECTION('',(-0.935914908688,4.E-17,0.35222618258));
#2396 = DIRECTION('',(-1.174685441751E-18,-1.,1.104420860968E-16));
#2397 = ADVANCED_FACE('',(#2398),#2416,.F.);
#2398 = FACE_BOUND('',#2399,.F.);
#2399 = EDGE_LOOP('',(#2400,#2408,#2414,#2415));
#2400 = ORIENTED_EDGE('',*,*,#2401,.T.);
#2401 = EDGE_CURVE('',#1269,#2402,#2404,.T.);
#2402 = VERTEX_POINT('',#2403);
#2403 = CARTESIAN_POINT('',(-6.549380368252E+03,1.01E+03,
    1.423133890375E+03));
#2404 = LINE('',#2405,#2406);
#2405 = CARTESIAN_POINT('',(-6.596176113686E+03,1.01E+03,
    1.440745199504E+03));
#2406 = VECTOR('',#2407,1.);
#2407 = DIRECTION('',(0.935914908688,0.,-0.35222618258));
#2408 = ORIENTED_EDGE('',*,*,#2409,.T.);
#2409 = EDGE_CURVE('',#2402,#2377,#2410,.T.);
#2410 = LINE('',#2411,#2412);
#2411 = CARTESIAN_POINT('',(-6.549380368252E+03,1.01E+03,
    1.423133890375E+03));
#2412 = VECTOR('',#2413,1.);
#2413 = DIRECTION('',(-0.35222618258,-1.E-16,-0.935914908688));
#2414 = ORIENTED_EDGE('',*,*,#2376,.F.);
#2415 = ORIENTED_EDGE('',*,*,#1268,.F.);
#2416 = PLANE('',#2417);
#2417 = AXIS2_PLACEMENT_3D('',#2418,#2419,#2420);
#2418 = CARTESIAN_POINT('',(-6.596176113686E+03,1.01E+03,
    1.440745199504E+03));
#2419 = DIRECTION('',(-4.E-17,1.,-1.E-16));
#2420 = DIRECTION('',(-0.35222618258,-1.07680538172E-16,-0.935914908688)
  );
#2421 = ADVANCED_FACE('',(#2422),#2441,.F.);
#2422 = FACE_BOUND('',#2423,.F.);
#2423 = EDGE_LOOP('',(#2424,#2432,#2439,#2440));
#2424 = ORIENTED_EDGE('',*,*,#2425,.T.);
#2425 = EDGE_CURVE('',#1277,#2426,#2428,.T.);
#2426 = VERTEX_POINT('',#2427);
#2427 = CARTESIAN_POINT('',(-6.531769059123E+03,960.,1.469929635809E+03)
  );
#2428 = LINE('',#2429,#2430);
#2429 = CARTESIAN_POINT('',(-6.578564804557E+03,960.,1.487540944938E+03)
  );
#2430 = VECTOR('',#2431,1.);
#2431 = DIRECTION('',(0.935914908688,0.,-0.35222618258));
#2432 = ORIENTED_EDGE('',*,*,#2433,.T.);
#2433 = EDGE_CURVE('',#2426,#2402,#2434,.T.);
#2434 = CIRCLE('',#2435,50.);
#2435 = AXIS2_PLACEMENT_3D('',#2436,#2437,#2438);
#2436 = CARTESIAN_POINT('',(-6.549380368252E+03,960.,1.423133890375E+03)
  );
#2437 = DIRECTION('',(-0.935914908688,4.E-17,0.35222618258));
#2438 = DIRECTION('',(-1.174685441751E-18,-1.,1.104420860968E-16));
#2439 = ORIENTED_EDGE('',*,*,#2401,.F.);
#2440 = ORIENTED_EDGE('',*,*,#1276,.F.);
#2441 = CYLINDRICAL_SURFACE('',#2442,50.);
#2442 = AXIS2_PLACEMENT_3D('',#2443,#2444,#2445);
#2443 = CARTESIAN_POINT('',(-6.596176113686E+03,960.,1.440745199504E+03)
  );
#2444 = DIRECTION('',(-0.935914908688,4.E-17,0.35222618258));
#2445 = DIRECTION('',(-1.174685441751E-18,-1.,1.104420860968E-16));
#2446 = ADVANCED_FACE('',(#2447),#2465,.F.);
#2447 = FACE_BOUND('',#2448,.F.);
#2448 = EDGE_LOOP('',(#2449,#2457,#2463,#2464));
#2449 = ORIENTED_EDGE('',*,*,#2450,.T.);
#2450 = EDGE_CURVE('',#1286,#2451,#2453,.T.);
#2451 = VERTEX_POINT('',#2452);
#2452 = CARTESIAN_POINT('',(-6.531769059123E+03,-960.,1.469929635809E+03
    ));
#2453 = LINE('',#2454,#2455);
#2454 = CARTESIAN_POINT('',(-6.578564804557E+03,-960.,1.487540944938E+03
    ));
#2455 = VECTOR('',#2456,1.);
#2456 = DIRECTION('',(0.935914908688,0.,-0.35222618258));
#2457 = ORIENTED_EDGE('',*,*,#2458,.T.);
#2458 = EDGE_CURVE('',#2451,#2426,#2459,.T.);
#2459 = LINE('',#2460,#2461);
#2460 = CARTESIAN_POINT('',(-6.531769059123E+03,-960.,1.469929635809E+03
    ));
#2461 = VECTOR('',#2462,1.);
#2462 = DIRECTION('',(0.,1.,-1.1E-16));
#2463 = ORIENTED_EDGE('',*,*,#2425,.F.);
#2464 = ORIENTED_EDGE('',*,*,#1285,.F.);
#2465 = PLANE('',#2466);
#2466 = AXIS2_PLACEMENT_3D('',#2467,#2468,#2469);
#2467 = CARTESIAN_POINT('',(-6.578564804557E+03,-960.,1.487540944938E+03
    ));
#2468 = DIRECTION('',(0.35222618258,1.E-16,0.935914908688));
#2469 = DIRECTION('',(1.039292647769E-18,1.,-1.072384520753E-16));
#2470 = ADVANCED_FACE('',(#2471),#2490,.F.);
#2471 = FACE_BOUND('',#2472,.F.);
#2472 = EDGE_LOOP('',(#2473,#2481,#2488,#2489));
#2473 = ORIENTED_EDGE('',*,*,#2474,.T.);
#2474 = EDGE_CURVE('',#1294,#2475,#2477,.T.);
#2475 = VERTEX_POINT('',#2476);
#2476 = CARTESIAN_POINT('',(-6.549380368252E+03,-1.01E+03,
    1.423133890375E+03));
#2477 = LINE('',#2478,#2479);
#2478 = CARTESIAN_POINT('',(-6.596176113686E+03,-1.01E+03,
    1.440745199504E+03));
#2479 = VECTOR('',#2480,1.);
#2480 = DIRECTION('',(0.935914908688,0.,-0.35222618258));
#2481 = ORIENTED_EDGE('',*,*,#2482,.T.);
#2482 = EDGE_CURVE('',#2475,#2451,#2483,.T.);
#2483 = CIRCLE('',#2484,50.);
#2484 = AXIS2_PLACEMENT_3D('',#2485,#2486,#2487);
#2485 = CARTESIAN_POINT('',(-6.549380368252E+03,-960.,1.423133890375E+03
    ));
#2486 = DIRECTION('',(-0.935914908688,4.E-17,0.35222618258));
#2487 = DIRECTION('',(-1.174685441751E-18,-1.,1.104420860968E-16));
#2488 = ORIENTED_EDGE('',*,*,#2450,.F.);
#2489 = ORIENTED_EDGE('',*,*,#1293,.F.);
#2490 = CYLINDRICAL_SURFACE('',#2491,50.);
#2491 = AXIS2_PLACEMENT_3D('',#2492,#2493,#2494);
#2492 = CARTESIAN_POINT('',(-6.596176113686E+03,-960.,1.440745199504E+03
    ));
#2493 = DIRECTION('',(-0.935914908688,4.E-17,0.35222618258));
#2494 = DIRECTION('',(-1.174685441751E-18,-1.,1.104420860968E-16));
#2495 = ADVANCED_FACE('',(#2496),#2514,.F.);
#2496 = FACE_BOUND('',#2497,.F.);
#2497 = EDGE_LOOP('',(#2498,#2506,#2512,#2513));
#2498 = ORIENTED_EDGE('',*,*,#2499,.T.);
#2499 = EDGE_CURVE('',#1303,#2500,#2502,.T.);
#2500 = VERTEX_POINT('',#2501);
#2501 = CARTESIAN_POINT('',(-6.795158702004E+03,-1.01E+03,
    770.06600908738));
#2502 = LINE('',#2503,#2504);
#2503 = CARTESIAN_POINT('',(-6.841954447439E+03,-1.01E+03,
    787.67731821637));
#2504 = VECTOR('',#2505,1.);
#2505 = DIRECTION('',(0.935914908688,0.,-0.35222618258));
#2506 = ORIENTED_EDGE('',*,*,#2507,.T.);
#2507 = EDGE_CURVE('',#2500,#2475,#2508,.T.);
#2508 = LINE('',#2509,#2510);
#2509 = CARTESIAN_POINT('',(-6.795158702004E+03,-1.01E+03,
    770.06600908738));
#2510 = VECTOR('',#2511,1.);
#2511 = DIRECTION('',(0.35222618258,1.E-16,0.935914908688));
#2512 = ORIENTED_EDGE('',*,*,#2474,.F.);
#2513 = ORIENTED_EDGE('',*,*,#1302,.F.);
#2514 = PLANE('',#2515);
#2515 = AXIS2_PLACEMENT_3D('',#2516,#2517,#2518);
#2516 = CARTESIAN_POINT('',(-6.841954447439E+03,-1.01E+03,
    787.67731821637));
#2517 = DIRECTION('',(4.E-17,-1.,1.E-16));
#2518 = DIRECTION('',(0.35222618258,1.07680538172E-16,0.935914908688));
#2519 = ADVANCED_FACE('',(#2520),#2532,.F.);
#2520 = FACE_BOUND('',#2521,.F.);
#2521 = EDGE_LOOP('',(#2522,#2523,#2530,#2531));
#2522 = ORIENTED_EDGE('',*,*,#2361,.T.);
#2523 = ORIENTED_EDGE('',*,*,#2524,.T.);
#2524 = EDGE_CURVE('',#2354,#2500,#2525,.T.);
#2525 = CIRCLE('',#2526,50.);
#2526 = AXIS2_PLACEMENT_3D('',#2527,#2528,#2529);
#2527 = CARTESIAN_POINT('',(-6.795158702004E+03,-960.,770.06600908738));
#2528 = DIRECTION('',(-0.935914908688,4.E-17,0.35222618258));
#2529 = DIRECTION('',(-1.174685441751E-18,-1.,1.104420860968E-16));
#2530 = ORIENTED_EDGE('',*,*,#2499,.F.);
#2531 = ORIENTED_EDGE('',*,*,#1310,.F.);
#2532 = CYLINDRICAL_SURFACE('',#2533,50.);
#2533 = AXIS2_PLACEMENT_3D('',#2534,#2535,#2536);
#2534 = CARTESIAN_POINT('',(-6.841954447439E+03,-960.,787.67731821637));
#2535 = DIRECTION('',(-0.935914908688,4.E-17,0.35222618258));
#2536 = DIRECTION('',(-1.174685441751E-18,-1.,1.104420860968E-16));
#2537 = ADVANCED_FACE('',(#2538),#2550,.F.);
#2538 = FACE_BOUND('',#2539,.F.);
#2539 = EDGE_LOOP('',(#2540,#2541,#2542,#2543,#2544,#2545,#2546,#2547,
    #2548,#2549));
#2540 = ORIENTED_EDGE('',*,*,#1354,.T.);
#2541 = ORIENTED_EDGE('',*,*,#1584,.F.);
#2542 = ORIENTED_EDGE('',*,*,#1557,.T.);
#2543 = ORIENTED_EDGE('',*,*,#1542,.F.);
#2544 = ORIENTED_EDGE('',*,*,#1508,.F.);
#2545 = ORIENTED_EDGE('',*,*,#1493,.F.);
#2546 = ORIENTED_EDGE('',*,*,#1459,.F.);
#2547 = ORIENTED_EDGE('',*,*,#1444,.F.);
#2548 = ORIENTED_EDGE('',*,*,#1410,.F.);
#2549 = ORIENTED_EDGE('',*,*,#1395,.F.);
#2550 = PLANE('',#2551);
#2551 = AXIS2_PLACEMENT_3D('',#2552,#2553,#2554);
#2552 = CARTESIAN_POINT('',(-6.116160238581E+03,-1.05147E+03,
    932.24086287968));
#2553 = DIRECTION('',(0.,1.,2.2E-16));
#2554 = DIRECTION('',(0.,-2.2E-16,1.));
#2555 = ADVANCED_FACE('',(#2556),#2568,.F.);
#2556 = FACE_BOUND('',#2557,.F.);
#2557 = EDGE_LOOP('',(#2558,#2559,#2560,#2561,#2562,#2563,#2564,#2565,
    #2566,#2567));
#2558 = ORIENTED_EDGE('',*,*,#1599,.T.);
#2559 = ORIENTED_EDGE('',*,*,#1830,.F.);
#2560 = ORIENTED_EDGE('',*,*,#1803,.T.);
#2561 = ORIENTED_EDGE('',*,*,#1788,.F.);
#2562 = ORIENTED_EDGE('',*,*,#1754,.T.);
#2563 = ORIENTED_EDGE('',*,*,#1739,.T.);
#2564 = ORIENTED_EDGE('',*,*,#1705,.T.);
#2565 = ORIENTED_EDGE('',*,*,#1690,.F.);
#2566 = ORIENTED_EDGE('',*,*,#1665,.F.);
#2567 = ORIENTED_EDGE('',*,*,#1640,.F.);
#2568 = PLANE('',#2569);
#2569 = AXIS2_PLACEMENT_3D('',#2570,#2571,#2572);
#2570 = CARTESIAN_POINT('',(-6.116160238581E+03,-1.05147E+03,
    932.24086287968));
#2571 = DIRECTION('',(0.,1.,2.2E-16));
#2572 = DIRECTION('',(0.,-2.2E-16,1.));
#2573 = ADVANCED_FACE('',(#2574),#2586,.F.);
#2574 = FACE_BOUND('',#2575,.T.);
#2575 = EDGE_LOOP('',(#2576,#2577,#2578,#2579,#2580,#2581,#2582,#2583,
    #2584,#2585));
#2576 = ORIENTED_EDGE('',*,*,#1877,.T.);
#2577 = ORIENTED_EDGE('',*,*,#1845,.F.);
#2578 = ORIENTED_EDGE('',*,*,#2073,.T.);
#2579 = ORIENTED_EDGE('',*,*,#2048,.F.);
#2580 = ORIENTED_EDGE('',*,*,#2024,.F.);
#2581 = ORIENTED_EDGE('',*,*,#1999,.F.);
#2582 = ORIENTED_EDGE('',*,*,#1975,.F.);
#2583 = ORIENTED_EDGE('',*,*,#1950,.F.);
#2584 = ORIENTED_EDGE('',*,*,#1926,.F.);
#2585 = ORIENTED_EDGE('',*,*,#1901,.F.);
#2586 = PLANE('',#2587);
#2587 = AXIS2_PLACEMENT_3D('',#2588,#2589,#2590);
#2588 = CARTESIAN_POINT('',(-6.116160238581E+03,1.05147E+03,
    932.24086287968));
#2589 = DIRECTION('',(0.,-1.,2.2E-16));
#2590 = DIRECTION('',(0.,-2.2E-16,-1.));
#2591 = ADVANCED_FACE('',(#2592),#2604,.F.);
#2592 = FACE_BOUND('',#2593,.T.);
#2593 = EDGE_LOOP('',(#2594,#2595,#2596,#2597,#2598,#2599,#2600,#2601,
    #2602,#2603));
#2594 = ORIENTED_EDGE('',*,*,#2122,.T.);
#2595 = ORIENTED_EDGE('',*,*,#2090,.F.);
#2596 = ORIENTED_EDGE('',*,*,#2319,.T.);
#2597 = ORIENTED_EDGE('',*,*,#2294,.F.);
#2598 = ORIENTED_EDGE('',*,*,#2270,.T.);
#2599 = ORIENTED_EDGE('',*,*,#2245,.T.);
#2600 = ORIENTED_EDGE('',*,*,#2221,.T.);
#2601 = ORIENTED_EDGE('',*,*,#2196,.F.);
#2602 = ORIENTED_EDGE('',*,*,#2171,.F.);
#2603 = ORIENTED_EDGE('',*,*,#2146,.F.);
#2604 = PLANE('',#2605);
#2605 = AXIS2_PLACEMENT_3D('',#2606,#2607,#2608);
#2606 = CARTESIAN_POINT('',(-6.116160238581E+03,1.05147E+03,
    932.24086287968));
#2607 = DIRECTION('',(0.,-1.,2.2E-16));
#2608 = DIRECTION('',(0.,-2.2E-16,-1.));
#2609 = ADVANCED_FACE('',(#2610),#2620,.F.);
#2610 = FACE_BOUND('',#2611,.T.);
#2611 = EDGE_LOOP('',(#2612,#2613,#2614,#2615,#2616,#2617,#2618,#2619));
#2612 = ORIENTED_EDGE('',*,*,#2353,.T.);
#2613 = ORIENTED_EDGE('',*,*,#2524,.T.);
#2614 = ORIENTED_EDGE('',*,*,#2507,.T.);
#2615 = ORIENTED_EDGE('',*,*,#2482,.T.);
#2616 = ORIENTED_EDGE('',*,*,#2458,.T.);
#2617 = ORIENTED_EDGE('',*,*,#2433,.T.);
#2618 = ORIENTED_EDGE('',*,*,#2409,.T.);
#2619 = ORIENTED_EDGE('',*,*,#2384,.T.);
#2620 = PLANE('',#2621);
#2621 = AXIS2_PLACEMENT_3D('',#2622,#2623,#2624);
#2622 = CARTESIAN_POINT('',(-6.672269535128E+03,-7.5499E-13,
    1.096599949731E+03));
#2623 = DIRECTION('',(0.935914908688,0.,-0.35222618258));
#2624 = DIRECTION('',(0.35222618258,0.,0.935914908688));
#2625 = ADVANCED_FACE('',(#2626),#2632,.T.);
#2626 = FACE_BOUND('',#2627,.T.);
#2627 = EDGE_LOOP('',(#2628,#2629,#2630,#2631));
#2628 = ORIENTED_EDGE('',*,*,#280,.F.);
#2629 = ORIENTED_EDGE('',*,*,#551,.F.);
#2630 = ORIENTED_EDGE('',*,*,#338,.T.);
#2631 = ORIENTED_EDGE('',*,*,#159,.F.);
#2632 = PLANE('',#2633);
#2633 = AXIS2_PLACEMENT_3D('',#2634,#2635,#2636);
#2634 = CARTESIAN_POINT('',(-1.8470509645E+03,-250.,-235.6091975));
#2635 = DIRECTION('',(0.,1.,0.));
#2636 = DIRECTION('',(0.,-0.,1.));
#2637 = ADVANCED_FACE('',(#2638),#2644,.T.);
#2638 = FACE_BOUND('',#2639,.T.);
#2639 = EDGE_LOOP('',(#2640,#2641,#2642,#2643));
#2640 = ORIENTED_EDGE('',*,*,#273,.F.);
#2641 = ORIENTED_EDGE('',*,*,#175,.T.);
#2642 = ORIENTED_EDGE('',*,*,#345,.T.);
#2643 = ORIENTED_EDGE('',*,*,#544,.T.);
#2644 = PLANE('',#2645);
#2645 = AXIS2_PLACEMENT_3D('',#2646,#2647,#2648);
#2646 = CARTESIAN_POINT('',(-1.8470509645E+03,250.,-235.6091975));
#2647 = DIRECTION('',(-0.,-1.,-0.));
#2648 = DIRECTION('',(0.,0.,-1.));
#2649 = ( GEOMETRIC_REPRESENTATION_CONTEXT(3) 
GLOBAL_UNCERTAINTY_ASSIGNED_CONTEXT((#2653)) 
GLOBAL_UNIT_ASSIGNED_CONTEXT((#2650,#2651,#2652)) REPRESENTATION_CONTEXT
('Context #1','3D Context with UNIT and UNCERTAINTY') );
#2650 = ( LENGTH_UNIT() NAMED_UNIT(*) SI_UNIT(.MILLI.,.METRE.) );
#2651 = ( NAMED_UNIT(*) PLANE_ANGLE_UNIT() SI_UNIT($,.RADIAN.) );
#2652 = ( NAMED_UNIT(*) SI_UNIT($,.STERADIAN.) SOLID_ANGLE_UNIT() );
#2653 = UNCERTAINTY_MEASURE_WITH_UNIT(LENGTH_MEASURE(2.E-04),#2650,
  'distance_accuracy_value','confusion accuracy');
#2654 = CONTEXT_DEPENDENT_SHAPE_REPRESENTATION(#2655,#2657);
#2655 = ( REPRESENTATION_RELATIONSHIP('','',#40,#10) 
REPRESENTATION_RELATIONSHIP_WITH_TRANSFORMATION(#2656) 
SHAPE_REPRESENTATION_RELATIONSHIP() );
#2656 = ITEM_DEFINED_TRANSFORMATION('','',#11,#15);
#2657 = PRODUCT_DEFINITION_SHAPE('Placement','Placement of an item',
  #2658);
#2658 = NEXT_ASSEMBLY_USAGE_OCCURRENCE('1','chassis','',#5,#35,$);
#2659 = PRODUCT_RELATED_PRODUCT_CATEGORY('part',$,(#37));
#2660 = SHAPE_DEFINITION_REPRESENTATION(#2661,#2667);
#2661 = PRODUCT_DEFINITION_SHAPE('','',#2662);
#2662 = PRODUCT_DEFINITION('design','',#2663,#2666);
#2663 = PRODUCT_DEFINITION_FORMATION('','',#2664);
#2664 = PRODUCT('tire','tire','',(#2665));
#2665 = PRODUCT_CONTEXT('',#2,'mechanical');
#2666 = PRODUCT_DEFINITION_CONTEXT('part definition',#2,'design');
#2667 = SHAPE_REPRESENTATION('',(#11,#2668,#2672,#2676,#2680),#2684);
#2668 = AXIS2_PLACEMENT_3D('',#2669,#2670,#2671);
#2669 = CARTESIAN_POINT('',(-954.956285,999.962,-842.724622));
#2670 = DIRECTION('',(0.,-1.,-2.22044604925E-16));
#2671 = DIRECTION('',(1.,0.,0.));
#2672 = AXIS2_PLACEMENT_3D('',#2673,#2674,#2675);
#2673 = CARTESIAN_POINT('',(-2.282435285E+03,999.962,-842.724622));
#2674 = DIRECTION('',(0.,-1.,-2.22044604925E-16));
#2675 = DIRECTION('',(1.,0.,0.));
#2676 = AXIS2_PLACEMENT_3D('',#2677,#2678,#2679);
#2677 = CARTESIAN_POINT('',(-5.521842285E+03,986.523,-754.812622));
#2678 = DIRECTION('',(0.,-1.,-2.22044604925E-16));
#2679 = DIRECTION('',(1.,0.,0.));
#2680 = AXIS2_PLACEMENT_3D('',#2681,#2682,#2683);
#2681 = CARTESIAN_POINT('',(0.,0.,0.));
#2682 = DIRECTION('',(0.,0.,1.));
#2683 = DIRECTION('',(1.,0.,0.));
#2684 = ( GEOMETRIC_REPRESENTATION_CONTEXT(3) 
GLOBAL_UNCERTAINTY_ASSIGNED_CONTEXT((#2688)) 
GLOBAL_UNIT_ASSIGNED_CONTEXT((#2685,#2686,#2687)) REPRESENTATION_CONTEXT
('Context #1','3D Context with UNIT and UNCERTAINTY') );
#2685 = ( LENGTH_UNIT() NAMED_UNIT(*) SI_UNIT(.MILLI.,.METRE.) );
#2686 = ( NAMED_UNIT(*) PLANE_ANGLE_UNIT() SI_UNIT($,.RADIAN.) );
#2687 = ( NAMED_UNIT(*) SI_UNIT($,.STERADIAN.) SOLID_ANGLE_UNIT() );
#2688 = UNCERTAINTY_MEASURE_WITH_UNIT(LENGTH_MEASURE(1.E-07),#2685,
  'distance_accuracy_value','confusion accuracy');
#2689 = CONTEXT_DEPENDENT_SHAPE_REPRESENTATION(#2690,#2692);
#2690 = ( REPRESENTATION_RELATIONSHIP('','',#2667,#10) 
REPRESENTATION_RELATIONSHIP_WITH_TRANSFORMATION(#2691) 
SHAPE_REPRESENTATION_RELATIONSHIP() );
#2691 = ITEM_DEFINED_TRANSFORMATION('','',#11,#19);
#2692 = PRODUCT_DEFINITION_SHAPE('Placement','Placement of an item',
  #2693);
#2693 = NEXT_ASSEMBLY_USAGE_OCCURRENCE('6','tire','',#5,#2662,$);
#2694 = PRODUCT_RELATED_PRODUCT_CATEGORY('part',$,(#2664));
#2695 = SHAPE_DEFINITION_REPRESENTATION(#2696,#2702);
#2696 = PRODUCT_DEFINITION_SHAPE('','',#2697);
#2697 = PRODUCT_DEFINITION('design','',#2698,#2701);
#2698 = PRODUCT_DEFINITION_FORMATION('','',#2699);
#2699 = PRODUCT('円柱','円柱','',(#2700));
#2700 = PRODUCT_CONTEXT('',#2,'mechanical');
#2701 = PRODUCT_DEFINITION_CONTEXT('part definition',#2,'design');
#2702 = ADVANCED_BREP_SHAPE_REPRESENTATION('',(#11,#2703),#2756);
#2703 = MANIFOLD_SOLID_BREP('',#2704);
#2704 = CLOSED_SHELL('',(#2705,#2738,#2747));
#2705 = ADVANCED_FACE('',(#2706),#2733,.T.);
#2706 = FACE_BOUND('',#2707,.T.);
#2707 = EDGE_LOOP('',(#2708,#2717,#2725,#2732));
#2708 = ORIENTED_EDGE('',*,*,#2709,.T.);
#2709 = EDGE_CURVE('',#2710,#2710,#2712,.T.);
#2710 = VERTEX_POINT('',#2711);
#2711 = CARTESIAN_POINT('',(50.,-1.2E-14,0.));
#2712 = CIRCLE('',#2713,50.);
#2713 = AXIS2_PLACEMENT_3D('',#2714,#2715,#2716);
#2714 = CARTESIAN_POINT('',(0.,0.,0.));
#2715 = DIRECTION('',(0.,0.,1.));
#2716 = DIRECTION('',(1.,0.,-0.));
#2717 = ORIENTED_EDGE('',*,*,#2718,.T.);
#2718 = EDGE_CURVE('',#2710,#2719,#2721,.T.);
#2719 = VERTEX_POINT('',#2720);
#2720 = CARTESIAN_POINT('',(50.,-1.2E-14,2.E+03));
#2721 = LINE('',#2722,#2723);
#2722 = CARTESIAN_POINT('',(50.,-1.225E-14,0.));
#2723 = VECTOR('',#2724,1.);
#2724 = DIRECTION('',(0.,0.,1.));
#2725 = ORIENTED_EDGE('',*,*,#2726,.F.);
#2726 = EDGE_CURVE('',#2719,#2719,#2727,.T.);
#2727 = CIRCLE('',#2728,50.);
#2728 = AXIS2_PLACEMENT_3D('',#2729,#2730,#2731);
#2729 = CARTESIAN_POINT('',(0.,0.,2.E+03));
#2730 = DIRECTION('',(0.,0.,1.));
#2731 = DIRECTION('',(1.,0.,-0.));
#2732 = ORIENTED_EDGE('',*,*,#2718,.F.);
#2733 = CYLINDRICAL_SURFACE('',#2734,50.);
#2734 = AXIS2_PLACEMENT_3D('',#2735,#2736,#2737);
#2735 = CARTESIAN_POINT('',(0.,0.,0.));
#2736 = DIRECTION('',(-0.,-0.,-1.));
#2737 = DIRECTION('',(1.,0.,-0.));
#2738 = ADVANCED_FACE('',(#2739),#2742,.F.);
#2739 = FACE_BOUND('',#2740,.T.);
#2740 = EDGE_LOOP('',(#2741));
#2741 = ORIENTED_EDGE('',*,*,#2709,.F.);
#2742 = PLANE('',#2743);
#2743 = AXIS2_PLACEMENT_3D('',#2744,#2745,#2746);
#2744 = CARTESIAN_POINT('',(0.,0.,0.));
#2745 = DIRECTION('',(0.,0.,1.));
#2746 = DIRECTION('',(1.,0.,-0.));
#2747 = ADVANCED_FACE('',(#2748),#2751,.T.);
#2748 = FACE_BOUND('',#2749,.F.);
#2749 = EDGE_LOOP('',(#2750));
#2750 = ORIENTED_EDGE('',*,*,#2726,.F.);
#2751 = PLANE('',#2752);
#2752 = AXIS2_PLACEMENT_3D('',#2753,#2754,#2755);
#2753 = CARTESIAN_POINT('',(0.,0.,2.E+03));
#2754 = DIRECTION('',(0.,0.,1.));
#2755 = DIRECTION('',(1.,0.,-0.));
#2756 = ( GEOMETRIC_REPRESENTATION_CONTEXT(3) 
GLOBAL_UNCERTAINTY_ASSIGNED_CONTEXT((#2760)) 
GLOBAL_UNIT_ASSIGNED_CONTEXT((#2757,#2758,#2759)) REPRESENTATION_CONTEXT
('Context #1','3D Context with UNIT and UNCERTAINTY') );
#2757 = ( LENGTH_UNIT() NAMED_UNIT(*) SI_UNIT(.MILLI.,.METRE.) );
#2758 = ( NAMED_UNIT(*) PLANE_ANGLE_UNIT() SI_UNIT($,.RADIAN.) );
#2759 = ( NAMED_UNIT(*) SI_UNIT($,.STERADIAN.) SOLID_ANGLE_UNIT() );
#2760 = UNCERTAINTY_MEASURE_WITH_UNIT(LENGTH_MEASURE(1.E-07),#2757,
  'distance_accuracy_value','confusion accuracy');
#2761 = CONTEXT_DEPENDENT_SHAPE_REPRESENTATION(#2762,#2764);
#2762 = ( REPRESENTATION_RELATIONSHIP('','',#2702,#2667) 
REPRESENTATION_RELATIONSHIP_WITH_TRANSFORMATION(#2763) 
SHAPE_REPRESENTATION_RELATIONSHIP() );
#2763 = ITEM_DEFINED_TRANSFORMATION('','',#11,#2668);
#2764 = PRODUCT_DEFINITION_SHAPE('Placement','Placement of an item',
  #2765);
#2765 = NEXT_ASSEMBLY_USAGE_OCCURRENCE('2','円柱','',#2662,#2697,$);
#2766 = PRODUCT_RELATED_PRODUCT_CATEGORY('part',$,(#2699));
#2767 = SHAPE_DEFINITION_REPRESENTATION(#2768,#2774);
#2768 = PRODUCT_DEFINITION_SHAPE('','',#2769);
#2769 = PRODUCT_DEFINITION('design','',#2770,#2773);
#2770 = PRODUCT_DEFINITION_FORMATION('','',#2771);
#2771 = PRODUCT('円柱001','円柱001','',(#2772));
#2772 = PRODUCT_CONTEXT('',#2,'mechanical');
#2773 = PRODUCT_DEFINITION_CONTEXT('part definition',#2,'design');
#2774 = ADVANCED_BREP_SHAPE_REPRESENTATION('',(#11,#2775),#2828);
#2775 = MANIFOLD_SOLID_BREP('',#2776);
#2776 = CLOSED_SHELL('',(#2777,#2810,#2819));
#2777 = ADVANCED_FACE('',(#2778),#2805,.T.);
#2778 = FACE_BOUND('',#2779,.T.);
#2779 = EDGE_LOOP('',(#2780,#2789,#2797,#2804));
#2780 = ORIENTED_EDGE('',*,*,#2781,.T.);
#2781 = EDGE_CURVE('',#2782,#2782,#2784,.T.);
#2782 = VERTEX_POINT('',#2783);
#2783 = CARTESIAN_POINT('',(50.,-1.2E-14,0.));
#2784 = CIRCLE('',#2785,50.);
#2785 = AXIS2_PLACEMENT_3D('',#2786,#2787,#2788);
#2786 = CARTESIAN_POINT('',(0.,0.,0.));
#2787 = DIRECTION('',(0.,0.,1.));
#2788 = DIRECTION('',(1.,0.,-0.));
#2789 = ORIENTED_EDGE('',*,*,#2790,.T.);
#2790 = EDGE_CURVE('',#2782,#2791,#2793,.T.);
#2791 = VERTEX_POINT('',#2792);
#2792 = CARTESIAN_POINT('',(50.,-1.2E-14,2.E+03));
#2793 = LINE('',#2794,#2795);
#2794 = CARTESIAN_POINT('',(50.,-1.225E-14,0.));
#2795 = VECTOR('',#2796,1.);
#2796 = DIRECTION('',(0.,0.,1.));
#2797 = ORIENTED_EDGE('',*,*,#2798,.F.);
#2798 = EDGE_CURVE('',#2791,#2791,#2799,.T.);
#2799 = CIRCLE('',#2800,50.);
#2800 = AXIS2_PLACEMENT_3D('',#2801,#2802,#2803);
#2801 = CARTESIAN_POINT('',(0.,0.,2.E+03));
#2802 = DIRECTION('',(0.,0.,1.));
#2803 = DIRECTION('',(1.,0.,-0.));
#2804 = ORIENTED_EDGE('',*,*,#2790,.F.);
#2805 = CYLINDRICAL_SURFACE('',#2806,50.);
#2806 = AXIS2_PLACEMENT_3D('',#2807,#2808,#2809);
#2807 = CARTESIAN_POINT('',(0.,0.,0.));
#2808 = DIRECTION('',(-0.,-0.,-1.));
#2809 = DIRECTION('',(1.,0.,-0.));
#2810 = ADVANCED_FACE('',(#2811),#2814,.F.);
#2811 = FACE_BOUND('',#2812,.T.);
#2812 = EDGE_LOOP('',(#2813));
#2813 = ORIENTED_EDGE('',*,*,#2781,.F.);
#2814 = PLANE('',#2815);
#2815 = AXIS2_PLACEMENT_3D('',#2816,#2817,#2818);
#2816 = CARTESIAN_POINT('',(0.,0.,0.));
#2817 = DIRECTION('',(0.,0.,1.));
#2818 = DIRECTION('',(1.,0.,-0.));
#2819 = ADVANCED_FACE('',(#2820),#2823,.T.);
#2820 = FACE_BOUND('',#2821,.F.);
#2821 = EDGE_LOOP('',(#2822));
#2822 = ORIENTED_EDGE('',*,*,#2798,.F.);
#2823 = PLANE('',#2824);
#2824 = AXIS2_PLACEMENT_3D('',#2825,#2826,#2827);
#2825 = CARTESIAN_POINT('',(0.,0.,2.E+03));
#2826 = DIRECTION('',(0.,0.,1.));
#2827 = DIRECTION('',(1.,0.,-0.));
#2828 = ( GEOMETRIC_REPRESENTATION_CONTEXT(3) 
GLOBAL_UNCERTAINTY_ASSIGNED_CONTEXT((#2832)) 
GLOBAL_UNIT_ASSIGNED_CONTEXT((#2829,#2830,#2831)) REPRESENTATION_CONTEXT
('Context #1','3D Context with UNIT and UNCERTAINTY') );
#2829 = ( LENGTH_UNIT() NAMED_UNIT(*) SI_UNIT(.MILLI.,.METRE.) );
#2830 = ( NAMED_UNIT(*) PLANE_ANGLE_UNIT() SI_UNIT($,.RADIAN.) );
#2831 = ( NAMED_UNIT(*) SI_UNIT($,.STERADIAN.) SOLID_ANGLE_UNIT() );
#2832 = UNCERTAINTY_MEASURE_WITH_UNIT(LENGTH_MEASURE(1.E-07),#2829,
  'distance_accuracy_value','confusion accuracy');
#2833 = CONTEXT_DEPENDENT_SHAPE_REPRESENTATION(#2834,#2836);
#2834 = ( REPRESENTATION_RELATIONSHIP('','',#2774,#2667) 
REPRESENTATION_RELATIONSHIP_WITH_TRANSFORMATION(#2835) 
SHAPE_REPRESENTATION_RELATIONSHIP() );
#2835 = ITEM_DEFINED_TRANSFORMATION('','',#11,#2672);
#2836 = PRODUCT_DEFINITION_SHAPE('Placement','Placement of an item',
  #2837);
#2837 = NEXT_ASSEMBLY_USAGE_OCCURRENCE('3','円柱001','',#2662,#2769,$
  );
#2838 = PRODUCT_RELATED_PRODUCT_CATEGORY('part',$,(#2771));
#2839 = SHAPE_DEFINITION_REPRESENTATION(#2840,#2846);
#2840 = PRODUCT_DEFINITION_SHAPE('','',#2841);
#2841 = PRODUCT_DEFINITION('design','',#2842,#2845);
#2842 = PRODUCT_DEFINITION_FORMATION('','',#2843);
#2843 = PRODUCT('円柱002','円柱002','',(#2844));
#2844 = PRODUCT_CONTEXT('',#2,'mechanical');
#2845 = PRODUCT_DEFINITION_CONTEXT('part definition',#2,'design');
#2846 = ADVANCED_BREP_SHAPE_REPRESENTATION('',(#11,#2847),#2900);
#2847 = MANIFOLD_SOLID_BREP('',#2848);
#2848 = CLOSED_SHELL('',(#2849,#2882,#2891));
#2849 = ADVANCED_FACE('',(#2850),#2877,.T.);
#2850 = FACE_BOUND('',#2851,.T.);
#2851 = EDGE_LOOP('',(#2852,#2861,#2869,#2876));
#2852 = ORIENTED_EDGE('',*,*,#2853,.T.);
#2853 = EDGE_CURVE('',#2854,#2854,#2856,.T.);
#2854 = VERTEX_POINT('',#2855);
#2855 = CARTESIAN_POINT('',(50.,-1.2E-14,0.));
#2856 = CIRCLE('',#2857,50.);
#2857 = AXIS2_PLACEMENT_3D('',#2858,#2859,#2860);
#2858 = CARTESIAN_POINT('',(0.,0.,0.));
#2859 = DIRECTION('',(0.,0.,1.));
#2860 = DIRECTION('',(1.,0.,-0.));
#2861 = ORIENTED_EDGE('',*,*,#2862,.T.);
#2862 = EDGE_CURVE('',#2854,#2863,#2865,.T.);
#2863 = VERTEX_POINT('',#2864);
#2864 = CARTESIAN_POINT('',(50.,-1.2E-14,2.E+03));
#2865 = LINE('',#2866,#2867);
#2866 = CARTESIAN_POINT('',(50.,-1.225E-14,0.));
#2867 = VECTOR('',#2868,1.);
#2868 = DIRECTION('',(0.,0.,1.));
#2869 = ORIENTED_EDGE('',*,*,#2870,.F.);
#2870 = EDGE_CURVE('',#2863,#2863,#2871,.T.);
#2871 = CIRCLE('',#2872,50.);
#2872 = AXIS2_PLACEMENT_3D('',#2873,#2874,#2875);
#2873 = CARTESIAN_POINT('',(0.,0.,2.E+03));
#2874 = DIRECTION('',(0.,0.,1.));
#2875 = DIRECTION('',(1.,0.,-0.));
#2876 = ORIENTED_EDGE('',*,*,#2862,.F.);
#2877 = CYLINDRICAL_SURFACE('',#2878,50.);
#2878 = AXIS2_PLACEMENT_3D('',#2879,#2880,#2881);
#2879 = CARTESIAN_POINT('',(0.,0.,0.));
#2880 = DIRECTION('',(-0.,-0.,-1.));
#2881 = DIRECTION('',(1.,0.,-0.));
#2882 = ADVANCED_FACE('',(#2883),#2886,.F.);
#2883 = FACE_BOUND('',#2884,.T.);
#2884 = EDGE_LOOP('',(#2885));
#2885 = ORIENTED_EDGE('',*,*,#2853,.F.);
#2886 = PLANE('',#2887);
#2887 = AXIS2_PLACEMENT_3D('',#2888,#2889,#2890);
#2888 = CARTESIAN_POINT('',(0.,0.,0.));
#2889 = DIRECTION('',(0.,0.,1.));
#2890 = DIRECTION('',(1.,0.,-0.));
#2891 = ADVANCED_FACE('',(#2892),#2895,.T.);
#2892 = FACE_BOUND('',#2893,.F.);
#2893 = EDGE_LOOP('',(#2894));
#2894 = ORIENTED_EDGE('',*,*,#2870,.F.);
#2895 = PLANE('',#2896);
#2896 = AXIS2_PLACEMENT_3D('',#2897,#2898,#2899);
#2897 = CARTESIAN_POINT('',(0.,0.,2.E+03));
#2898 = DIRECTION('',(0.,0.,1.));
#2899 = DIRECTION('',(1.,0.,-0.));
#2900 = ( GEOMETRIC_REPRESENTATION_CONTEXT(3) 
GLOBAL_UNCERTAINTY_ASSIGNED_CONTEXT((#2904)) 
GLOBAL_UNIT_ASSIGNED_CONTEXT((#2901,#2902,#2903)) REPRESENTATION_CONTEXT
('Context #1','3D Context with UNIT and UNCERTAINTY') );
#2901 = ( LENGTH_UNIT() NAMED_UNIT(*) SI_UNIT(.MILLI.,.METRE.) );
#2902 = ( NAMED_UNIT(*) PLANE_ANGLE_UNIT() SI_UNIT($,.RADIAN.) );
#2903 = ( NAMED_UNIT(*) SI_UNIT($,.STERADIAN.) SOLID_ANGLE_UNIT() );
#2904 = UNCERTAINTY_MEASURE_WITH_UNIT(LENGTH_MEASURE(1.E-07),#2901,
  'distance_accuracy_value','confusion accuracy');
#2905 = CONTEXT_DEPENDENT_SHAPE_REPRESENTATION(#2906,#2908);
#2906 = ( REPRESENTATION_RELATIONSHIP('','',#2846,#2667) 
REPRESENTATION_RELATIONSHIP_WITH_TRANSFORMATION(#2907) 
SHAPE_REPRESENTATION_RELATIONSHIP() );
#2907 = ITEM_DEFINED_TRANSFORMATION('','',#11,#2676);
#2908 = PRODUCT_DEFINITION_SHAPE('Placement','Placement of an item',
  #2909);
#2909 = NEXT_ASSEMBLY_USAGE_OCCURRENCE('4','円柱002','',#2662,#2841,$
  );
#2910 = PRODUCT_RELATED_PRODUCT_CATEGORY('part',$,(#2843));
#2911 = SHAPE_DEFINITION_REPRESENTATION(#2912,#2918);
#2912 = PRODUCT_DEFINITION_SHAPE('','',#2913);
#2913 = PRODUCT_DEFINITION('design','',#2914,#2917);
#2914 = PRODUCT_DEFINITION_FORMATION('','',#2915);
#2915 = PRODUCT('Compound (mirrored)','Compound (mirrored)','',(#2916));
#2916 = PRODUCT_CONTEXT('',#2,'mechanical');
#2917 = PRODUCT_DEFINITION_CONTEXT('part definition',#2,'design');
#2918 = SHAPE_REPRESENTATION('',(#11,#2919,#3114,#3309,#3504,#3699),
  #3894);
#2919 = MANIFOLD_SOLID_BREP('',#2920);
#2920 = CLOSED_SHELL('',(#2921,#2954,#2980,#3006,#3026,#3035,#3060,#3080
    ,#3105));
#2921 = ADVANCED_FACE('',(#2922),#2949,.T.);
#2922 = FACE_BOUND('',#2923,.F.);
#2923 = EDGE_LOOP('',(#2924,#2934,#2941,#2942));
#2924 = ORIENTED_EDGE('',*,*,#2925,.T.);
#2925 = EDGE_CURVE('',#2926,#2928,#2930,.T.);
#2926 = VERTEX_POINT('',#2927);
#2927 = CARTESIAN_POINT('',(-5.006200274E+03,-896.686,-754.812622));
#2928 = VERTEX_POINT('',#2929);
#2929 = CARTESIAN_POINT('',(-5.006200274E+03,-1.046686E+03,-754.812622)
  );
#2930 = LINE('',#2931,#2932);
#2931 = CARTESIAN_POINT('',(-5.006200274E+03,-846.686,-754.812622));
#2932 = VECTOR('',#2933,1.);
#2933 = DIRECTION('',(-0.,-1.,-3.3E-16));
#2934 = ORIENTED_EDGE('',*,*,#2935,.T.);
#2935 = EDGE_CURVE('',#2928,#2928,#2936,.T.);
#2936 = CIRCLE('',#2937,515.642011);
#2937 = AXIS2_PLACEMENT_3D('',#2938,#2939,#2940);
#2938 = CARTESIAN_POINT('',(-5.521842285E+03,-1.046686E+03,-754.812622)
  );
#2939 = DIRECTION('',(0.,-1.,-2.2E-16));
#2940 = DIRECTION('',(1.,-4.4E-33,2.E-17));
#2941 = ORIENTED_EDGE('',*,*,#2925,.F.);
#2942 = ORIENTED_EDGE('',*,*,#2943,.F.);
#2943 = EDGE_CURVE('',#2926,#2926,#2944,.T.);
#2944 = CIRCLE('',#2945,515.642011);
#2945 = AXIS2_PLACEMENT_3D('',#2946,#2947,#2948);
#2946 = CARTESIAN_POINT('',(-5.521842285E+03,-896.686,-754.812622));
#2947 = DIRECTION('',(0.,-1.,-2.2E-16));
#2948 = DIRECTION('',(1.,4.4E-33,-2.E-17));
#2949 = CYLINDRICAL_SURFACE('',#2950,515.642011);
#2950 = AXIS2_PLACEMENT_3D('',#2951,#2952,#2953);
#2951 = CARTESIAN_POINT('',(-5.521842285E+03,-846.686,-754.812622));
#2952 = DIRECTION('',(0.,1.,2.2E-16));
#2953 = DIRECTION('',(1.,0.,0.));
#2954 = ADVANCED_FACE('',(#2955),#2975,.T.);
#2955 = FACE_BOUND('',#2956,.F.);
#2956 = EDGE_LOOP('',(#2957,#2966,#2973,#2974));
#2957 = ORIENTED_EDGE('',*,*,#2958,.T.);
#2958 = EDGE_CURVE('',#2959,#2959,#2961,.T.);
#2959 = VERTEX_POINT('',#2960);
#2960 = CARTESIAN_POINT('',(-5.056200274E+03,-1.096686E+03,-754.812622)
  );
#2961 = CIRCLE('',#2962,465.642011);
#2962 = AXIS2_PLACEMENT_3D('',#2963,#2964,#2965);
#2963 = CARTESIAN_POINT('',(-5.521842285E+03,-1.096686E+03,-754.812622)
  );
#2964 = DIRECTION('',(0.,-1.,-2.2E-16));
#2965 = DIRECTION('',(1.,-4.4E-33,2.E-17));
#2966 = ORIENTED_EDGE('',*,*,#2967,.F.);
#2967 = EDGE_CURVE('',#2928,#2959,#2968,.T.);
#2968 = CIRCLE('',#2969,50.);
#2969 = AXIS2_PLACEMENT_3D('',#2970,#2971,#2972);
#2970 = CARTESIAN_POINT('',(-5.056200274E+03,-1.046686E+03,-754.812622)
  );
#2971 = DIRECTION('',(2.E-17,2.2E-16,-1.));
#2972 = DIRECTION('',(1.,0.,2.E-17));
#2973 = ORIENTED_EDGE('',*,*,#2935,.F.);
#2974 = ORIENTED_EDGE('',*,*,#2967,.T.);
#2975 = TOROIDAL_SURFACE('',#2976,465.642011,50.);
#2976 = AXIS2_PLACEMENT_3D('',#2977,#2978,#2979);
#2977 = CARTESIAN_POINT('',(-5.521842285E+03,-1.046686E+03,-754.812622)
  );
#2978 = DIRECTION('',(-0.,-1.,-2.2E-16));
#2979 = DIRECTION('',(1.,-4.4E-33,2.E-17));
#2980 = ADVANCED_FACE('',(#2981),#3001,.T.);
#2981 = FACE_BOUND('',#2982,.F.);
#2982 = EDGE_LOOP('',(#2983,#2992,#2993,#2994));
#2983 = ORIENTED_EDGE('',*,*,#2984,.F.);
#2984 = EDGE_CURVE('',#2926,#2985,#2987,.T.);
#2985 = VERTEX_POINT('',#2986);
#2986 = CARTESIAN_POINT('',(-5.056200274E+03,-846.686,-754.812622));
#2987 = CIRCLE('',#2988,50.);
#2988 = AXIS2_PLACEMENT_3D('',#2989,#2990,#2991);
#2989 = CARTESIAN_POINT('',(-5.056200274E+03,-896.686,-754.812622));
#2990 = DIRECTION('',(2.E-17,-2.2E-16,1.));
#2991 = DIRECTION('',(1.,0.,-2.E-17));
#2992 = ORIENTED_EDGE('',*,*,#2943,.F.);
#2993 = ORIENTED_EDGE('',*,*,#2984,.T.);
#2994 = ORIENTED_EDGE('',*,*,#2995,.T.);
#2995 = EDGE_CURVE('',#2985,#2985,#2996,.T.);
#2996 = CIRCLE('',#2997,465.642011);
#2997 = AXIS2_PLACEMENT_3D('',#2998,#2999,#3000);
#2998 = CARTESIAN_POINT('',(-5.521842285E+03,-846.686,-754.812622));
#2999 = DIRECTION('',(0.,-1.,-2.2E-16));
#3000 = DIRECTION('',(1.,4.4E-33,-2.E-17));
#3001 = TOROIDAL_SURFACE('',#3002,465.642011,50.);
#3002 = AXIS2_PLACEMENT_3D('',#3003,#3004,#3005);
#3003 = CARTESIAN_POINT('',(-5.521842285E+03,-896.686,-754.812622));
#3004 = DIRECTION('',(0.,1.,2.2E-16));
#3005 = DIRECTION('',(1.,4.4E-33,-2.E-17));
#3006 = ADVANCED_FACE('',(#3007,#3010),#3021,.F.);
#3007 = FACE_BOUND('',#3008,.F.);
#3008 = EDGE_LOOP('',(#3009));
#3009 = ORIENTED_EDGE('',*,*,#2958,.F.);
#3010 = FACE_BOUND('',#3011,.F.);
#3011 = EDGE_LOOP('',(#3012));
#3012 = ORIENTED_EDGE('',*,*,#3013,.T.);
#3013 = EDGE_CURVE('',#3014,#3014,#3016,.T.);
#3014 = VERTEX_POINT('',#3015);
#3015 = CARTESIAN_POINT('',(-5.223094916E+03,-1.096686E+03,-754.812622)
  );
#3016 = CIRCLE('',#3017,298.747369);
#3017 = AXIS2_PLACEMENT_3D('',#3018,#3019,#3020);
#3018 = CARTESIAN_POINT('',(-5.521842285E+03,-1.096686E+03,-754.812622)
  );
#3019 = DIRECTION('',(0.,-1.,-4.4E-16));
#3020 = DIRECTION('',(1.,0.,0.));
#3021 = PLANE('',#3022);
#3022 = AXIS2_PLACEMENT_3D('',#3023,#3024,#3025);
#3023 = CARTESIAN_POINT('',(-5.521842285E+03,-1.096686E+03,-754.812622)
  );
#3024 = DIRECTION('',(0.,1.,2.2E-16));
#3025 = DIRECTION('',(0.,-2.2E-16,1.));
#3026 = ADVANCED_FACE('',(#3027),#3030,.T.);
#3027 = FACE_BOUND('',#3028,.T.);
#3028 = EDGE_LOOP('',(#3029));
#3029 = ORIENTED_EDGE('',*,*,#2995,.F.);
#3030 = PLANE('',#3031);
#3031 = AXIS2_PLACEMENT_3D('',#3032,#3033,#3034);
#3032 = CARTESIAN_POINT('',(-5.521842285E+03,-846.686,-754.812622));
#3033 = DIRECTION('',(0.,1.,2.2E-16));
#3034 = DIRECTION('',(0.,-2.2E-16,1.));
#3035 = ADVANCED_FACE('',(#3036),#3055,.T.);
#3036 = FACE_BOUND('',#3037,.F.);
#3037 = EDGE_LOOP('',(#3038,#3046,#3053,#3054));
#3038 = ORIENTED_EDGE('',*,*,#3039,.T.);
#3039 = EDGE_CURVE('',#3014,#3040,#3042,.T.);
#3040 = VERTEX_POINT('',#3041);
#3041 = CARTESIAN_POINT('',(-5.223094916E+03,-1.106686E+03,-754.812622)
  );
#3042 = LINE('',#3043,#3044);
#3043 = CARTESIAN_POINT('',(-5.223094916E+03,-1.096686E+03,-754.812622)
  );
#3044 = VECTOR('',#3045,1.);
#3045 = DIRECTION('',(-0.,-1.,-2.2E-16));
#3046 = ORIENTED_EDGE('',*,*,#3047,.T.);
#3047 = EDGE_CURVE('',#3040,#3040,#3048,.T.);
#3048 = CIRCLE('',#3049,298.747369);
#3049 = AXIS2_PLACEMENT_3D('',#3050,#3051,#3052);
#3050 = CARTESIAN_POINT('',(-5.521842285E+03,-1.106686E+03,-754.812622)
  );
#3051 = DIRECTION('',(0.,-1.,-4.4E-16));
#3052 = DIRECTION('',(1.,0.,0.));
#3053 = ORIENTED_EDGE('',*,*,#3039,.F.);
#3054 = ORIENTED_EDGE('',*,*,#3013,.F.);
#3055 = CYLINDRICAL_SURFACE('',#3056,298.747369);
#3056 = AXIS2_PLACEMENT_3D('',#3057,#3058,#3059);
#3057 = CARTESIAN_POINT('',(-5.521842285E+03,-1.096686E+03,-754.812622)
  );
#3058 = DIRECTION('',(0.,1.,2.2E-16));
#3059 = DIRECTION('',(1.,0.,0.));
#3060 = ADVANCED_FACE('',(#3061,#3064),#3075,.F.);
#3061 = FACE_BOUND('',#3062,.T.);
#3062 = EDGE_LOOP('',(#3063));
#3063 = ORIENTED_EDGE('',*,*,#3047,.T.);
#3064 = FACE_BOUND('',#3065,.F.);
#3065 = EDGE_LOOP('',(#3066));
#3066 = ORIENTED_EDGE('',*,*,#3067,.T.);
#3067 = EDGE_CURVE('',#3068,#3068,#3070,.T.);
#3068 = VERTEX_POINT('',#3069);
#3069 = CARTESIAN_POINT('',(-5.273881192E+03,-1.106686E+03,-754.812622)
  );
#3070 = CIRCLE('',#3071,247.961093);
#3071 = AXIS2_PLACEMENT_3D('',#3072,#3073,#3074);
#3072 = CARTESIAN_POINT('',(-5.521842285E+03,-1.106686E+03,-754.812622)
  );
#3073 = DIRECTION('',(0.,-1.,-4.4E-16));
#3074 = DIRECTION('',(1.,0.,0.));
#3075 = PLANE('',#3076);
#3076 = AXIS2_PLACEMENT_3D('',#3077,#3078,#3079);
#3077 = CARTESIAN_POINT('',(-5.521842285E+03,-1.106686E+03,-754.812622)
  );
#3078 = DIRECTION('',(-1.E-17,1.,2.2E-16));
#3079 = DIRECTION('',(0.,-2.2E-16,1.));
#3080 = ADVANCED_FACE('',(#3081),#3100,.F.);
#3081 = FACE_BOUND('',#3082,.T.);
#3082 = EDGE_LOOP('',(#3083,#3091,#3092,#3093));
#3083 = ORIENTED_EDGE('',*,*,#3084,.T.);
#3084 = EDGE_CURVE('',#3085,#3068,#3087,.T.);
#3085 = VERTEX_POINT('',#3086);
#3086 = CARTESIAN_POINT('',(-5.273881192E+03,-1.096686E+03,-754.812622)
  );
#3087 = LINE('',#3088,#3089);
#3088 = CARTESIAN_POINT('',(-5.273881192E+03,-1.096686E+03,-754.812622)
  );
#3089 = VECTOR('',#3090,1.);
#3090 = DIRECTION('',(-0.,-1.,-2.2E-16));
#3091 = ORIENTED_EDGE('',*,*,#3067,.T.);
#3092 = ORIENTED_EDGE('',*,*,#3084,.F.);
#3093 = ORIENTED_EDGE('',*,*,#3094,.F.);
#3094 = EDGE_CURVE('',#3085,#3085,#3095,.T.);
#3095 = CIRCLE('',#3096,247.961093);
#3096 = AXIS2_PLACEMENT_3D('',#3097,#3098,#3099);
#3097 = CARTESIAN_POINT('',(-5.521842285E+03,-1.096686E+03,-754.812622)
  );
#3098 = DIRECTION('',(0.,-1.,-4.4E-16));
#3099 = DIRECTION('',(1.,0.,0.));
#3100 = CYLINDRICAL_SURFACE('',#3101,247.961093);
#3101 = AXIS2_PLACEMENT_3D('',#3102,#3103,#3104);
#3102 = CARTESIAN_POINT('',(-5.521842285E+03,-1.096686E+03,-754.812622)
  );
#3103 = DIRECTION('',(0.,1.,2.2E-16));
#3104 = DIRECTION('',(1.,0.,0.));
#3105 = ADVANCED_FACE('',(#3106),#3109,.F.);
#3106 = FACE_BOUND('',#3107,.F.);
#3107 = EDGE_LOOP('',(#3108));
#3108 = ORIENTED_EDGE('',*,*,#3094,.F.);
#3109 = PLANE('',#3110);
#3110 = AXIS2_PLACEMENT_3D('',#3111,#3112,#3113);
#3111 = CARTESIAN_POINT('',(-5.521842285E+03,-1.096686E+03,-754.812622)
  );
#3112 = DIRECTION('',(0.,1.,2.2E-16));
#3113 = DIRECTION('',(0.,-2.2E-16,1.));
#3114 = MANIFOLD_SOLID_BREP('',#3115);
#3115 = CLOSED_SHELL('',(#3116,#3149,#3175,#3201,#3221,#3230,#3255,#3275
    ,#3300));
#3116 = ADVANCED_FACE('',(#3117),#3144,.T.);
#3117 = FACE_BOUND('',#3118,.F.);
#3118 = EDGE_LOOP('',(#3119,#3129,#3136,#3137));
#3119 = ORIENTED_EDGE('',*,*,#3120,.T.);
#3120 = EDGE_CURVE('',#3121,#3123,#3125,.T.);
#3121 = VERTEX_POINT('',#3122);
#3122 = CARTESIAN_POINT('',(-1.766793274E+03,-883.247,-842.724622));
#3123 = VERTEX_POINT('',#3124);
#3124 = CARTESIAN_POINT('',(-1.766793274E+03,-1.033247E+03,-842.724622)
  );
#3125 = LINE('',#3126,#3127);
#3126 = CARTESIAN_POINT('',(-1.766793274E+03,-833.247,-842.724622));
#3127 = VECTOR('',#3128,1.);
#3128 = DIRECTION('',(-0.,-1.,-3.3E-16));
#3129 = ORIENTED_EDGE('',*,*,#3130,.T.);
#3130 = EDGE_CURVE('',#3123,#3123,#3131,.T.);
#3131 = CIRCLE('',#3132,515.642011);
#3132 = AXIS2_PLACEMENT_3D('',#3133,#3134,#3135);
#3133 = CARTESIAN_POINT('',(-2.282435285E+03,-1.033247E+03,-842.724622)
  );
#3134 = DIRECTION('',(0.,-1.,-2.2E-16));
#3135 = DIRECTION('',(1.,-4.4E-33,2.E-17));
#3136 = ORIENTED_EDGE('',*,*,#3120,.F.);
#3137 = ORIENTED_EDGE('',*,*,#3138,.F.);
#3138 = EDGE_CURVE('',#3121,#3121,#3139,.T.);
#3139 = CIRCLE('',#3140,515.642011);
#3140 = AXIS2_PLACEMENT_3D('',#3141,#3142,#3143);
#3141 = CARTESIAN_POINT('',(-2.282435285E+03,-883.247,-842.724622));
#3142 = DIRECTION('',(0.,-1.,-2.2E-16));
#3143 = DIRECTION('',(1.,4.4E-33,-2.E-17));
#3144 = CYLINDRICAL_SURFACE('',#3145,515.642011);
#3145 = AXIS2_PLACEMENT_3D('',#3146,#3147,#3148);
#3146 = CARTESIAN_POINT('',(-2.282435285E+03,-833.247,-842.724622));
#3147 = DIRECTION('',(0.,1.,2.2E-16));
#3148 = DIRECTION('',(1.,0.,0.));
#3149 = ADVANCED_FACE('',(#3150),#3170,.T.);
#3150 = FACE_BOUND('',#3151,.F.);
#3151 = EDGE_LOOP('',(#3152,#3161,#3168,#3169));
#3152 = ORIENTED_EDGE('',*,*,#3153,.T.);
#3153 = EDGE_CURVE('',#3154,#3154,#3156,.T.);
#3154 = VERTEX_POINT('',#3155);
#3155 = CARTESIAN_POINT('',(-1.816793274E+03,-1.083247E+03,-842.724622)
  );
#3156 = CIRCLE('',#3157,465.642011);
#3157 = AXIS2_PLACEMENT_3D('',#3158,#3159,#3160);
#3158 = CARTESIAN_POINT('',(-2.282435285E+03,-1.083247E+03,-842.724622)
  );
#3159 = DIRECTION('',(0.,-1.,-2.2E-16));
#3160 = DIRECTION('',(1.,-4.4E-33,2.E-17));
#3161 = ORIENTED_EDGE('',*,*,#3162,.F.);
#3162 = EDGE_CURVE('',#3123,#3154,#3163,.T.);
#3163 = CIRCLE('',#3164,50.);
#3164 = AXIS2_PLACEMENT_3D('',#3165,#3166,#3167);
#3165 = CARTESIAN_POINT('',(-1.816793274E+03,-1.033247E+03,-842.724622)
  );
#3166 = DIRECTION('',(2.E-17,2.2E-16,-1.));
#3167 = DIRECTION('',(1.,0.,2.E-17));
#3168 = ORIENTED_EDGE('',*,*,#3130,.F.);
#3169 = ORIENTED_EDGE('',*,*,#3162,.T.);
#3170 = TOROIDAL_SURFACE('',#3171,465.642011,50.);
#3171 = AXIS2_PLACEMENT_3D('',#3172,#3173,#3174);
#3172 = CARTESIAN_POINT('',(-2.282435285E+03,-1.033247E+03,-842.724622)
  );
#3173 = DIRECTION('',(-0.,-1.,-2.2E-16));
#3174 = DIRECTION('',(1.,-4.4E-33,2.E-17));
#3175 = ADVANCED_FACE('',(#3176),#3196,.T.);
#3176 = FACE_BOUND('',#3177,.F.);
#3177 = EDGE_LOOP('',(#3178,#3187,#3188,#3189));
#3178 = ORIENTED_EDGE('',*,*,#3179,.F.);
#3179 = EDGE_CURVE('',#3121,#3180,#3182,.T.);
#3180 = VERTEX_POINT('',#3181);
#3181 = CARTESIAN_POINT('',(-1.816793274E+03,-833.247,-842.724622));
#3182 = CIRCLE('',#3183,50.);
#3183 = AXIS2_PLACEMENT_3D('',#3184,#3185,#3186);
#3184 = CARTESIAN_POINT('',(-1.816793274E+03,-883.247,-842.724622));
#3185 = DIRECTION('',(2.E-17,-2.2E-16,1.));
#3186 = DIRECTION('',(1.,0.,-2.E-17));
#3187 = ORIENTED_EDGE('',*,*,#3138,.F.);
#3188 = ORIENTED_EDGE('',*,*,#3179,.T.);
#3189 = ORIENTED_EDGE('',*,*,#3190,.T.);
#3190 = EDGE_CURVE('',#3180,#3180,#3191,.T.);
#3191 = CIRCLE('',#3192,465.642011);
#3192 = AXIS2_PLACEMENT_3D('',#3193,#3194,#3195);
#3193 = CARTESIAN_POINT('',(-2.282435285E+03,-833.247,-842.724622));
#3194 = DIRECTION('',(0.,-1.,-2.2E-16));
#3195 = DIRECTION('',(1.,4.4E-33,-2.E-17));
#3196 = TOROIDAL_SURFACE('',#3197,465.642011,50.);
#3197 = AXIS2_PLACEMENT_3D('',#3198,#3199,#3200);
#3198 = CARTESIAN_POINT('',(-2.282435285E+03,-883.247,-842.724622));
#3199 = DIRECTION('',(0.,1.,2.2E-16));
#3200 = DIRECTION('',(1.,4.4E-33,-2.E-17));
#3201 = ADVANCED_FACE('',(#3202,#3205),#3216,.F.);
#3202 = FACE_BOUND('',#3203,.F.);
#3203 = EDGE_LOOP('',(#3204));
#3204 = ORIENTED_EDGE('',*,*,#3153,.F.);
#3205 = FACE_BOUND('',#3206,.F.);
#3206 = EDGE_LOOP('',(#3207));
#3207 = ORIENTED_EDGE('',*,*,#3208,.T.);
#3208 = EDGE_CURVE('',#3209,#3209,#3211,.T.);
#3209 = VERTEX_POINT('',#3210);
#3210 = CARTESIAN_POINT('',(-1.983687916E+03,-1.083247E+03,-842.724622)
  );
#3211 = CIRCLE('',#3212,298.747369);
#3212 = AXIS2_PLACEMENT_3D('',#3213,#3214,#3215);
#3213 = CARTESIAN_POINT('',(-2.282435285E+03,-1.083247E+03,-842.724622)
  );
#3214 = DIRECTION('',(0.,-1.,-4.4E-16));
#3215 = DIRECTION('',(1.,0.,0.));
#3216 = PLANE('',#3217);
#3217 = AXIS2_PLACEMENT_3D('',#3218,#3219,#3220);
#3218 = CARTESIAN_POINT('',(-2.282435285E+03,-1.083247E+03,-842.724622)
  );
#3219 = DIRECTION('',(0.,1.,2.2E-16));
#3220 = DIRECTION('',(0.,-2.2E-16,1.));
#3221 = ADVANCED_FACE('',(#3222),#3225,.T.);
#3222 = FACE_BOUND('',#3223,.T.);
#3223 = EDGE_LOOP('',(#3224));
#3224 = ORIENTED_EDGE('',*,*,#3190,.F.);
#3225 = PLANE('',#3226);
#3226 = AXIS2_PLACEMENT_3D('',#3227,#3228,#3229);
#3227 = CARTESIAN_POINT('',(-2.282435285E+03,-833.247,-842.724622));
#3228 = DIRECTION('',(0.,1.,2.2E-16));
#3229 = DIRECTION('',(0.,-2.2E-16,1.));
#3230 = ADVANCED_FACE('',(#3231),#3250,.T.);
#3231 = FACE_BOUND('',#3232,.F.);
#3232 = EDGE_LOOP('',(#3233,#3241,#3248,#3249));
#3233 = ORIENTED_EDGE('',*,*,#3234,.T.);
#3234 = EDGE_CURVE('',#3209,#3235,#3237,.T.);
#3235 = VERTEX_POINT('',#3236);
#3236 = CARTESIAN_POINT('',(-1.983687916E+03,-1.093247E+03,-842.724622)
  );
#3237 = LINE('',#3238,#3239);
#3238 = CARTESIAN_POINT('',(-1.983687916E+03,-1.083247E+03,-842.724622)
  );
#3239 = VECTOR('',#3240,1.);
#3240 = DIRECTION('',(-0.,-1.,-2.2E-16));
#3241 = ORIENTED_EDGE('',*,*,#3242,.T.);
#3242 = EDGE_CURVE('',#3235,#3235,#3243,.T.);
#3243 = CIRCLE('',#3244,298.747369);
#3244 = AXIS2_PLACEMENT_3D('',#3245,#3246,#3247);
#3245 = CARTESIAN_POINT('',(-2.282435285E+03,-1.093247E+03,-842.724622)
  );
#3246 = DIRECTION('',(0.,-1.,-4.4E-16));
#3247 = DIRECTION('',(1.,0.,0.));
#3248 = ORIENTED_EDGE('',*,*,#3234,.F.);
#3249 = ORIENTED_EDGE('',*,*,#3208,.F.);
#3250 = CYLINDRICAL_SURFACE('',#3251,298.747369);
#3251 = AXIS2_PLACEMENT_3D('',#3252,#3253,#3254);
#3252 = CARTESIAN_POINT('',(-2.282435285E+03,-1.083247E+03,-842.724622)
  );
#3253 = DIRECTION('',(0.,1.,2.2E-16));
#3254 = DIRECTION('',(1.,0.,0.));
#3255 = ADVANCED_FACE('',(#3256,#3259),#3270,.F.);
#3256 = FACE_BOUND('',#3257,.T.);
#3257 = EDGE_LOOP('',(#3258));
#3258 = ORIENTED_EDGE('',*,*,#3242,.T.);
#3259 = FACE_BOUND('',#3260,.F.);
#3260 = EDGE_LOOP('',(#3261));
#3261 = ORIENTED_EDGE('',*,*,#3262,.T.);
#3262 = EDGE_CURVE('',#3263,#3263,#3265,.T.);
#3263 = VERTEX_POINT('',#3264);
#3264 = CARTESIAN_POINT('',(-2.034474192E+03,-1.093247E+03,-842.724622)
  );
#3265 = CIRCLE('',#3266,247.961093);
#3266 = AXIS2_PLACEMENT_3D('',#3267,#3268,#3269);
#3267 = CARTESIAN_POINT('',(-2.282435285E+03,-1.093247E+03,-842.724622)
  );
#3268 = DIRECTION('',(0.,-1.,-4.4E-16));
#3269 = DIRECTION('',(1.,0.,0.));
#3270 = PLANE('',#3271);
#3271 = AXIS2_PLACEMENT_3D('',#3272,#3273,#3274);
#3272 = CARTESIAN_POINT('',(-2.282435285E+03,-1.093247E+03,-842.724622)
  );
#3273 = DIRECTION('',(-1.E-17,1.,2.2E-16));
#3274 = DIRECTION('',(0.,-2.2E-16,1.));
#3275 = ADVANCED_FACE('',(#3276),#3295,.F.);
#3276 = FACE_BOUND('',#3277,.T.);
#3277 = EDGE_LOOP('',(#3278,#3286,#3287,#3288));
#3278 = ORIENTED_EDGE('',*,*,#3279,.T.);
#3279 = EDGE_CURVE('',#3280,#3263,#3282,.T.);
#3280 = VERTEX_POINT('',#3281);
#3281 = CARTESIAN_POINT('',(-2.034474192E+03,-1.083247E+03,-842.724622)
  );
#3282 = LINE('',#3283,#3284);
#3283 = CARTESIAN_POINT('',(-2.034474192E+03,-1.083247E+03,-842.724622)
  );
#3284 = VECTOR('',#3285,1.);
#3285 = DIRECTION('',(-0.,-1.,-2.2E-16));
#3286 = ORIENTED_EDGE('',*,*,#3262,.T.);
#3287 = ORIENTED_EDGE('',*,*,#3279,.F.);
#3288 = ORIENTED_EDGE('',*,*,#3289,.F.);
#3289 = EDGE_CURVE('',#3280,#3280,#3290,.T.);
#3290 = CIRCLE('',#3291,247.961093);
#3291 = AXIS2_PLACEMENT_3D('',#3292,#3293,#3294);
#3292 = CARTESIAN_POINT('',(-2.282435285E+03,-1.083247E+03,-842.724622)
  );
#3293 = DIRECTION('',(0.,-1.,-4.4E-16));
#3294 = DIRECTION('',(1.,0.,0.));
#3295 = CYLINDRICAL_SURFACE('',#3296,247.961093);
#3296 = AXIS2_PLACEMENT_3D('',#3297,#3298,#3299);
#3297 = CARTESIAN_POINT('',(-2.282435285E+03,-1.083247E+03,-842.724622)
  );
#3298 = DIRECTION('',(0.,1.,2.2E-16));
#3299 = DIRECTION('',(1.,0.,0.));
#3300 = ADVANCED_FACE('',(#3301),#3304,.F.);
#3301 = FACE_BOUND('',#3302,.F.);
#3302 = EDGE_LOOP('',(#3303));
#3303 = ORIENTED_EDGE('',*,*,#3289,.F.);
#3304 = PLANE('',#3305);
#3305 = AXIS2_PLACEMENT_3D('',#3306,#3307,#3308);
#3306 = CARTESIAN_POINT('',(-2.282435285E+03,-1.083247E+03,-842.724622)
  );
#3307 = DIRECTION('',(0.,1.,2.2E-16));
#3308 = DIRECTION('',(0.,-2.2E-16,1.));
#3309 = MANIFOLD_SOLID_BREP('',#3310);
#3310 = CLOSED_SHELL('',(#3311,#3344,#3370,#3396,#3416,#3425,#3450,#3470
    ,#3495));
#3311 = ADVANCED_FACE('',(#3312),#3339,.T.);
#3312 = FACE_BOUND('',#3313,.F.);
#3313 = EDGE_LOOP('',(#3314,#3324,#3331,#3332));
#3314 = ORIENTED_EDGE('',*,*,#3315,.T.);
#3315 = EDGE_CURVE('',#3316,#3318,#3320,.T.);
#3316 = VERTEX_POINT('',#3317);
#3317 = CARTESIAN_POINT('',(-439.314274,-883.247,-842.724622));
#3318 = VERTEX_POINT('',#3319);
#3319 = CARTESIAN_POINT('',(-439.314274,-1.033247E+03,-842.724622));
#3320 = LINE('',#3321,#3322);
#3321 = CARTESIAN_POINT('',(-439.314274,-833.247,-842.724622));
#3322 = VECTOR('',#3323,1.);
#3323 = DIRECTION('',(-0.,-1.,-3.3E-16));
#3324 = ORIENTED_EDGE('',*,*,#3325,.T.);
#3325 = EDGE_CURVE('',#3318,#3318,#3326,.T.);
#3326 = CIRCLE('',#3327,515.642011);
#3327 = AXIS2_PLACEMENT_3D('',#3328,#3329,#3330);
#3328 = CARTESIAN_POINT('',(-954.956285,-1.033247E+03,-842.724622));
#3329 = DIRECTION('',(0.,-1.,-2.2E-16));
#3330 = DIRECTION('',(1.,-4.4E-33,2.E-17));
#3331 = ORIENTED_EDGE('',*,*,#3315,.F.);
#3332 = ORIENTED_EDGE('',*,*,#3333,.F.);
#3333 = EDGE_CURVE('',#3316,#3316,#3334,.T.);
#3334 = CIRCLE('',#3335,515.642011);
#3335 = AXIS2_PLACEMENT_3D('',#3336,#3337,#3338);
#3336 = CARTESIAN_POINT('',(-954.956285,-883.247,-842.724622));
#3337 = DIRECTION('',(0.,-1.,-2.2E-16));
#3338 = DIRECTION('',(1.,4.4E-33,-2.E-17));
#3339 = CYLINDRICAL_SURFACE('',#3340,515.642011);
#3340 = AXIS2_PLACEMENT_3D('',#3341,#3342,#3343);
#3341 = CARTESIAN_POINT('',(-954.956285,-833.247,-842.724622));
#3342 = DIRECTION('',(0.,1.,2.2E-16));
#3343 = DIRECTION('',(1.,0.,0.));
#3344 = ADVANCED_FACE('',(#3345),#3365,.T.);
#3345 = FACE_BOUND('',#3346,.F.);
#3346 = EDGE_LOOP('',(#3347,#3356,#3363,#3364));
#3347 = ORIENTED_EDGE('',*,*,#3348,.T.);
#3348 = EDGE_CURVE('',#3349,#3349,#3351,.T.);
#3349 = VERTEX_POINT('',#3350);
#3350 = CARTESIAN_POINT('',(-489.314274,-1.083247E+03,-842.724622));
#3351 = CIRCLE('',#3352,465.642011);
#3352 = AXIS2_PLACEMENT_3D('',#3353,#3354,#3355);
#3353 = CARTESIAN_POINT('',(-954.956285,-1.083247E+03,-842.724622));
#3354 = DIRECTION('',(0.,-1.,-2.2E-16));
#3355 = DIRECTION('',(1.,-4.4E-33,2.E-17));
#3356 = ORIENTED_EDGE('',*,*,#3357,.F.);
#3357 = EDGE_CURVE('',#3318,#3349,#3358,.T.);
#3358 = CIRCLE('',#3359,50.);
#3359 = AXIS2_PLACEMENT_3D('',#3360,#3361,#3362);
#3360 = CARTESIAN_POINT('',(-489.314274,-1.033247E+03,-842.724622));
#3361 = DIRECTION('',(2.E-17,2.2E-16,-1.));
#3362 = DIRECTION('',(1.,0.,2.E-17));
#3363 = ORIENTED_EDGE('',*,*,#3325,.F.);
#3364 = ORIENTED_EDGE('',*,*,#3357,.T.);
#3365 = TOROIDAL_SURFACE('',#3366,465.642011,50.);
#3366 = AXIS2_PLACEMENT_3D('',#3367,#3368,#3369);
#3367 = CARTESIAN_POINT('',(-954.956285,-1.033247E+03,-842.724622));
#3368 = DIRECTION('',(-0.,-1.,-2.2E-16));
#3369 = DIRECTION('',(1.,-4.4E-33,2.E-17));
#3370 = ADVANCED_FACE('',(#3371),#3391,.T.);
#3371 = FACE_BOUND('',#3372,.F.);
#3372 = EDGE_LOOP('',(#3373,#3382,#3383,#3384));
#3373 = ORIENTED_EDGE('',*,*,#3374,.F.);
#3374 = EDGE_CURVE('',#3316,#3375,#3377,.T.);
#3375 = VERTEX_POINT('',#3376);
#3376 = CARTESIAN_POINT('',(-489.314274,-833.247,-842.724622));
#3377 = CIRCLE('',#3378,50.);
#3378 = AXIS2_PLACEMENT_3D('',#3379,#3380,#3381);
#3379 = CARTESIAN_POINT('',(-489.314274,-883.247,-842.724622));
#3380 = DIRECTION('',(2.E-17,-2.2E-16,1.));
#3381 = DIRECTION('',(1.,0.,-2.E-17));
#3382 = ORIENTED_EDGE('',*,*,#3333,.F.);
#3383 = ORIENTED_EDGE('',*,*,#3374,.T.);
#3384 = ORIENTED_EDGE('',*,*,#3385,.T.);
#3385 = EDGE_CURVE('',#3375,#3375,#3386,.T.);
#3386 = CIRCLE('',#3387,465.642011);
#3387 = AXIS2_PLACEMENT_3D('',#3388,#3389,#3390);
#3388 = CARTESIAN_POINT('',(-954.956285,-833.247,-842.724622));
#3389 = DIRECTION('',(0.,-1.,-2.2E-16));
#3390 = DIRECTION('',(1.,4.4E-33,-2.E-17));
#3391 = TOROIDAL_SURFACE('',#3392,465.642011,50.);
#3392 = AXIS2_PLACEMENT_3D('',#3393,#3394,#3395);
#3393 = CARTESIAN_POINT('',(-954.956285,-883.247,-842.724622));
#3394 = DIRECTION('',(0.,1.,2.2E-16));
#3395 = DIRECTION('',(1.,4.4E-33,-2.E-17));
#3396 = ADVANCED_FACE('',(#3397,#3400),#3411,.F.);
#3397 = FACE_BOUND('',#3398,.F.);
#3398 = EDGE_LOOP('',(#3399));
#3399 = ORIENTED_EDGE('',*,*,#3348,.F.);
#3400 = FACE_BOUND('',#3401,.F.);
#3401 = EDGE_LOOP('',(#3402));
#3402 = ORIENTED_EDGE('',*,*,#3403,.T.);
#3403 = EDGE_CURVE('',#3404,#3404,#3406,.T.);
#3404 = VERTEX_POINT('',#3405);
#3405 = CARTESIAN_POINT('',(-656.208916,-1.083247E+03,-842.724622));
#3406 = CIRCLE('',#3407,298.747369);
#3407 = AXIS2_PLACEMENT_3D('',#3408,#3409,#3410);
#3408 = CARTESIAN_POINT('',(-954.956285,-1.083247E+03,-842.724622));
#3409 = DIRECTION('',(0.,-1.,-4.4E-16));
#3410 = DIRECTION('',(1.,0.,0.));
#3411 = PLANE('',#3412);
#3412 = AXIS2_PLACEMENT_3D('',#3413,#3414,#3415);
#3413 = CARTESIAN_POINT('',(-954.9562849999,-1.083247E+03,-842.724622));
#3414 = DIRECTION('',(0.,1.,2.2E-16));
#3415 = DIRECTION('',(0.,-2.2E-16,1.));
#3416 = ADVANCED_FACE('',(#3417),#3420,.T.);
#3417 = FACE_BOUND('',#3418,.T.);
#3418 = EDGE_LOOP('',(#3419));
#3419 = ORIENTED_EDGE('',*,*,#3385,.F.);
#3420 = PLANE('',#3421);
#3421 = AXIS2_PLACEMENT_3D('',#3422,#3423,#3424);
#3422 = CARTESIAN_POINT('',(-954.9562849999,-833.247,-842.724622));
#3423 = DIRECTION('',(0.,1.,2.2E-16));
#3424 = DIRECTION('',(0.,-2.2E-16,1.));
#3425 = ADVANCED_FACE('',(#3426),#3445,.T.);
#3426 = FACE_BOUND('',#3427,.F.);
#3427 = EDGE_LOOP('',(#3428,#3436,#3443,#3444));
#3428 = ORIENTED_EDGE('',*,*,#3429,.T.);
#3429 = EDGE_CURVE('',#3404,#3430,#3432,.T.);
#3430 = VERTEX_POINT('',#3431);
#3431 = CARTESIAN_POINT('',(-656.208916,-1.093247E+03,-842.724622));
#3432 = LINE('',#3433,#3434);
#3433 = CARTESIAN_POINT('',(-656.208916,-1.083247E+03,-842.724622));
#3434 = VECTOR('',#3435,1.);
#3435 = DIRECTION('',(-0.,-1.,-2.2E-16));
#3436 = ORIENTED_EDGE('',*,*,#3437,.T.);
#3437 = EDGE_CURVE('',#3430,#3430,#3438,.T.);
#3438 = CIRCLE('',#3439,298.747369);
#3439 = AXIS2_PLACEMENT_3D('',#3440,#3441,#3442);
#3440 = CARTESIAN_POINT('',(-954.956285,-1.093247E+03,-842.724622));
#3441 = DIRECTION('',(0.,-1.,-4.4E-16));
#3442 = DIRECTION('',(1.,0.,0.));
#3443 = ORIENTED_EDGE('',*,*,#3429,.F.);
#3444 = ORIENTED_EDGE('',*,*,#3403,.F.);
#3445 = CYLINDRICAL_SURFACE('',#3446,298.747369);
#3446 = AXIS2_PLACEMENT_3D('',#3447,#3448,#3449);
#3447 = CARTESIAN_POINT('',(-954.956285,-1.083247E+03,-842.724622));
#3448 = DIRECTION('',(0.,1.,2.2E-16));
#3449 = DIRECTION('',(1.,0.,0.));
#3450 = ADVANCED_FACE('',(#3451,#3454),#3465,.F.);
#3451 = FACE_BOUND('',#3452,.T.);
#3452 = EDGE_LOOP('',(#3453));
#3453 = ORIENTED_EDGE('',*,*,#3437,.T.);
#3454 = FACE_BOUND('',#3455,.F.);
#3455 = EDGE_LOOP('',(#3456));
#3456 = ORIENTED_EDGE('',*,*,#3457,.T.);
#3457 = EDGE_CURVE('',#3458,#3458,#3460,.T.);
#3458 = VERTEX_POINT('',#3459);
#3459 = CARTESIAN_POINT('',(-706.995192,-1.093247E+03,-842.724622));
#3460 = CIRCLE('',#3461,247.961093);
#3461 = AXIS2_PLACEMENT_3D('',#3462,#3463,#3464);
#3462 = CARTESIAN_POINT('',(-954.956285,-1.093247E+03,-842.724622));
#3463 = DIRECTION('',(0.,-1.,-4.4E-16));
#3464 = DIRECTION('',(1.,0.,0.));
#3465 = PLANE('',#3466);
#3466 = AXIS2_PLACEMENT_3D('',#3467,#3468,#3469);
#3467 = CARTESIAN_POINT('',(-954.956285,-1.093247E+03,-842.724622));
#3468 = DIRECTION('',(-1.E-17,1.,2.2E-16));
#3469 = DIRECTION('',(0.,-2.2E-16,1.));
#3470 = ADVANCED_FACE('',(#3471),#3490,.F.);
#3471 = FACE_BOUND('',#3472,.T.);
#3472 = EDGE_LOOP('',(#3473,#3481,#3482,#3483));
#3473 = ORIENTED_EDGE('',*,*,#3474,.T.);
#3474 = EDGE_CURVE('',#3475,#3458,#3477,.T.);
#3475 = VERTEX_POINT('',#3476);
#3476 = CARTESIAN_POINT('',(-706.995192,-1.083247E+03,-842.724622));
#3477 = LINE('',#3478,#3479);
#3478 = CARTESIAN_POINT('',(-706.995192,-1.083247E+03,-842.724622));
#3479 = VECTOR('',#3480,1.);
#3480 = DIRECTION('',(-0.,-1.,-2.2E-16));
#3481 = ORIENTED_EDGE('',*,*,#3457,.T.);
#3482 = ORIENTED_EDGE('',*,*,#3474,.F.);
#3483 = ORIENTED_EDGE('',*,*,#3484,.F.);
#3484 = EDGE_CURVE('',#3475,#3475,#3485,.T.);
#3485 = CIRCLE('',#3486,247.961093);
#3486 = AXIS2_PLACEMENT_3D('',#3487,#3488,#3489);
#3487 = CARTESIAN_POINT('',(-954.956285,-1.083247E+03,-842.724622));
#3488 = DIRECTION('',(0.,-1.,-4.4E-16));
#3489 = DIRECTION('',(1.,0.,0.));
#3490 = CYLINDRICAL_SURFACE('',#3491,247.961093);
#3491 = AXIS2_PLACEMENT_3D('',#3492,#3493,#3494);
#3492 = CARTESIAN_POINT('',(-954.956285,-1.083247E+03,-842.724622));
#3493 = DIRECTION('',(0.,1.,2.2E-16));
#3494 = DIRECTION('',(1.,0.,0.));
#3495 = ADVANCED_FACE('',(#3496),#3499,.F.);
#3496 = FACE_BOUND('',#3497,.F.);
#3497 = EDGE_LOOP('',(#3498));
#3498 = ORIENTED_EDGE('',*,*,#3484,.F.);
#3499 = PLANE('',#3500);
#3500 = AXIS2_PLACEMENT_3D('',#3501,#3502,#3503);
#3501 = CARTESIAN_POINT('',(-954.9562849999,-1.083247E+03,-842.724622));
#3502 = DIRECTION('',(0.,1.,2.2E-16));
#3503 = DIRECTION('',(0.,-2.2E-16,1.));
#3504 = MANIFOLD_SOLID_BREP('',#3505);
#3505 = CLOSED_SHELL('',(#3506,#3539,#3565,#3591,#3611,#3620,#3645,#3665
    ,#3690));
#3506 = ADVANCED_FACE('',(#3507),#3534,.T.);
#3507 = FACE_BOUND('',#3508,.F.);
#3508 = EDGE_LOOP('',(#3509,#3519,#3526,#3527));
#3509 = ORIENTED_EDGE('',*,*,#3510,.T.);
#3510 = EDGE_CURVE('',#3511,#3513,#3515,.T.);
#3511 = VERTEX_POINT('',#3512);
#3512 = CARTESIAN_POINT('',(-1.766793274E+03,-622.095,-842.724622));
#3513 = VERTEX_POINT('',#3514);
#3514 = CARTESIAN_POINT('',(-1.766793274E+03,-772.095,-842.724622));
#3515 = LINE('',#3516,#3517);
#3516 = CARTESIAN_POINT('',(-1.766793274E+03,-572.095,-842.724622));
#3517 = VECTOR('',#3518,1.);
#3518 = DIRECTION('',(-0.,-1.,-3.3E-16));
#3519 = ORIENTED_EDGE('',*,*,#3520,.T.);
#3520 = EDGE_CURVE('',#3513,#3513,#3521,.T.);
#3521 = CIRCLE('',#3522,515.642011);
#3522 = AXIS2_PLACEMENT_3D('',#3523,#3524,#3525);
#3523 = CARTESIAN_POINT('',(-2.282435285E+03,-772.095,-842.724622));
#3524 = DIRECTION('',(0.,-1.,-2.2E-16));
#3525 = DIRECTION('',(1.,-4.4E-33,2.E-17));
#3526 = ORIENTED_EDGE('',*,*,#3510,.F.);
#3527 = ORIENTED_EDGE('',*,*,#3528,.F.);
#3528 = EDGE_CURVE('',#3511,#3511,#3529,.T.);
#3529 = CIRCLE('',#3530,515.642011);
#3530 = AXIS2_PLACEMENT_3D('',#3531,#3532,#3533);
#3531 = CARTESIAN_POINT('',(-2.282435285E+03,-622.095,-842.724622));
#3532 = DIRECTION('',(0.,-1.,-2.2E-16));
#3533 = DIRECTION('',(1.,4.4E-33,-2.E-17));
#3534 = CYLINDRICAL_SURFACE('',#3535,515.642011);
#3535 = AXIS2_PLACEMENT_3D('',#3536,#3537,#3538);
#3536 = CARTESIAN_POINT('',(-2.282435285E+03,-572.095,-842.724622));
#3537 = DIRECTION('',(0.,1.,2.2E-16));
#3538 = DIRECTION('',(1.,0.,0.));
#3539 = ADVANCED_FACE('',(#3540),#3560,.T.);
#3540 = FACE_BOUND('',#3541,.F.);
#3541 = EDGE_LOOP('',(#3542,#3551,#3558,#3559));
#3542 = ORIENTED_EDGE('',*,*,#3543,.T.);
#3543 = EDGE_CURVE('',#3544,#3544,#3546,.T.);
#3544 = VERTEX_POINT('',#3545);
#3545 = CARTESIAN_POINT('',(-1.816793274E+03,-822.095,-842.724622));
#3546 = CIRCLE('',#3547,465.642011);
#3547 = AXIS2_PLACEMENT_3D('',#3548,#3549,#3550);
#3548 = CARTESIAN_POINT('',(-2.282435285E+03,-822.095,-842.724622));
#3549 = DIRECTION('',(0.,-1.,-2.2E-16));
#3550 = DIRECTION('',(1.,-4.4E-33,2.E-17));
#3551 = ORIENTED_EDGE('',*,*,#3552,.F.);
#3552 = EDGE_CURVE('',#3513,#3544,#3553,.T.);
#3553 = CIRCLE('',#3554,50.);
#3554 = AXIS2_PLACEMENT_3D('',#3555,#3556,#3557);
#3555 = CARTESIAN_POINT('',(-1.816793274E+03,-772.095,-842.724622));
#3556 = DIRECTION('',(2.E-17,2.2E-16,-1.));
#3557 = DIRECTION('',(1.,0.,2.E-17));
#3558 = ORIENTED_EDGE('',*,*,#3520,.F.);
#3559 = ORIENTED_EDGE('',*,*,#3552,.T.);
#3560 = TOROIDAL_SURFACE('',#3561,465.642011,50.);
#3561 = AXIS2_PLACEMENT_3D('',#3562,#3563,#3564);
#3562 = CARTESIAN_POINT('',(-2.282435285E+03,-772.095,-842.724622));
#3563 = DIRECTION('',(-0.,-1.,-2.2E-16));
#3564 = DIRECTION('',(1.,-4.4E-33,2.E-17));
#3565 = ADVANCED_FACE('',(#3566),#3586,.T.);
#3566 = FACE_BOUND('',#3567,.F.);
#3567 = EDGE_LOOP('',(#3568,#3577,#3578,#3579));
#3568 = ORIENTED_EDGE('',*,*,#3569,.F.);
#3569 = EDGE_CURVE('',#3511,#3570,#3572,.T.);
#3570 = VERTEX_POINT('',#3571);
#3571 = CARTESIAN_POINT('',(-1.816793274E+03,-572.095,-842.724622));
#3572 = CIRCLE('',#3573,50.);
#3573 = AXIS2_PLACEMENT_3D('',#3574,#3575,#3576);
#3574 = CARTESIAN_POINT('',(-1.816793274E+03,-622.095,-842.724622));
#3575 = DIRECTION('',(2.E-17,-2.2E-16,1.));
#3576 = DIRECTION('',(1.,0.,-2.E-17));
#3577 = ORIENTED_EDGE('',*,*,#3528,.F.);
#3578 = ORIENTED_EDGE('',*,*,#3569,.T.);
#3579 = ORIENTED_EDGE('',*,*,#3580,.T.);
#3580 = EDGE_CURVE('',#3570,#3570,#3581,.T.);
#3581 = CIRCLE('',#3582,465.642011);
#3582 = AXIS2_PLACEMENT_3D('',#3583,#3584,#3585);
#3583 = CARTESIAN_POINT('',(-2.282435285E+03,-572.095,-842.724622));
#3584 = DIRECTION('',(0.,-1.,-2.2E-16));
#3585 = DIRECTION('',(1.,4.4E-33,-2.E-17));
#3586 = TOROIDAL_SURFACE('',#3587,465.642011,50.);
#3587 = AXIS2_PLACEMENT_3D('',#3588,#3589,#3590);
#3588 = CARTESIAN_POINT('',(-2.282435285E+03,-622.095,-842.724622));
#3589 = DIRECTION('',(0.,1.,2.2E-16));
#3590 = DIRECTION('',(1.,4.4E-33,-2.E-17));
#3591 = ADVANCED_FACE('',(#3592,#3595),#3606,.F.);
#3592 = FACE_BOUND('',#3593,.F.);
#3593 = EDGE_LOOP('',(#3594));
#3594 = ORIENTED_EDGE('',*,*,#3543,.F.);
#3595 = FACE_BOUND('',#3596,.F.);
#3596 = EDGE_LOOP('',(#3597));
#3597 = ORIENTED_EDGE('',*,*,#3598,.T.);
#3598 = EDGE_CURVE('',#3599,#3599,#3601,.T.);
#3599 = VERTEX_POINT('',#3600);
#3600 = CARTESIAN_POINT('',(-1.983687916E+03,-822.095,-842.724622));
#3601 = CIRCLE('',#3602,298.747369);
#3602 = AXIS2_PLACEMENT_3D('',#3603,#3604,#3605);
#3603 = CARTESIAN_POINT('',(-2.282435285E+03,-822.095,-842.724622));
#3604 = DIRECTION('',(0.,-1.,-4.4E-16));
#3605 = DIRECTION('',(1.,0.,0.));
#3606 = PLANE('',#3607);
#3607 = AXIS2_PLACEMENT_3D('',#3608,#3609,#3610);
#3608 = CARTESIAN_POINT('',(-2.282435285E+03,-822.095,-842.724622));
#3609 = DIRECTION('',(0.,1.,2.2E-16));
#3610 = DIRECTION('',(0.,-2.2E-16,1.));
#3611 = ADVANCED_FACE('',(#3612),#3615,.T.);
#3612 = FACE_BOUND('',#3613,.T.);
#3613 = EDGE_LOOP('',(#3614));
#3614 = ORIENTED_EDGE('',*,*,#3580,.F.);
#3615 = PLANE('',#3616);
#3616 = AXIS2_PLACEMENT_3D('',#3617,#3618,#3619);
#3617 = CARTESIAN_POINT('',(-2.282435285E+03,-572.095,-842.724622));
#3618 = DIRECTION('',(0.,1.,2.2E-16));
#3619 = DIRECTION('',(0.,-2.2E-16,1.));
#3620 = ADVANCED_FACE('',(#3621),#3640,.T.);
#3621 = FACE_BOUND('',#3622,.F.);
#3622 = EDGE_LOOP('',(#3623,#3631,#3638,#3639));
#3623 = ORIENTED_EDGE('',*,*,#3624,.T.);
#3624 = EDGE_CURVE('',#3599,#3625,#3627,.T.);
#3625 = VERTEX_POINT('',#3626);
#3626 = CARTESIAN_POINT('',(-1.983687916E+03,-832.095,-842.724622));
#3627 = LINE('',#3628,#3629);
#3628 = CARTESIAN_POINT('',(-1.983687916E+03,-822.095,-842.724622));
#3629 = VECTOR('',#3630,1.);
#3630 = DIRECTION('',(-0.,-1.,-2.2E-16));
#3631 = ORIENTED_EDGE('',*,*,#3632,.T.);
#3632 = EDGE_CURVE('',#3625,#3625,#3633,.T.);
#3633 = CIRCLE('',#3634,298.747369);
#3634 = AXIS2_PLACEMENT_3D('',#3635,#3636,#3637);
#3635 = CARTESIAN_POINT('',(-2.282435285E+03,-832.095,-842.724622));
#3636 = DIRECTION('',(0.,-1.,-4.4E-16));
#3637 = DIRECTION('',(1.,0.,0.));
#3638 = ORIENTED_EDGE('',*,*,#3624,.F.);
#3639 = ORIENTED_EDGE('',*,*,#3598,.F.);
#3640 = CYLINDRICAL_SURFACE('',#3641,298.747369);
#3641 = AXIS2_PLACEMENT_3D('',#3642,#3643,#3644);
#3642 = CARTESIAN_POINT('',(-2.282435285E+03,-822.095,-842.724622));
#3643 = DIRECTION('',(0.,1.,2.2E-16));
#3644 = DIRECTION('',(1.,0.,0.));
#3645 = ADVANCED_FACE('',(#3646,#3649),#3660,.F.);
#3646 = FACE_BOUND('',#3647,.T.);
#3647 = EDGE_LOOP('',(#3648));
#3648 = ORIENTED_EDGE('',*,*,#3632,.T.);
#3649 = FACE_BOUND('',#3650,.F.);
#3650 = EDGE_LOOP('',(#3651));
#3651 = ORIENTED_EDGE('',*,*,#3652,.T.);
#3652 = EDGE_CURVE('',#3653,#3653,#3655,.T.);
#3653 = VERTEX_POINT('',#3654);
#3654 = CARTESIAN_POINT('',(-2.034474192E+03,-832.095,-842.724622));
#3655 = CIRCLE('',#3656,247.961093);
#3656 = AXIS2_PLACEMENT_3D('',#3657,#3658,#3659);
#3657 = CARTESIAN_POINT('',(-2.282435285E+03,-832.095,-842.724622));
#3658 = DIRECTION('',(0.,-1.,-4.4E-16));
#3659 = DIRECTION('',(1.,0.,0.));
#3660 = PLANE('',#3661);
#3661 = AXIS2_PLACEMENT_3D('',#3662,#3663,#3664);
#3662 = CARTESIAN_POINT('',(-2.282435285E+03,-832.095,-842.724622));
#3663 = DIRECTION('',(-1.E-17,1.,2.2E-16));
#3664 = DIRECTION('',(0.,-2.2E-16,1.));
#3665 = ADVANCED_FACE('',(#3666),#3685,.F.);
#3666 = FACE_BOUND('',#3667,.T.);
#3667 = EDGE_LOOP('',(#3668,#3676,#3677,#3678));
#3668 = ORIENTED_EDGE('',*,*,#3669,.T.);
#3669 = EDGE_CURVE('',#3670,#3653,#3672,.T.);
#3670 = VERTEX_POINT('',#3671);
#3671 = CARTESIAN_POINT('',(-2.034474192E+03,-822.095,-842.724622));
#3672 = LINE('',#3673,#3674);
#3673 = CARTESIAN_POINT('',(-2.034474192E+03,-822.095,-842.724622));
#3674 = VECTOR('',#3675,1.);
#3675 = DIRECTION('',(-0.,-1.,-2.2E-16));
#3676 = ORIENTED_EDGE('',*,*,#3652,.T.);
#3677 = ORIENTED_EDGE('',*,*,#3669,.F.);
#3678 = ORIENTED_EDGE('',*,*,#3679,.F.);
#3679 = EDGE_CURVE('',#3670,#3670,#3680,.T.);
#3680 = CIRCLE('',#3681,247.961093);
#3681 = AXIS2_PLACEMENT_3D('',#3682,#3683,#3684);
#3682 = CARTESIAN_POINT('',(-2.282435285E+03,-822.095,-842.724622));
#3683 = DIRECTION('',(0.,-1.,-4.4E-16));
#3684 = DIRECTION('',(1.,0.,0.));
#3685 = CYLINDRICAL_SURFACE('',#3686,247.961093);
#3686 = AXIS2_PLACEMENT_3D('',#3687,#3688,#3689);
#3687 = CARTESIAN_POINT('',(-2.282435285E+03,-822.095,-842.724622));
#3688 = DIRECTION('',(0.,1.,2.2E-16));
#3689 = DIRECTION('',(1.,0.,0.));
#3690 = ADVANCED_FACE('',(#3691),#3694,.F.);
#3691 = FACE_BOUND('',#3692,.F.);
#3692 = EDGE_LOOP('',(#3693));
#3693 = ORIENTED_EDGE('',*,*,#3679,.F.);
#3694 = PLANE('',#3695);
#3695 = AXIS2_PLACEMENT_3D('',#3696,#3697,#3698);
#3696 = CARTESIAN_POINT('',(-2.282435285E+03,-822.095,-842.724622));
#3697 = DIRECTION('',(0.,1.,2.2E-16));
#3698 = DIRECTION('',(0.,-2.2E-16,1.));
#3699 = MANIFOLD_SOLID_BREP('',#3700);
#3700 = CLOSED_SHELL('',(#3701,#3734,#3760,#3786,#3806,#3815,#3840,#3860
    ,#3885));
#3701 = ADVANCED_FACE('',(#3702),#3729,.T.);
#3702 = FACE_BOUND('',#3703,.F.);
#3703 = EDGE_LOOP('',(#3704,#3714,#3721,#3722));
#3704 = ORIENTED_EDGE('',*,*,#3705,.T.);
#3705 = EDGE_CURVE('',#3706,#3708,#3710,.T.);
#3706 = VERTEX_POINT('',#3707);
#3707 = CARTESIAN_POINT('',(-440.730274,-622.095,-842.724622));
#3708 = VERTEX_POINT('',#3709);
#3709 = CARTESIAN_POINT('',(-440.730274,-772.095,-842.724622));
#3710 = LINE('',#3711,#3712);
#3711 = CARTESIAN_POINT('',(-440.730274,-572.095,-842.724622));
#3712 = VECTOR('',#3713,1.);
#3713 = DIRECTION('',(-0.,-1.,-3.3E-16));
#3714 = ORIENTED_EDGE('',*,*,#3715,.T.);
#3715 = EDGE_CURVE('',#3708,#3708,#3716,.T.);
#3716 = CIRCLE('',#3717,515.642011);
#3717 = AXIS2_PLACEMENT_3D('',#3718,#3719,#3720);
#3718 = CARTESIAN_POINT('',(-956.372285,-772.095,-842.724622));
#3719 = DIRECTION('',(0.,-1.,-2.2E-16));
#3720 = DIRECTION('',(1.,-4.4E-33,2.E-17));
#3721 = ORIENTED_EDGE('',*,*,#3705,.F.);
#3722 = ORIENTED_EDGE('',*,*,#3723,.F.);
#3723 = EDGE_CURVE('',#3706,#3706,#3724,.T.);
#3724 = CIRCLE('',#3725,515.642011);
#3725 = AXIS2_PLACEMENT_3D('',#3726,#3727,#3728);
#3726 = CARTESIAN_POINT('',(-956.372285,-622.095,-842.724622));
#3727 = DIRECTION('',(0.,-1.,-2.2E-16));
#3728 = DIRECTION('',(1.,4.4E-33,-2.E-17));
#3729 = CYLINDRICAL_SURFACE('',#3730,515.642011);
#3730 = AXIS2_PLACEMENT_3D('',#3731,#3732,#3733);
#3731 = CARTESIAN_POINT('',(-956.372285,-572.095,-842.724622));
#3732 = DIRECTION('',(0.,1.,2.2E-16));
#3733 = DIRECTION('',(1.,0.,0.));
#3734 = ADVANCED_FACE('',(#3735),#3755,.T.);
#3735 = FACE_BOUND('',#3736,.F.);
#3736 = EDGE_LOOP('',(#3737,#3746,#3753,#3754));
#3737 = ORIENTED_EDGE('',*,*,#3738,.T.);
#3738 = EDGE_CURVE('',#3739,#3739,#3741,.T.);
#3739 = VERTEX_POINT('',#3740);
#3740 = CARTESIAN_POINT('',(-490.730274,-822.095,-842.724622));
#3741 = CIRCLE('',#3742,465.642011);
#3742 = AXIS2_PLACEMENT_3D('',#3743,#3744,#3745);
#3743 = CARTESIAN_POINT('',(-956.372285,-822.095,-842.724622));
#3744 = DIRECTION('',(0.,-1.,-2.2E-16));
#3745 = DIRECTION('',(1.,-4.4E-33,2.E-17));
#3746 = ORIENTED_EDGE('',*,*,#3747,.F.);
#3747 = EDGE_CURVE('',#3708,#3739,#3748,.T.);
#3748 = CIRCLE('',#3749,50.);
#3749 = AXIS2_PLACEMENT_3D('',#3750,#3751,#3752);
#3750 = CARTESIAN_POINT('',(-490.730274,-772.095,-842.724622));
#3751 = DIRECTION('',(2.E-17,2.2E-16,-1.));
#3752 = DIRECTION('',(1.,0.,2.E-17));
#3753 = ORIENTED_EDGE('',*,*,#3715,.F.);
#3754 = ORIENTED_EDGE('',*,*,#3747,.T.);
#3755 = TOROIDAL_SURFACE('',#3756,465.642011,50.);
#3756 = AXIS2_PLACEMENT_3D('',#3757,#3758,#3759);
#3757 = CARTESIAN_POINT('',(-956.372285,-772.095,-842.724622));
#3758 = DIRECTION('',(-0.,-1.,-2.2E-16));
#3759 = DIRECTION('',(1.,-4.4E-33,2.E-17));
#3760 = ADVANCED_FACE('',(#3761),#3781,.T.);
#3761 = FACE_BOUND('',#3762,.F.);
#3762 = EDGE_LOOP('',(#3763,#3772,#3773,#3774));
#3763 = ORIENTED_EDGE('',*,*,#3764,.F.);
#3764 = EDGE_CURVE('',#3706,#3765,#3767,.T.);
#3765 = VERTEX_POINT('',#3766);
#3766 = CARTESIAN_POINT('',(-490.730274,-572.095,-842.724622));
#3767 = CIRCLE('',#3768,50.);
#3768 = AXIS2_PLACEMENT_3D('',#3769,#3770,#3771);
#3769 = CARTESIAN_POINT('',(-490.730274,-622.095,-842.724622));
#3770 = DIRECTION('',(2.E-17,-2.2E-16,1.));
#3771 = DIRECTION('',(1.,0.,-2.E-17));
#3772 = ORIENTED_EDGE('',*,*,#3723,.F.);
#3773 = ORIENTED_EDGE('',*,*,#3764,.T.);
#3774 = ORIENTED_EDGE('',*,*,#3775,.T.);
#3775 = EDGE_CURVE('',#3765,#3765,#3776,.T.);
#3776 = CIRCLE('',#3777,465.642011);
#3777 = AXIS2_PLACEMENT_3D('',#3778,#3779,#3780);
#3778 = CARTESIAN_POINT('',(-956.372285,-572.095,-842.724622));
#3779 = DIRECTION('',(0.,-1.,-2.2E-16));
#3780 = DIRECTION('',(1.,4.4E-33,-2.E-17));
#3781 = TOROIDAL_SURFACE('',#3782,465.642011,50.);
#3782 = AXIS2_PLACEMENT_3D('',#3783,#3784,#3785);
#3783 = CARTESIAN_POINT('',(-956.372285,-622.095,-842.724622));
#3784 = DIRECTION('',(0.,1.,2.2E-16));
#3785 = DIRECTION('',(1.,4.4E-33,-2.E-17));
#3786 = ADVANCED_FACE('',(#3787,#3790),#3801,.F.);
#3787 = FACE_BOUND('',#3788,.F.);
#3788 = EDGE_LOOP('',(#3789));
#3789 = ORIENTED_EDGE('',*,*,#3738,.F.);
#3790 = FACE_BOUND('',#3791,.F.);
#3791 = EDGE_LOOP('',(#3792));
#3792 = ORIENTED_EDGE('',*,*,#3793,.T.);
#3793 = EDGE_CURVE('',#3794,#3794,#3796,.T.);
#3794 = VERTEX_POINT('',#3795);
#3795 = CARTESIAN_POINT('',(-657.624916,-822.095,-842.724622));
#3796 = CIRCLE('',#3797,298.747369);
#3797 = AXIS2_PLACEMENT_3D('',#3798,#3799,#3800);
#3798 = CARTESIAN_POINT('',(-956.372285,-822.095,-842.724622));
#3799 = DIRECTION('',(0.,-1.,-4.4E-16));
#3800 = DIRECTION('',(1.,0.,0.));
#3801 = PLANE('',#3802);
#3802 = AXIS2_PLACEMENT_3D('',#3803,#3804,#3805);
#3803 = CARTESIAN_POINT('',(-956.3722849999,-822.095,-842.724622));
#3804 = DIRECTION('',(0.,1.,2.2E-16));
#3805 = DIRECTION('',(0.,-2.2E-16,1.));
#3806 = ADVANCED_FACE('',(#3807),#3810,.T.);
#3807 = FACE_BOUND('',#3808,.T.);
#3808 = EDGE_LOOP('',(#3809));
#3809 = ORIENTED_EDGE('',*,*,#3775,.F.);
#3810 = PLANE('',#3811);
#3811 = AXIS2_PLACEMENT_3D('',#3812,#3813,#3814);
#3812 = CARTESIAN_POINT('',(-956.3722849999,-572.095,-842.724622));
#3813 = DIRECTION('',(0.,1.,2.2E-16));
#3814 = DIRECTION('',(0.,-2.2E-16,1.));
#3815 = ADVANCED_FACE('',(#3816),#3835,.T.);
#3816 = FACE_BOUND('',#3817,.F.);
#3817 = EDGE_LOOP('',(#3818,#3826,#3833,#3834));
#3818 = ORIENTED_EDGE('',*,*,#3819,.T.);
#3819 = EDGE_CURVE('',#3794,#3820,#3822,.T.);
#3820 = VERTEX_POINT('',#3821);
#3821 = CARTESIAN_POINT('',(-657.624916,-832.095,-842.724622));
#3822 = LINE('',#3823,#3824);
#3823 = CARTESIAN_POINT('',(-657.624916,-822.095,-842.724622));
#3824 = VECTOR('',#3825,1.);
#3825 = DIRECTION('',(-0.,-1.,-2.2E-16));
#3826 = ORIENTED_EDGE('',*,*,#3827,.T.);
#3827 = EDGE_CURVE('',#3820,#3820,#3828,.T.);
#3828 = CIRCLE('',#3829,298.747369);
#3829 = AXIS2_PLACEMENT_3D('',#3830,#3831,#3832);
#3830 = CARTESIAN_POINT('',(-956.372285,-832.095,-842.724622));
#3831 = DIRECTION('',(0.,-1.,-4.4E-16));
#3832 = DIRECTION('',(1.,0.,0.));
#3833 = ORIENTED_EDGE('',*,*,#3819,.F.);
#3834 = ORIENTED_EDGE('',*,*,#3793,.F.);
#3835 = CYLINDRICAL_SURFACE('',#3836,298.747369);
#3836 = AXIS2_PLACEMENT_3D('',#3837,#3838,#3839);
#3837 = CARTESIAN_POINT('',(-956.372285,-822.095,-842.724622));
#3838 = DIRECTION('',(0.,1.,2.2E-16));
#3839 = DIRECTION('',(1.,0.,0.));
#3840 = ADVANCED_FACE('',(#3841,#3844),#3855,.F.);
#3841 = FACE_BOUND('',#3842,.T.);
#3842 = EDGE_LOOP('',(#3843));
#3843 = ORIENTED_EDGE('',*,*,#3827,.T.);
#3844 = FACE_BOUND('',#3845,.F.);
#3845 = EDGE_LOOP('',(#3846));
#3846 = ORIENTED_EDGE('',*,*,#3847,.T.);
#3847 = EDGE_CURVE('',#3848,#3848,#3850,.T.);
#3848 = VERTEX_POINT('',#3849);
#3849 = CARTESIAN_POINT('',(-708.411192,-832.095,-842.724622));
#3850 = CIRCLE('',#3851,247.961093);
#3851 = AXIS2_PLACEMENT_3D('',#3852,#3853,#3854);
#3852 = CARTESIAN_POINT('',(-956.372285,-832.095,-842.724622));
#3853 = DIRECTION('',(0.,-1.,-4.4E-16));
#3854 = DIRECTION('',(1.,0.,0.));
#3855 = PLANE('',#3856);
#3856 = AXIS2_PLACEMENT_3D('',#3857,#3858,#3859);
#3857 = CARTESIAN_POINT('',(-956.372285,-832.095,-842.724622));
#3858 = DIRECTION('',(-1.E-17,1.,2.2E-16));
#3859 = DIRECTION('',(0.,-2.2E-16,1.));
#3860 = ADVANCED_FACE('',(#3861),#3880,.F.);
#3861 = FACE_BOUND('',#3862,.T.);
#3862 = EDGE_LOOP('',(#3863,#3871,#3872,#3873));
#3863 = ORIENTED_EDGE('',*,*,#3864,.T.);
#3864 = EDGE_CURVE('',#3865,#3848,#3867,.T.);
#3865 = VERTEX_POINT('',#3866);
#3866 = CARTESIAN_POINT('',(-708.411192,-822.095,-842.724622));
#3867 = LINE('',#3868,#3869);
#3868 = CARTESIAN_POINT('',(-708.411192,-822.095,-842.724622));
#3869 = VECTOR('',#3870,1.);
#3870 = DIRECTION('',(-0.,-1.,-2.2E-16));
#3871 = ORIENTED_EDGE('',*,*,#3847,.T.);
#3872 = ORIENTED_EDGE('',*,*,#3864,.F.);
#3873 = ORIENTED_EDGE('',*,*,#3874,.F.);
#3874 = EDGE_CURVE('',#3865,#3865,#3875,.T.);
#3875 = CIRCLE('',#3876,247.961093);
#3876 = AXIS2_PLACEMENT_3D('',#3877,#3878,#3879);
#3877 = CARTESIAN_POINT('',(-956.372285,-822.095,-842.724622));
#3878 = DIRECTION('',(0.,-1.,-4.4E-16));
#3879 = DIRECTION('',(1.,0.,0.));
#3880 = CYLINDRICAL_SURFACE('',#3881,247.961093);
#3881 = AXIS2_PLACEMENT_3D('',#3882,#3883,#3884);
#3882 = CARTESIAN_POINT('',(-956.372285,-822.095,-842.724622));
#3883 = DIRECTION('',(0.,1.,2.2E-16));
#3884 = DIRECTION('',(1.,0.,0.));
#3885 = ADVANCED_FACE('',(#3886),#3889,.F.);
#3886 = FACE_BOUND('',#3887,.F.);
#3887 = EDGE_LOOP('',(#3888));
#3888 = ORIENTED_EDGE('',*,*,#3874,.F.);
#3889 = PLANE('',#3890);
#3890 = AXIS2_PLACEMENT_3D('',#3891,#3892,#3893);
#3891 = CARTESIAN_POINT('',(-956.3722849999,-822.095,-842.724622));
#3892 = DIRECTION('',(0.,1.,2.2E-16));
#3893 = DIRECTION('',(0.,-2.2E-16,1.));
#3894 = ( GEOMETRIC_REPRESENTATION_CONTEXT(3) 
GLOBAL_UNCERTAINTY_ASSIGNED_CONTEXT((#3898)) 
GLOBAL_UNIT_ASSIGNED_CONTEXT((#3895,#3896,#3897)) REPRESENTATION_CONTEXT
('Context #1','3D Context with UNIT and UNCERTAINTY') );
#3895 = ( LENGTH_UNIT() NAMED_UNIT(*) SI_UNIT(.MILLI.,.METRE.) );
#3896 = ( NAMED_UNIT(*) PLANE_ANGLE_UNIT() SI_UNIT($,.RADIAN.) );
#3897 = ( NAMED_UNIT(*) SI_UNIT($,.STERADIAN.) SOLID_ANGLE_UNIT() );
#3898 = UNCERTAINTY_MEASURE_WITH_UNIT(LENGTH_MEASURE(1.E-07),#3895,
  'distance_accuracy_value','confusion accuracy');
#3899 = CONTEXT_DEPENDENT_SHAPE_REPRESENTATION(#3900,#3902);
#3900 = ( REPRESENTATION_RELATIONSHIP('','',#2918,#2667) 
REPRESENTATION_RELATIONSHIP_WITH_TRANSFORMATION(#3901) 
SHAPE_REPRESENTATION_RELATIONSHIP() );
#3901 = ITEM_DEFINED_TRANSFORMATION('','',#11,#2680);
#3902 = PRODUCT_DEFINITION_SHAPE('Placement','Placement of an item',
  #3903);
#3903 = NEXT_ASSEMBLY_USAGE_OCCURRENCE('5','Compound (mirrored)','',
  #2662,#2913,$);
#3904 = PRODUCT_RELATED_PRODUCT_CATEGORY('part',$,(#2915));
#3905 = SHAPE_DEFINITION_REPRESENTATION(#3906,#3912);
#3906 = PRODUCT_DEFINITION_SHAPE('','',#3907);
#3907 = PRODUCT_DEFINITION('design','',#3908,#3911);
#3908 = PRODUCT_DEFINITION_FORMATION('','',#3909);
#3909 = PRODUCT('cylinder_bracket001 (mirrored)',
  'cylinder_bracket001 (mirrored)','',(#3910));
#3910 = PRODUCT_CONTEXT('',#2,'mechanical');
#3911 = PRODUCT_DEFINITION_CONTEXT('part definition',#2,'design');
#3912 = ADVANCED_BREP_SHAPE_REPRESENTATION('',(#11,#3913),#4439);
#3913 = MANIFOLD_SOLID_BREP('',#3914);
#3914 = CLOSED_SHELL('',(#3915,#3971,#4002,#4033,#4096,#4127,#4144,#4161
    ,#4180,#4216,#4241,#4276,#4300,#4336,#4361,#4389,#4405,#4422));
#3915 = ADVANCED_FACE('',(#3916),#3966,.F.);
#3916 = FACE_BOUND('',#3917,.T.);
#3917 = EDGE_LOOP('',(#3918,#3928,#3936,#3944,#3952,#3960));
#3918 = ORIENTED_EDGE('',*,*,#3919,.T.);
#3919 = EDGE_CURVE('',#3920,#3922,#3924,.T.);
#3920 = VERTEX_POINT('',#3921);
#3921 = CARTESIAN_POINT('',(-307.1129144891,-50.00000118132,
    -189.2957520283));
#3922 = VERTEX_POINT('',#3923);
#3923 = CARTESIAN_POINT('',(-307.1129155654,-200.0000011813,
    -189.2957498814));
#3924 = LINE('',#3925,#3926);
#3925 = CARTESIAN_POINT('',(-307.1129144891,-50.00000118132,
    -189.2957520283));
#3926 = VECTOR('',#3927,1.);
#3927 = DIRECTION('',(-7.175189209112E-09,-1.,1.43128484E-08));
#3928 = ORIENTED_EDGE('',*,*,#3929,.T.);
#3929 = EDGE_CURVE('',#3922,#3930,#3932,.T.);
#3930 = VERTEX_POINT('',#3931);
#3931 = CARTESIAN_POINT('',(-332.1129155653,-200.0000010019,
    -189.2957498814));
#3932 = LINE('',#3933,#3934);
#3933 = CARTESIAN_POINT('',(-307.1129155654,-200.0000011813,
    -189.2957498814));
#3934 = VECTOR('',#3935,1.);
#3935 = DIRECTION('',(-1.,7.175189209112E-09,1.15486513023E-14));
#3936 = ORIENTED_EDGE('',*,*,#3937,.F.);
#3937 = EDGE_CURVE('',#3938,#3930,#3940,.T.);
#3938 = VERTEX_POINT('',#3939);
#3939 = CARTESIAN_POINT('',(-332.1129152425,-155.0000010019,
    -189.2957505255));
#3940 = LINE('',#3941,#3942);
#3941 = CARTESIAN_POINT('',(-332.1129144891,-50.00000100194,
    -189.2957520283));
#3942 = VECTOR('',#3943,1.);
#3943 = DIRECTION('',(-7.175189209112E-09,-1.,1.43128484E-08));
#3944 = ORIENTED_EDGE('',*,*,#3945,.F.);
#3945 = EDGE_CURVE('',#3946,#3938,#3948,.T.);
#3946 = VERTEX_POINT('',#3947);
#3947 = CARTESIAN_POINT('',(-332.1129148119,-95.00000100194,
    -189.2957513842));
#3948 = LINE('',#3949,#3950);
#3949 = CARTESIAN_POINT('',(-332.1129148119,-95.00000100194,
    -189.2957513842));
#3950 = VECTOR('',#3951,1.);
#3951 = DIRECTION('',(-7.175189209112E-09,-1.,1.43128484E-08));
#3952 = ORIENTED_EDGE('',*,*,#3953,.F.);
#3953 = EDGE_CURVE('',#3954,#3946,#3956,.T.);
#3954 = VERTEX_POINT('',#3955);
#3955 = CARTESIAN_POINT('',(-332.1129144891,-50.00000100194,
    -189.2957520283));
#3956 = LINE('',#3957,#3958);
#3957 = CARTESIAN_POINT('',(-332.1129144891,-50.00000100194,
    -189.2957520283));
#3958 = VECTOR('',#3959,1.);
#3959 = DIRECTION('',(-7.175189209112E-09,-1.,1.43128484E-08));
#3960 = ORIENTED_EDGE('',*,*,#3961,.F.);
#3961 = EDGE_CURVE('',#3920,#3954,#3962,.T.);
#3962 = LINE('',#3963,#3964);
#3963 = CARTESIAN_POINT('',(-307.1129144891,-50.00000118132,
    -189.2957520283));
#3964 = VECTOR('',#3965,1.);
#3965 = DIRECTION('',(-1.,7.175189209112E-09,1.15486513023E-14));
#3966 = PLANE('',#3967);
#3967 = AXIS2_PLACEMENT_3D('',#3968,#3969,#3970);
#3968 = CARTESIAN_POINT('',(-307.1129144891,-50.00000118132,
    -189.2957520283));
#3969 = DIRECTION('',(1.16513486977E-14,1.43128484E-08,1.));
#3970 = DIRECTION('',(1.,-7.175189209112E-09,-1.15486513023E-14));
#3971 = ADVANCED_FACE('',(#3972),#3997,.F.);
#3972 = FACE_BOUND('',#3973,.T.);
#3973 = EDGE_LOOP('',(#3974,#3984,#3990,#3991));
#3974 = ORIENTED_EDGE('',*,*,#3975,.T.);
#3975 = EDGE_CURVE('',#3976,#3978,#3980,.T.);
#3976 = VERTEX_POINT('',#3977);
#3977 = CARTESIAN_POINT('',(-307.1129144891,-49.99999903439,
    -39.29575202836));
#3978 = VERTEX_POINT('',#3979);
#3979 = CARTESIAN_POINT('',(-307.1129155654,-199.9999990343,
    -39.29574988143));
#3980 = LINE('',#3981,#3982);
#3981 = CARTESIAN_POINT('',(-307.1129144891,-49.99999903439,
    -39.29575202836));
#3982 = VECTOR('',#3983,1.);
#3983 = DIRECTION('',(-7.175189209112E-09,-1.,1.43128484E-08));
#3984 = ORIENTED_EDGE('',*,*,#3985,.T.);
#3985 = EDGE_CURVE('',#3978,#3922,#3986,.T.);
#3986 = LINE('',#3987,#3988);
#3987 = CARTESIAN_POINT('',(-307.1129155654,-199.9999990343,
    -39.29574988143));
#3988 = VECTOR('',#3989,1.);
#3989 = DIRECTION('',(-1.165134869612E-14,-1.431284818E-08,-1.));
#3990 = ORIENTED_EDGE('',*,*,#3919,.F.);
#3991 = ORIENTED_EDGE('',*,*,#3992,.F.);
#3992 = EDGE_CURVE('',#3976,#3920,#3993,.T.);
#3993 = LINE('',#3994,#3995);
#3994 = CARTESIAN_POINT('',(-307.1129144891,-49.99999903439,
    -39.29575202836));
#3995 = VECTOR('',#3996,1.);
#3996 = DIRECTION('',(-1.165134869612E-14,-1.431284818E-08,-1.));
#3997 = PLANE('',#3998);
#3998 = AXIS2_PLACEMENT_3D('',#3999,#4000,#4001);
#3999 = CARTESIAN_POINT('',(-307.1129144891,-49.99999903439,
    -39.29575202836));
#4000 = DIRECTION('',(-1.,7.175189209112E-09,1.15486513023E-14));
#4001 = DIRECTION('',(1.165134869612E-14,1.431284818E-08,1.));
#4002 = ADVANCED_FACE('',(#4003),#4028,.F.);
#4003 = FACE_BOUND('',#4004,.T.);
#4004 = EDGE_LOOP('',(#4005,#4013,#4014,#4022));
#4005 = ORIENTED_EDGE('',*,*,#4006,.F.);
#4006 = EDGE_CURVE('',#3954,#4007,#4009,.T.);
#4007 = VERTEX_POINT('',#4008);
#4008 = CARTESIAN_POINT('',(-332.1129144891,-49.99999885501,
    -39.29575202836));
#4009 = LINE('',#4010,#4011);
#4010 = CARTESIAN_POINT('',(-332.1129144891,-50.00000100194,
    -189.2957520283));
#4011 = VECTOR('',#4012,1.);
#4012 = DIRECTION('',(1.165134869612E-14,1.431284818E-08,1.));
#4013 = ORIENTED_EDGE('',*,*,#3953,.T.);
#4014 = ORIENTED_EDGE('',*,*,#4015,.F.);
#4015 = EDGE_CURVE('',#4016,#3946,#4018,.T.);
#4016 = VERTEX_POINT('',#4017);
#4017 = CARTESIAN_POINT('',(-332.1129148119,-94.99999885501,
    -39.29575138428));
#4018 = LINE('',#4019,#4020);
#4019 = CARTESIAN_POINT('',(-332.1129148119,-94.99999885501,
    -39.29575138428));
#4020 = VECTOR('',#4021,1.);
#4021 = DIRECTION('',(-1.165134869612E-14,-1.431284818E-08,-1.));
#4022 = ORIENTED_EDGE('',*,*,#4023,.F.);
#4023 = EDGE_CURVE('',#4007,#4016,#4024,.T.);
#4024 = LINE('',#4025,#4026);
#4025 = CARTESIAN_POINT('',(-332.1129144891,-49.99999885501,
    -39.29575202836));
#4026 = VECTOR('',#4027,1.);
#4027 = DIRECTION('',(-7.175189209112E-09,-1.,1.43128484E-08));
#4028 = PLANE('',#4029);
#4029 = AXIS2_PLACEMENT_3D('',#4030,#4031,#4032);
#4030 = CARTESIAN_POINT('',(-332.1129144891,-50.00000100194,
    -189.2957520283));
#4031 = DIRECTION('',(1.,-7.175189209112E-09,-1.15486513023E-14));
#4032 = DIRECTION('',(-1.165134869612E-14,-1.431284818E-08,-1.));
#4033 = ADVANCED_FACE('',(#4034),#4091,.F.);
#4034 = FACE_BOUND('',#4035,.T.);
#4035 = EDGE_LOOP('',(#4036,#4044,#4045,#4053,#4061,#4069,#4077,#4085));
#4036 = ORIENTED_EDGE('',*,*,#4037,.F.);
#4037 = EDGE_CURVE('',#3946,#4038,#4040,.T.);
#4038 = VERTEX_POINT('',#4039);
#4039 = CARTESIAN_POINT('',(-424.3377683586,-94.99999979604,
    -151.2766356434));
#4040 = LINE('',#4041,#4042);
#4041 = CARTESIAN_POINT('',(-332.1129148119,-95.00000100194,
    -189.2957513842));
#4042 = VECTOR('',#4043,1.);
#4043 = DIRECTION('',(-0.924522106478,1.208865429784E-08,0.381128422757)
  );
#4044 = ORIENTED_EDGE('',*,*,#3945,.T.);
#4045 = ORIENTED_EDGE('',*,*,#4046,.T.);
#4046 = EDGE_CURVE('',#3938,#4047,#4049,.T.);
#4047 = VERTEX_POINT('',#4048);
#4048 = CARTESIAN_POINT('',(-424.3377687891,-154.999999796,
    -151.2766347846));
#4049 = LINE('',#4050,#4051);
#4050 = CARTESIAN_POINT('',(-332.1129152425,-155.0000010019,
    -189.2957505255));
#4051 = VECTOR('',#4052,1.);
#4052 = DIRECTION('',(-0.924522106478,1.208865429784E-08,0.381128422757)
  );
#4053 = ORIENTED_EDGE('',*,*,#4054,.F.);
#4054 = EDGE_CURVE('',#4055,#4047,#4057,.T.);
#4055 = VERTEX_POINT('',#4056);
#4056 = CARTESIAN_POINT('',(-424.3377686815,-139.999999796,
    -151.2766349993));
#4057 = LINE('',#4058,#4059);
#4058 = CARTESIAN_POINT('',(-424.3377683586,-94.99999979604,
    -151.2766356434));
#4059 = VECTOR('',#4060,1.);
#4060 = DIRECTION('',(-7.175189209112E-09,-1.,1.43128484E-08));
#4061 = ORIENTED_EDGE('',*,*,#4062,.T.);
#4062 = EDGE_CURVE('',#4055,#4063,#4065,.T.);
#4063 = VERTEX_POINT('',#4064);
#4064 = CARTESIAN_POINT('',(-349.7263297712,-140.0000007716,
    -182.0347313522));
#4065 = LINE('',#4066,#4067);
#4066 = CARTESIAN_POINT('',(-416.4476157886,-139.9999998992,
    -154.5293008969));
#4067 = VECTOR('',#4068,1.);
#4068 = DIRECTION('',(0.924522106478,-1.208865437784E-08,-0.381128422757
    ));
#4069 = ORIENTED_EDGE('',*,*,#4070,.T.);
#4070 = EDGE_CURVE('',#4063,#4071,#4073,.T.);
#4071 = VERTEX_POINT('',#4072);
#4072 = CARTESIAN_POINT('',(-349.7263295559,-110.0000007716,
    -182.0347317816));
#4073 = LINE('',#4074,#4075);
#4074 = CARTESIAN_POINT('',(-349.7263296097,-117.5000007716,
    -182.0347316743));
#4075 = VECTOR('',#4076,1.);
#4076 = DIRECTION('',(7.175189209112E-09,1.,-1.43128484E-08));
#4077 = ORIENTED_EDGE('',*,*,#4078,.T.);
#4078 = EDGE_CURVE('',#4071,#4079,#4081,.T.);
#4079 = VERTEX_POINT('',#4080);
#4080 = CARTESIAN_POINT('',(-424.3377684662,-109.999999796,
    -151.2766354287));
#4081 = LINE('',#4082,#4083);
#4082 = CARTESIAN_POINT('',(-370.472014415,-110.0000005003,
    -173.4824536977));
#4083 = VECTOR('',#4084,1.);
#4084 = DIRECTION('',(-0.924522106478,1.208865437784E-08,0.381128422757)
  );
#4085 = ORIENTED_EDGE('',*,*,#4086,.F.);
#4086 = EDGE_CURVE('',#4038,#4079,#4087,.T.);
#4087 = LINE('',#4088,#4089);
#4088 = CARTESIAN_POINT('',(-424.3377683586,-94.99999979604,
    -151.2766356434));
#4089 = VECTOR('',#4090,1.);
#4090 = DIRECTION('',(-7.175189209112E-09,-1.,1.43128484E-08));
#4091 = PLANE('',#4092);
#4092 = AXIS2_PLACEMENT_3D('',#4093,#4094,#4095);
#4093 = CARTESIAN_POINT('',(-332.1129148119,-95.00000100194,
    -189.2957513842));
#4094 = DIRECTION('',(0.381128422757,1.049787620622E-08,0.924522106478)
  );
#4095 = DIRECTION('',(0.924522106478,-1.208865429784E-08,-0.381128422757
    ));
#4096 = ADVANCED_FACE('',(#4097),#4122,.F.);
#4097 = FACE_BOUND('',#4098,.T.);
#4098 = EDGE_LOOP('',(#4099,#4107,#4108,#4116));
#4099 = ORIENTED_EDGE('',*,*,#4100,.T.);
#4100 = EDGE_CURVE('',#4101,#3938,#4103,.T.);
#4101 = VERTEX_POINT('',#4102);
#4102 = CARTESIAN_POINT('',(-332.1129152425,-154.999998855,
    -39.29575052551));
#4103 = LINE('',#4104,#4105);
#4104 = CARTESIAN_POINT('',(-332.1129152425,-154.999998855,
    -39.29575052551));
#4105 = VECTOR('',#4106,1.);
#4106 = DIRECTION('',(-1.165134869612E-14,-1.431284818E-08,-1.));
#4107 = ORIENTED_EDGE('',*,*,#3937,.T.);
#4108 = ORIENTED_EDGE('',*,*,#4109,.T.);
#4109 = EDGE_CURVE('',#3930,#4110,#4112,.T.);
#4110 = VERTEX_POINT('',#4111);
#4111 = CARTESIAN_POINT('',(-332.1129155653,-199.999998855,
    -39.29574988143));
#4112 = LINE('',#4113,#4114);
#4113 = CARTESIAN_POINT('',(-332.1129155653,-200.0000010019,
    -189.2957498814));
#4114 = VECTOR('',#4115,1.);
#4115 = DIRECTION('',(1.165134869612E-14,1.431284818E-08,1.));
#4116 = ORIENTED_EDGE('',*,*,#4117,.F.);
#4117 = EDGE_CURVE('',#4101,#4110,#4118,.T.);
#4118 = LINE('',#4119,#4120);
#4119 = CARTESIAN_POINT('',(-332.1129144891,-49.99999885501,
    -39.29575202836));
#4120 = VECTOR('',#4121,1.);
#4121 = DIRECTION('',(-7.175189209112E-09,-1.,1.43128484E-08));
#4122 = PLANE('',#4123);
#4123 = AXIS2_PLACEMENT_3D('',#4124,#4125,#4126);
#4124 = CARTESIAN_POINT('',(-332.1129144891,-50.00000100194,
    -189.2957520283));
#4125 = DIRECTION('',(1.,-7.175189209112E-09,-1.15486513023E-14));
#4126 = DIRECTION('',(-1.165134869612E-14,-1.431284818E-08,-1.));
#4127 = ADVANCED_FACE('',(#4128),#4139,.T.);
#4128 = FACE_BOUND('',#4129,.T.);
#4129 = EDGE_LOOP('',(#4130,#4131,#4132,#4138));
#4130 = ORIENTED_EDGE('',*,*,#3961,.T.);
#4131 = ORIENTED_EDGE('',*,*,#4006,.T.);
#4132 = ORIENTED_EDGE('',*,*,#4133,.T.);
#4133 = EDGE_CURVE('',#4007,#3976,#4134,.T.);
#4134 = LINE('',#4135,#4136);
#4135 = CARTESIAN_POINT('',(-332.1129144891,-49.99999885501,
    -39.29575202836));
#4136 = VECTOR('',#4137,1.);
#4137 = DIRECTION('',(1.,-7.175189209112E-09,-1.15486513023E-14));
#4138 = ORIENTED_EDGE('',*,*,#3992,.T.);
#4139 = PLANE('',#4140);
#4140 = AXIS2_PLACEMENT_3D('',#4141,#4142,#4143);
#4141 = CARTESIAN_POINT('',(-319.6129144891,-50.00000001816,
    -114.2957520283));
#4142 = DIRECTION('',(7.175189209112E-09,1.,-1.431284796E-08));
#4143 = DIRECTION('',(-1.165134869454E-14,-1.431284796E-08,-1.));
#4144 = ADVANCED_FACE('',(#4145),#4156,.F.);
#4145 = FACE_BOUND('',#4146,.F.);
#4146 = EDGE_LOOP('',(#4147,#4148,#4149,#4155));
#4147 = ORIENTED_EDGE('',*,*,#3929,.T.);
#4148 = ORIENTED_EDGE('',*,*,#4109,.T.);
#4149 = ORIENTED_EDGE('',*,*,#4150,.T.);
#4150 = EDGE_CURVE('',#4110,#3978,#4151,.T.);
#4151 = LINE('',#4152,#4153);
#4152 = CARTESIAN_POINT('',(-332.1129155653,-199.999998855,
    -39.29574988143));
#4153 = VECTOR('',#4154,1.);
#4154 = DIRECTION('',(1.,-7.175189209112E-09,-1.15486513023E-14));
#4155 = ORIENTED_EDGE('',*,*,#3985,.T.);
#4156 = PLANE('',#4157);
#4157 = AXIS2_PLACEMENT_3D('',#4158,#4159,#4160);
#4158 = CARTESIAN_POINT('',(-319.6129155653,-200.0000000181,
    -114.2957498814));
#4159 = DIRECTION('',(7.175189209112E-09,1.,-1.431284796E-08));
#4160 = DIRECTION('',(-1.165134869454E-14,-1.431284796E-08,-1.));
#4161 = ADVANCED_FACE('',(#4162),#4175,.F.);
#4162 = FACE_BOUND('',#4163,.T.);
#4163 = EDGE_LOOP('',(#4164,#4165,#4171,#4172,#4173,#4174));
#4164 = ORIENTED_EDGE('',*,*,#4023,.T.);
#4165 = ORIENTED_EDGE('',*,*,#4166,.T.);
#4166 = EDGE_CURVE('',#4016,#4101,#4167,.T.);
#4167 = LINE('',#4168,#4169);
#4168 = CARTESIAN_POINT('',(-332.1129148119,-94.99999885501,
    -39.29575138428));
#4169 = VECTOR('',#4170,1.);
#4170 = DIRECTION('',(-7.175189209112E-09,-1.,1.43128484E-08));
#4171 = ORIENTED_EDGE('',*,*,#4117,.T.);
#4172 = ORIENTED_EDGE('',*,*,#4150,.T.);
#4173 = ORIENTED_EDGE('',*,*,#3975,.F.);
#4174 = ORIENTED_EDGE('',*,*,#4133,.F.);
#4175 = PLANE('',#4176);
#4176 = AXIS2_PLACEMENT_3D('',#4177,#4178,#4179);
#4177 = CARTESIAN_POINT('',(-332.1129144891,-49.99999885501,
    -39.29575202836));
#4178 = DIRECTION('',(-1.16513486977E-14,-1.43128484E-08,-1.));
#4179 = DIRECTION('',(-1.,7.175189209112E-09,1.15486513023E-14));
#4180 = ADVANCED_FACE('',(#4181,#4200),#4211,.T.);
#4181 = FACE_BOUND('',#4182,.T.);
#4182 = EDGE_LOOP('',(#4183,#4192,#4198,#4199));
#4183 = ORIENTED_EDGE('',*,*,#4184,.T.);
#4184 = EDGE_CURVE('',#4038,#4185,#4187,.T.);
#4185 = VERTEX_POINT('',#4186);
#4186 = CARTESIAN_POINT('',(-424.3377683586,-94.99999873744,
    -77.31486712515));
#4187 = CIRCLE('',#4188,40.);
#4188 = AXIS2_PLACEMENT_3D('',#4189,#4190,#4191);
#4189 = CARTESIAN_POINT('',(-409.0926314483,-94.99999937613,
    -114.2957513842));
#4190 = DIRECTION('',(7.175189209112E-09,1.,-1.431284818E-08));
#4191 = DIRECTION('',(-1.,7.175189209112E-09,1.15486513023E-14));
#4192 = ORIENTED_EDGE('',*,*,#4193,.T.);
#4193 = EDGE_CURVE('',#4185,#4016,#4194,.T.);
#4194 = LINE('',#4195,#4196);
#4195 = CARTESIAN_POINT('',(-424.3377683586,-94.99999873744,
    -77.31486712515));
#4196 = VECTOR('',#4197,1.);
#4197 = DIRECTION('',(0.924522106478,-1.178587786134E-09,0.381128422757)
  );
#4198 = ORIENTED_EDGE('',*,*,#4015,.T.);
#4199 = ORIENTED_EDGE('',*,*,#4037,.T.);
#4200 = FACE_BOUND('',#4201,.F.);
#4201 = EDGE_LOOP('',(#4202));
#4202 = ORIENTED_EDGE('',*,*,#4203,.T.);
#4203 = EDGE_CURVE('',#4204,#4204,#4206,.T.);
#4204 = VERTEX_POINT('',#4205);
#4205 = CARTESIAN_POINT('',(-429.0926314483,-94.99999923263,
    -114.2957513842));
#4206 = CIRCLE('',#4207,20.);
#4207 = AXIS2_PLACEMENT_3D('',#4208,#4209,#4210);
#4208 = CARTESIAN_POINT('',(-409.0926314483,-94.99999937613,
    -114.2957513842));
#4209 = DIRECTION('',(7.175189209112E-09,1.,-1.431284818E-08));
#4210 = DIRECTION('',(-1.,7.175189209112E-09,1.15486513023E-14));
#4211 = PLANE('',#4212);
#4212 = AXIS2_PLACEMENT_3D('',#4213,#4214,#4215);
#4213 = CARTESIAN_POINT('',(-381.640100821,-94.99999957311,
    -114.2957513842));
#4214 = DIRECTION('',(7.175189209112E-09,1.,-1.431284796E-08));
#4215 = DIRECTION('',(-1.165134869454E-14,-1.431284796E-08,-1.));
#4216 = ADVANCED_FACE('',(#4217),#4236,.T.);
#4217 = FACE_BOUND('',#4218,.F.);
#4218 = EDGE_LOOP('',(#4219,#4227,#4234,#4235));
#4219 = ORIENTED_EDGE('',*,*,#4220,.T.);
#4220 = EDGE_CURVE('',#4185,#4221,#4223,.T.);
#4221 = VERTEX_POINT('',#4222);
#4222 = CARTESIAN_POINT('',(-424.3377684662,-109.9999987374,
    -77.31486691046));
#4223 = LINE('',#4224,#4225);
#4224 = CARTESIAN_POINT('',(-424.3377683586,-94.99999873744,
    -77.31486712515));
#4225 = VECTOR('',#4226,1.);
#4226 = DIRECTION('',(-7.175189209112E-09,-1.,1.43128484E-08));
#4227 = ORIENTED_EDGE('',*,*,#4228,.T.);
#4228 = EDGE_CURVE('',#4221,#4079,#4229,.T.);
#4229 = CIRCLE('',#4230,40.);
#4230 = AXIS2_PLACEMENT_3D('',#4231,#4232,#4233);
#4231 = CARTESIAN_POINT('',(-409.0926315559,-109.9999993761,
    -114.2957511695));
#4232 = DIRECTION('',(-7.175189209112E-09,-1.,1.431284818E-08));
#4233 = DIRECTION('',(-1.,7.175189209112E-09,1.15486513023E-14));
#4234 = ORIENTED_EDGE('',*,*,#4086,.F.);
#4235 = ORIENTED_EDGE('',*,*,#4184,.T.);
#4236 = CYLINDRICAL_SURFACE('',#4237,40.);
#4237 = AXIS2_PLACEMENT_3D('',#4238,#4239,#4240);
#4238 = CARTESIAN_POINT('',(-409.0926314483,-94.99999937613,
    -114.2957513842));
#4239 = DIRECTION('',(7.175189209112E-09,1.,-1.431284818E-08));
#4240 = DIRECTION('',(-1.,7.175189209112E-09,1.15486513023E-14));
#4241 = ADVANCED_FACE('',(#4242,#4260),#4271,.T.);
#4242 = FACE_BOUND('',#4243,.F.);
#4243 = EDGE_LOOP('',(#4244,#4252,#4258,#4259));
#4244 = ORIENTED_EDGE('',*,*,#4245,.T.);
#4245 = EDGE_CURVE('',#4221,#4246,#4248,.T.);
#4246 = VERTEX_POINT('',#4247);
#4247 = CARTESIAN_POINT('',(-349.7263295559,-109.9999988325,
    -46.55677055753));
#4248 = LINE('',#4249,#4250);
#4249 = CARTESIAN_POINT('',(-381.3482759637,-109.9999987922,
    -59.59271904859));
#4250 = VECTOR('',#4251,1.);
#4251 = DIRECTION('',(0.924522106478,-1.178587706134E-09,0.381128422757)
  );
#4252 = ORIENTED_EDGE('',*,*,#4253,.T.);
#4253 = EDGE_CURVE('',#4246,#4071,#4254,.T.);
#4254 = LINE('',#4255,#4256);
#4255 = CARTESIAN_POINT('',(-349.7263295559,-109.9999983708,
    -14.29575116959));
#4256 = VECTOR('',#4257,1.);
#4257 = DIRECTION('',(-1.16513486977E-14,-1.43128484E-08,-1.));
#4258 = ORIENTED_EDGE('',*,*,#4078,.T.);
#4259 = ORIENTED_EDGE('',*,*,#4228,.F.);
#4260 = FACE_BOUND('',#4261,.F.);
#4261 = EDGE_LOOP('',(#4262));
#4262 = ORIENTED_EDGE('',*,*,#4263,.T.);
#4263 = EDGE_CURVE('',#4264,#4264,#4266,.T.);
#4264 = VERTEX_POINT('',#4265);
#4265 = CARTESIAN_POINT('',(-429.0926315559,-109.9999992326,
    -114.2957511695));
#4266 = CIRCLE('',#4267,20.);
#4267 = AXIS2_PLACEMENT_3D('',#4268,#4269,#4270);
#4268 = CARTESIAN_POINT('',(-409.0926315559,-109.9999993761,
    -114.2957511695));
#4269 = DIRECTION('',(-7.175189209112E-09,-1.,1.431284818E-08));
#4270 = DIRECTION('',(-1.,7.175189209112E-09,1.15486513023E-14));
#4271 = PLANE('',#4272);
#4272 = AXIS2_PLACEMENT_3D('',#4273,#4274,#4275);
#4273 = CARTESIAN_POINT('',(-349.7263295559,-109.9999983708,
    -14.29575116959));
#4274 = DIRECTION('',(-7.175189209112E-09,-1.,1.43128484E-08));
#4275 = DIRECTION('',(1.,-7.175189209112E-09,-1.15486513023E-14));
#4276 = ADVANCED_FACE('',(#4277),#4295,.T.);
#4277 = FACE_BOUND('',#4278,.F.);
#4278 = EDGE_LOOP('',(#4279,#4287,#4293,#4294));
#4279 = ORIENTED_EDGE('',*,*,#4280,.T.);
#4280 = EDGE_CURVE('',#4246,#4281,#4283,.T.);
#4281 = VERTEX_POINT('',#4282);
#4282 = CARTESIAN_POINT('',(-349.7263297712,-139.9999988325,
    -46.55677012814));
#4283 = LINE('',#4284,#4285);
#4284 = CARTESIAN_POINT('',(-349.7263296097,-117.4999988325,
    -46.55677045018));
#4285 = VECTOR('',#4286,1.);
#4286 = DIRECTION('',(-7.175189209112E-09,-1.,1.43128484E-08));
#4287 = ORIENTED_EDGE('',*,*,#4288,.T.);
#4288 = EDGE_CURVE('',#4281,#4063,#4289,.T.);
#4289 = LINE('',#4290,#4291);
#4290 = CARTESIAN_POINT('',(-349.7263297712,-139.9999983708,
    -14.2957507402));
#4291 = VECTOR('',#4292,1.);
#4292 = DIRECTION('',(-1.16513486977E-14,-1.43128484E-08,-1.));
#4293 = ORIENTED_EDGE('',*,*,#4070,.T.);
#4294 = ORIENTED_EDGE('',*,*,#4253,.F.);
#4295 = PLANE('',#4296);
#4296 = AXIS2_PLACEMENT_3D('',#4297,#4298,#4299);
#4297 = CARTESIAN_POINT('',(-349.7263297712,-139.9999983708,
    -14.2957507402));
#4298 = DIRECTION('',(-1.,7.175189209112E-09,1.15486513023E-14));
#4299 = DIRECTION('',(-7.175189209112E-09,-1.,1.43128484E-08));
#4300 = ADVANCED_FACE('',(#4301,#4320),#4331,.T.);
#4301 = FACE_BOUND('',#4302,.F.);
#4302 = EDGE_LOOP('',(#4303,#4304,#4312,#4319));
#4303 = ORIENTED_EDGE('',*,*,#4288,.F.);
#4304 = ORIENTED_EDGE('',*,*,#4305,.T.);
#4305 = EDGE_CURVE('',#4281,#4306,#4308,.T.);
#4306 = VERTEX_POINT('',#4307);
#4307 = CARTESIAN_POINT('',(-424.3377686815,-139.9999987374,
    -77.31486648107));
#4308 = LINE('',#4309,#4310);
#4309 = CARTESIAN_POINT('',(-427.3238773373,-139.9999987336,
    -78.54587099056));
#4310 = VECTOR('',#4311,1.);
#4311 = DIRECTION('',(-0.924522106478,1.178587706134E-09,-0.381128422757
    ));
#4312 = ORIENTED_EDGE('',*,*,#4313,.T.);
#4313 = EDGE_CURVE('',#4306,#4055,#4314,.T.);
#4314 = CIRCLE('',#4315,40.);
#4315 = AXIS2_PLACEMENT_3D('',#4316,#4317,#4318);
#4316 = CARTESIAN_POINT('',(-409.0926317712,-139.9999993761,
    -114.2957507402));
#4317 = DIRECTION('',(-7.175189209112E-09,-1.,1.431284818E-08));
#4318 = DIRECTION('',(-1.,7.175189209112E-09,1.15486513023E-14));
#4319 = ORIENTED_EDGE('',*,*,#4062,.T.);
#4320 = FACE_BOUND('',#4321,.F.);
#4321 = EDGE_LOOP('',(#4322));
#4322 = ORIENTED_EDGE('',*,*,#4323,.F.);
#4323 = EDGE_CURVE('',#4324,#4324,#4326,.T.);
#4324 = VERTEX_POINT('',#4325);
#4325 = CARTESIAN_POINT('',(-429.0926317712,-139.9999992326,
    -114.2957507402));
#4326 = CIRCLE('',#4327,20.);
#4327 = AXIS2_PLACEMENT_3D('',#4328,#4329,#4330);
#4328 = CARTESIAN_POINT('',(-409.0926317712,-139.9999993761,
    -114.2957507402));
#4329 = DIRECTION('',(-7.175189209112E-09,-1.,1.431284818E-08));
#4330 = DIRECTION('',(-1.,7.175189209112E-09,1.15486513023E-14));
#4331 = PLANE('',#4332);
#4332 = AXIS2_PLACEMENT_3D('',#4333,#4334,#4335);
#4333 = CARTESIAN_POINT('',(-457.3041677712,-139.9999975989,
    -14.2957507402));
#4334 = DIRECTION('',(7.175189209112E-09,1.,-1.43128484E-08));
#4335 = DIRECTION('',(-1.,7.175189209112E-09,1.15486513023E-14));
#4336 = ADVANCED_FACE('',(#4337),#4356,.T.);
#4337 = FACE_BOUND('',#4338,.F.);
#4338 = EDGE_LOOP('',(#4339,#4347,#4354,#4355));
#4339 = ORIENTED_EDGE('',*,*,#4340,.T.);
#4340 = EDGE_CURVE('',#4306,#4341,#4343,.T.);
#4341 = VERTEX_POINT('',#4342);
#4342 = CARTESIAN_POINT('',(-424.3377687891,-154.9999987374,
    -77.31486626638));
#4343 = LINE('',#4344,#4345);
#4344 = CARTESIAN_POINT('',(-424.3377683586,-94.99999873744,
    -77.31486712515));
#4345 = VECTOR('',#4346,1.);
#4346 = DIRECTION('',(-7.175189209112E-09,-1.,1.43128484E-08));
#4347 = ORIENTED_EDGE('',*,*,#4348,.F.);
#4348 = EDGE_CURVE('',#4047,#4341,#4349,.T.);
#4349 = CIRCLE('',#4350,40.);
#4350 = AXIS2_PLACEMENT_3D('',#4351,#4352,#4353);
#4351 = CARTESIAN_POINT('',(-409.0926318788,-154.9999993761,
    -114.2957505255));
#4352 = DIRECTION('',(7.175189209112E-09,1.,-1.431284818E-08));
#4353 = DIRECTION('',(-1.,7.175189209112E-09,1.15486513023E-14));
#4354 = ORIENTED_EDGE('',*,*,#4054,.F.);
#4355 = ORIENTED_EDGE('',*,*,#4313,.F.);
#4356 = CYLINDRICAL_SURFACE('',#4357,40.);
#4357 = AXIS2_PLACEMENT_3D('',#4358,#4359,#4360);
#4358 = CARTESIAN_POINT('',(-409.0926314483,-94.99999937613,
    -114.2957513842));
#4359 = DIRECTION('',(7.175189209112E-09,1.,-1.431284818E-08));
#4360 = DIRECTION('',(-1.,7.175189209112E-09,1.15486513023E-14));
#4361 = ADVANCED_FACE('',(#4362,#4373),#4384,.F.);
#4362 = FACE_BOUND('',#4363,.F.);
#4363 = EDGE_LOOP('',(#4364,#4365,#4371,#4372));
#4364 = ORIENTED_EDGE('',*,*,#4348,.T.);
#4365 = ORIENTED_EDGE('',*,*,#4366,.T.);
#4366 = EDGE_CURVE('',#4341,#4101,#4367,.T.);
#4367 = LINE('',#4368,#4369);
#4368 = CARTESIAN_POINT('',(-424.3377687891,-154.9999987374,
    -77.31486626638));
#4369 = VECTOR('',#4370,1.);
#4370 = DIRECTION('',(0.924522106478,-1.178587786134E-09,0.381128422757)
  );
#4371 = ORIENTED_EDGE('',*,*,#4100,.T.);
#4372 = ORIENTED_EDGE('',*,*,#4046,.T.);
#4373 = FACE_BOUND('',#4374,.T.);
#4374 = EDGE_LOOP('',(#4375));
#4375 = ORIENTED_EDGE('',*,*,#4376,.T.);
#4376 = EDGE_CURVE('',#4377,#4377,#4379,.T.);
#4377 = VERTEX_POINT('',#4378);
#4378 = CARTESIAN_POINT('',(-429.0926318788,-154.9999992326,
    -114.2957505255));
#4379 = CIRCLE('',#4380,20.);
#4380 = AXIS2_PLACEMENT_3D('',#4381,#4382,#4383);
#4381 = CARTESIAN_POINT('',(-409.0926318788,-154.9999993761,
    -114.2957505255));
#4382 = DIRECTION('',(7.175189209112E-09,1.,-1.431284818E-08));
#4383 = DIRECTION('',(-1.,7.175189209112E-09,1.15486513023E-14));
#4384 = PLANE('',#4385);
#4385 = AXIS2_PLACEMENT_3D('',#4386,#4387,#4388);
#4386 = CARTESIAN_POINT('',(-381.6401012516,-154.9999995731,
    -114.2957505255));
#4387 = DIRECTION('',(7.175189209112E-09,1.,-1.431284796E-08));
#4388 = DIRECTION('',(-1.165134869454E-14,-1.431284796E-08,-1.));
#4389 = ADVANCED_FACE('',(#4390),#4400,.F.);
#4390 = FACE_BOUND('',#4391,.T.);
#4391 = EDGE_LOOP('',(#4392,#4393,#4394,#4395,#4396,#4397,#4398,#4399));
#4392 = ORIENTED_EDGE('',*,*,#4193,.F.);
#4393 = ORIENTED_EDGE('',*,*,#4220,.T.);
#4394 = ORIENTED_EDGE('',*,*,#4245,.T.);
#4395 = ORIENTED_EDGE('',*,*,#4280,.T.);
#4396 = ORIENTED_EDGE('',*,*,#4305,.T.);
#4397 = ORIENTED_EDGE('',*,*,#4340,.T.);
#4398 = ORIENTED_EDGE('',*,*,#4366,.T.);
#4399 = ORIENTED_EDGE('',*,*,#4166,.F.);
#4400 = PLANE('',#4401);
#4401 = AXIS2_PLACEMENT_3D('',#4402,#4403,#4404);
#4402 = CARTESIAN_POINT('',(-424.3377683586,-94.99999873744,
    -77.31486712515));
#4403 = DIRECTION('',(0.381128422757,-1.596721329872E-08,-0.924522106478
    ));
#4404 = DIRECTION('',(-0.924522106478,1.178587786134E-09,-0.381128422757
    ));
#4405 = ADVANCED_FACE('',(#4406),#4417,.F.);
#4406 = FACE_BOUND('',#4407,.T.);
#4407 = EDGE_LOOP('',(#4408,#4414,#4415,#4416));
#4408 = ORIENTED_EDGE('',*,*,#4409,.T.);
#4409 = EDGE_CURVE('',#4204,#4264,#4410,.T.);
#4410 = LINE('',#4411,#4412);
#4411 = CARTESIAN_POINT('',(-429.0926314483,-94.99999923263,
    -114.2957513842));
#4412 = VECTOR('',#4413,1.);
#4413 = DIRECTION('',(-7.175189209112E-09,-1.,1.43128484E-08));
#4414 = ORIENTED_EDGE('',*,*,#4263,.T.);
#4415 = ORIENTED_EDGE('',*,*,#4409,.F.);
#4416 = ORIENTED_EDGE('',*,*,#4203,.T.);
#4417 = CYLINDRICAL_SURFACE('',#4418,20.);
#4418 = AXIS2_PLACEMENT_3D('',#4419,#4420,#4421);
#4419 = CARTESIAN_POINT('',(-409.0926314483,-94.99999937613,
    -114.2957513842));
#4420 = DIRECTION('',(7.175189209112E-09,1.,-1.431284818E-08));
#4421 = DIRECTION('',(-1.,7.175189209112E-09,1.15486513023E-14));
#4422 = ADVANCED_FACE('',(#4423),#4434,.F.);
#4423 = FACE_BOUND('',#4424,.T.);
#4424 = EDGE_LOOP('',(#4425,#4431,#4432,#4433));
#4425 = ORIENTED_EDGE('',*,*,#4426,.T.);
#4426 = EDGE_CURVE('',#4324,#4377,#4427,.T.);
#4427 = LINE('',#4428,#4429);
#4428 = CARTESIAN_POINT('',(-429.0926314483,-94.99999923263,
    -114.2957513842));
#4429 = VECTOR('',#4430,1.);
#4430 = DIRECTION('',(-7.175189209112E-09,-1.,1.43128484E-08));
#4431 = ORIENTED_EDGE('',*,*,#4376,.F.);
#4432 = ORIENTED_EDGE('',*,*,#4426,.F.);
#4433 = ORIENTED_EDGE('',*,*,#4323,.F.);
#4434 = CYLINDRICAL_SURFACE('',#4435,20.);
#4435 = AXIS2_PLACEMENT_3D('',#4436,#4437,#4438);
#4436 = CARTESIAN_POINT('',(-409.0926314483,-94.99999937613,
    -114.2957513842));
#4437 = DIRECTION('',(7.175189209112E-09,1.,-1.431284818E-08));
#4438 = DIRECTION('',(-1.,7.175189209112E-09,1.15486513023E-14));
#4439 = ( GEOMETRIC_REPRESENTATION_CONTEXT(3) 
GLOBAL_UNCERTAINTY_ASSIGNED_CONTEXT((#4443)) 
GLOBAL_UNIT_ASSIGNED_CONTEXT((#4440,#4441,#4442)) REPRESENTATION_CONTEXT
('Context #1','3D Context with UNIT and UNCERTAINTY') );
#4440 = ( LENGTH_UNIT() NAMED_UNIT(*) SI_UNIT(.MILLI.,.METRE.) );
#4441 = ( NAMED_UNIT(*) PLANE_ANGLE_UNIT() SI_UNIT($,.RADIAN.) );
#4442 = ( NAMED_UNIT(*) SI_UNIT($,.STERADIAN.) SOLID_ANGLE_UNIT() );
#4443 = UNCERTAINTY_MEASURE_WITH_UNIT(LENGTH_MEASURE(1.E-07),#4440,
  'distance_accuracy_value','confusion accuracy');
#4444 = CONTEXT_DEPENDENT_SHAPE_REPRESENTATION(#4445,#4447);
#4445 = ( REPRESENTATION_RELATIONSHIP('','',#3912,#10) 
REPRESENTATION_RELATIONSHIP_WITH_TRANSFORMATION(#4446) 
SHAPE_REPRESENTATION_RELATIONSHIP() );
#4446 = ITEM_DEFINED_TRANSFORMATION('','',#11,#23);
#4447 = PRODUCT_DEFINITION_SHAPE('Placement','Placement of an item',
  #4448);
#4448 = NEXT_ASSEMBLY_USAGE_OCCURRENCE('7',
  'cylinder_bracket001 (mirrored)','',#5,#3907,$);
#4449 = PRODUCT_RELATED_PRODUCT_CATEGORY('part',$,(#3909));
#4450 = MECHANICAL_DESIGN_GEOMETRIC_PRESENTATION_REPRESENTATION('',(
    #4451,#4462,#4471,#4480,#4489),#3894);
#4451 = STYLED_ITEM('color',(#4452),#2919);
#4452 = PRESENTATION_STYLE_ASSIGNMENT((#4453,#4459));
#4453 = SURFACE_STYLE_USAGE(.BOTH.,#4454);
#4454 = SURFACE_SIDE_STYLE('',(#4455));
#4455 = SURFACE_STYLE_FILL_AREA(#4456);
#4456 = FILL_AREA_STYLE('',(#4457));
#4457 = FILL_AREA_STYLE_COLOUR('',#4458);
#4458 = COLOUR_RGB('',0.800000010877,0.800000010877,0.800000010877);
#4459 = CURVE_STYLE('',#4460,POSITIVE_LENGTH_MEASURE(0.1),#4461);
#4460 = DRAUGHTING_PRE_DEFINED_CURVE_FONT('continuous');
#4461 = COLOUR_RGB('',9.803921802644E-02,9.803921802644E-02,
  9.803921802644E-02);
#4462 = STYLED_ITEM('color',(#4463),#3114);
#4463 = PRESENTATION_STYLE_ASSIGNMENT((#4464,#4469));
#4464 = SURFACE_STYLE_USAGE(.BOTH.,#4465);
#4465 = SURFACE_SIDE_STYLE('',(#4466));
#4466 = SURFACE_STYLE_FILL_AREA(#4467);
#4467 = FILL_AREA_STYLE('',(#4468));
#4468 = FILL_AREA_STYLE_COLOUR('',#4458);
#4469 = CURVE_STYLE('',#4470,POSITIVE_LENGTH_MEASURE(0.1),#4461);
#4470 = DRAUGHTING_PRE_DEFINED_CURVE_FONT('continuous');
#4471 = STYLED_ITEM('color',(#4472),#3309);
#4472 = PRESENTATION_STYLE_ASSIGNMENT((#4473,#4478));
#4473 = SURFACE_STYLE_USAGE(.BOTH.,#4474);
#4474 = SURFACE_SIDE_STYLE('',(#4475));
#4475 = SURFACE_STYLE_FILL_AREA(#4476);
#4476 = FILL_AREA_STYLE('',(#4477));
#4477 = FILL_AREA_STYLE_COLOUR('',#4458);
#4478 = CURVE_STYLE('',#4479,POSITIVE_LENGTH_MEASURE(0.1),#4461);
#4479 = DRAUGHTING_PRE_DEFINED_CURVE_FONT('continuous');
#4480 = STYLED_ITEM('color',(#4481),#3504);
#4481 = PRESENTATION_STYLE_ASSIGNMENT((#4482,#4487));
#4482 = SURFACE_STYLE_USAGE(.BOTH.,#4483);
#4483 = SURFACE_SIDE_STYLE('',(#4484));
#4484 = SURFACE_STYLE_FILL_AREA(#4485);
#4485 = FILL_AREA_STYLE('',(#4486));
#4486 = FILL_AREA_STYLE_COLOUR('',#4458);
#4487 = CURVE_STYLE('',#4488,POSITIVE_LENGTH_MEASURE(0.1),#4461);
#4488 = DRAUGHTING_PRE_DEFINED_CURVE_FONT('continuous');
#4489 = STYLED_ITEM('color',(#4490),#3699);
#4490 = PRESENTATION_STYLE_ASSIGNMENT((#4491,#4496));
#4491 = SURFACE_STYLE_USAGE(.BOTH.,#4492);
#4492 = SURFACE_SIDE_STYLE('',(#4493));
#4493 = SURFACE_STYLE_FILL_AREA(#4494);
#4494 = FILL_AREA_STYLE('',(#4495));
#4495 = FILL_AREA_STYLE_COLOUR('',#4458);
#4496 = CURVE_STYLE('',#4497,POSITIVE_LENGTH_MEASURE(0.1),#4461);
#4497 = DRAUGHTING_PRE_DEFINED_CURVE_FONT('continuous');
#4498 = MECHANICAL_DESIGN_GEOMETRIC_PRESENTATION_REPRESENTATION('',(
    #4499),#2900);
#4499 = STYLED_ITEM('color',(#4500),#2847);
#4500 = PRESENTATION_STYLE_ASSIGNMENT((#4501,#4506));
#4501 = SURFACE_STYLE_USAGE(.BOTH.,#4502);
#4502 = SURFACE_SIDE_STYLE('',(#4503));
#4503 = SURFACE_STYLE_FILL_AREA(#4504);
#4504 = FILL_AREA_STYLE('',(#4505));
#4505 = FILL_AREA_STYLE_COLOUR('',#4458);
#4506 = CURVE_STYLE('',#4507,POSITIVE_LENGTH_MEASURE(0.1),#4461);
#4507 = DRAUGHTING_PRE_DEFINED_CURVE_FONT('continuous');
#4508 = MECHANICAL_DESIGN_GEOMETRIC_PRESENTATION_REPRESENTATION('',(
    #4509),#2828);
#4509 = STYLED_ITEM('color',(#4510),#2775);
#4510 = PRESENTATION_STYLE_ASSIGNMENT((#4511,#4516));
#4511 = SURFACE_STYLE_USAGE(.BOTH.,#4512);
#4512 = SURFACE_SIDE_STYLE('',(#4513));
#4513 = SURFACE_STYLE_FILL_AREA(#4514);
#4514 = FILL_AREA_STYLE('',(#4515));
#4515 = FILL_AREA_STYLE_COLOUR('',#4458);
#4516 = CURVE_STYLE('',#4517,POSITIVE_LENGTH_MEASURE(0.1),#4461);
#4517 = DRAUGHTING_PRE_DEFINED_CURVE_FONT('continuous');
#4518 = MECHANICAL_DESIGN_GEOMETRIC_PRESENTATION_REPRESENTATION('',(
    #4519),#4439);
#4519 = STYLED_ITEM('color',(#4520),#3913);
#4520 = PRESENTATION_STYLE_ASSIGNMENT((#4521,#4527));
#4521 = SURFACE_STYLE_USAGE(.BOTH.,#4522);
#4522 = SURFACE_SIDE_STYLE('',(#4523));
#4523 = SURFACE_STYLE_FILL_AREA(#4524);
#4524 = FILL_AREA_STYLE('',(#4525));
#4525 = FILL_AREA_STYLE_COLOUR('',#4526);
#4526 = DRAUGHTING_PRE_DEFINED_COLOUR('red');
#4527 = CURVE_STYLE('',#4528,POSITIVE_LENGTH_MEASURE(0.1),#4461);
#4528 = DRAUGHTING_PRE_DEFINED_CURVE_FONT('continuous');
#4529 = MECHANICAL_DESIGN_GEOMETRIC_PRESENTATION_REPRESENTATION('',(
    #4530),#2756);
#4530 = STYLED_ITEM('color',(#4531),#2703);
#4531 = PRESENTATION_STYLE_ASSIGNMENT((#4532,#4537));
#4532 = SURFACE_STYLE_USAGE(.BOTH.,#4533);
#4533 = SURFACE_SIDE_STYLE('',(#4534));
#4534 = SURFACE_STYLE_FILL_AREA(#4535);
#4535 = FILL_AREA_STYLE('',(#4536));
#4536 = FILL_AREA_STYLE_COLOUR('',#4458);
#4537 = CURVE_STYLE('',#4538,POSITIVE_LENGTH_MEASURE(0.1),#4461);
#4538 = DRAUGHTING_PRE_DEFINED_CURVE_FONT('continuous');
#4539 = MECHANICAL_DESIGN_GEOMETRIC_PRESENTATION_REPRESENTATION('',(
    #4540),#2649);
#4540 = STYLED_ITEM('color',(#4541),#41);
#4541 = PRESENTATION_STYLE_ASSIGNMENT((#4542,#4549));
#4542 = SURFACE_STYLE_USAGE(.BOTH.,#4543);
#4543 = SURFACE_SIDE_STYLE('',(#4544,#4547));
#4544 = SURFACE_STYLE_FILL_AREA(#4545);
#4545 = FILL_AREA_STYLE('',(#4546));
#4546 = FILL_AREA_STYLE_COLOUR('',#4458);
#4547 = SURFACE_STYLE_RENDERING_WITH_PROPERTIES(.NORMAL_SHADING.,#4458,(
    #4548));
#4548 = SURFACE_STYLE_TRANSPARENT(0.5);
#4549 = CURVE_STYLE('',#4550,POSITIVE_LENGTH_MEASURE(0.1),#4461);
#4550 = DRAUGHTING_PRE_DEFINED_CURVE_FONT('continuous');
ENDSEC;
END-ISO-10303-21;
