ISO-10303-21;
HEADER;
FILE_DESCRIPTION(('FreeCAD Model'),'2;1');
FILE_NAME('Open CASCADE Shape Model','2026-08-02T12:23:33',(''),(''),
  'Open CASCADE STEP processor 7.8','FreeCAD','Unknown');
FILE_SCHEMA(('AUTOMOTIVE_DESIGN { 1 0 10303 214 1 1 1 1 }'));
ENDSEC;
DATA;
#1 = APPLICATION_PROTOCOL_DEFINITION('international standard',
  'automotive_design',2000,#2);
#2 = APPLICATION_CONTEXT(
  'core data for automotive mechanical design processes');
#3 = SHAPE_DEFINITION_REPRESENTATION(#4,#10);
#4 = PRODUCT_DEFINITION_SHAPE('','',#5);
#5 = PRODUCT_DEFINITION('design','',#6,#9);
#6 = PRODUCT_DEFINITION_FORMATION('','',#7);
#7 = PRODUCT('chassis','chassis','',(#8));
#8 = PRODUCT_CONTEXT('',#2,'mechanical');
#9 = PRODUCT_DEFINITION_CONTEXT('part definition',#2,'design');
#10 = SHAPE_REPRESENTATION('',(#11,#15,#19),#23);
#11 = AXIS2_PLACEMENT_3D('',#12,#13,#14);
#12 = CARTESIAN_POINT('',(0.,0.,0.));
#13 = DIRECTION('',(0.,0.,1.));
#14 = DIRECTION('',(1.,0.,-0.));
#15 = AXIS2_PLACEMENT_3D('',#16,#17,#18);
#16 = CARTESIAN_POINT('',(0.,0.,0.));
#17 = DIRECTION('',(0.,0.,1.));
#18 = DIRECTION('',(1.,0.,0.));
#19 = AXIS2_PLACEMENT_3D('',#20,#21,#22);
#20 = CARTESIAN_POINT('',(-2.283957752364E+03,-1.8E-14,-191.098442));
#21 = DIRECTION('',(0.,0.,-1.));
#22 = DIRECTION('',(1.,0.,0.));
#23 = ( GEOMETRIC_REPRESENTATION_CONTEXT(3) 
GLOBAL_UNCERTAINTY_ASSIGNED_CONTEXT((#27)) GLOBAL_UNIT_ASSIGNED_CONTEXT(
(#24,#25,#26)) REPRESENTATION_CONTEXT('Context #1',
  '3D Context with UNIT and UNCERTAINTY') );
#24 = ( LENGTH_UNIT() NAMED_UNIT(*) SI_UNIT(.MILLI.,.METRE.) );
#25 = ( NAMED_UNIT(*) PLANE_ANGLE_UNIT() SI_UNIT($,.RADIAN.) );
#26 = ( NAMED_UNIT(*) SI_UNIT($,.STERADIAN.) SOLID_ANGLE_UNIT() );
#27 = UNCERTAINTY_MEASURE_WITH_UNIT(LENGTH_MEASURE(5.E-05),#24,
  'distance_accuracy_value','confusion accuracy');
#28 = PRODUCT_RELATED_PRODUCT_CATEGORY('part',$,(#7));
#29 = SHAPE_DEFINITION_REPRESENTATION(#30,#36);
#30 = PRODUCT_DEFINITION_SHAPE('','',#31);
#31 = PRODUCT_DEFINITION('design','',#32,#35);
#32 = PRODUCT_DEFINITION_FORMATION('','',#33);
#33 = PRODUCT('Chassis003','Chassis003','',(#34));
#34 = PRODUCT_CONTEXT('',#2,'mechanical');
#35 = PRODUCT_DEFINITION_CONTEXT('part definition',#2,'design');
#36 = ADVANCED_BREP_SHAPE_REPRESENTATION('',(#11,#37),#2400);
#37 = MANIFOLD_SOLID_BREP('',#38);
#38 = CLOSED_SHELL('',(#39,#79,#110,#141,#192,#209,#221,#286,#310,#334,
    #385,#427,#444,#503,#532,#544,#579,#604,#833,#857,#1079,#1104,#1121,
    #1130,#1152,#1169,#1181,#1198,#1215,#1232,#1249,#1331,#1362,#1387,
    #1411,#1436,#1460,#1485,#1509,#1527,#1558,#1583,#1607,#1632,#1656,
    #1681,#1705,#1723,#1754,#1779,#1803,#1828,#1852,#1877,#1901,#1919,
    #1950,#1975,#1999,#2024,#2048,#2073,#2097,#2115,#2124,#2155,#2180,
    #2204,#2229,#2253,#2278,#2302,#2320,#2336,#2352,#2368,#2384));
#39 = ADVANCED_FACE('',(#40),#74,.F.);
#40 = FACE_BOUND('',#41,.F.);
#41 = EDGE_LOOP('',(#42,#52,#60,#68));
#42 = ORIENTED_EDGE('',*,*,#43,.T.);
#43 = EDGE_CURVE('',#44,#46,#48,.T.);
#44 = VERTEX_POINT('',#45);
#45 = CARTESIAN_POINT('',(-2.395937469E+03,-75.,-266.098442));
#46 = VERTEX_POINT('',#47);
#47 = CARTESIAN_POINT('',(-2.385937469E+03,-75.,-266.098442));
#48 = LINE('',#49,#50);
#49 = CARTESIAN_POINT('',(-2.395937469E+03,-75.,-266.098442));
#50 = VECTOR('',#51,1.);
#51 = DIRECTION('',(1.,0.,0.));
#52 = ORIENTED_EDGE('',*,*,#53,.T.);
#53 = EDGE_CURVE('',#46,#54,#56,.T.);
#54 = VERTEX_POINT('',#55);
#55 = CARTESIAN_POINT('',(-2.385937469E+03,75.,-266.098442));
#56 = LINE('',#57,#58);
#57 = CARTESIAN_POINT('',(-2.385937469E+03,-75.,-266.098442));
#58 = VECTOR('',#59,1.);
#59 = DIRECTION('',(0.,1.,0.));
#60 = ORIENTED_EDGE('',*,*,#61,.F.);
#61 = EDGE_CURVE('',#62,#54,#64,.T.);
#62 = VERTEX_POINT('',#63);
#63 = CARTESIAN_POINT('',(-2.395937469E+03,75.,-266.098442));
#64 = LINE('',#65,#66);
#65 = CARTESIAN_POINT('',(-2.395937469E+03,75.,-266.098442));
#66 = VECTOR('',#67,1.);
#67 = DIRECTION('',(1.,0.,0.));
#68 = ORIENTED_EDGE('',*,*,#69,.F.);
#69 = EDGE_CURVE('',#44,#62,#70,.T.);
#70 = LINE('',#71,#72);
#71 = CARTESIAN_POINT('',(-2.395937469E+03,-75.,-266.098442));
#72 = VECTOR('',#73,1.);
#73 = DIRECTION('',(0.,1.,0.));
#74 = PLANE('',#75);
#75 = AXIS2_PLACEMENT_3D('',#76,#77,#78);
#76 = CARTESIAN_POINT('',(-2.395937469E+03,-75.,-266.098442));
#77 = DIRECTION('',(0.,-2.2E-16,1.));
#78 = DIRECTION('',(-4.4E-16,1.,2.2E-16));
#79 = ADVANCED_FACE('',(#80),#105,.F.);
#80 = FACE_BOUND('',#81,.F.);
#81 = EDGE_LOOP('',(#82,#92,#98,#99));
#82 = ORIENTED_EDGE('',*,*,#83,.T.);
#83 = EDGE_CURVE('',#84,#86,#88,.T.);
#84 = VERTEX_POINT('',#85);
#85 = CARTESIAN_POINT('',(-2.395937469E+03,-75.,-116.098442));
#86 = VERTEX_POINT('',#87);
#87 = CARTESIAN_POINT('',(-2.385937469E+03,-75.,-116.098442));
#88 = LINE('',#89,#90);
#89 = CARTESIAN_POINT('',(-2.395937469E+03,-75.,-116.098442));
#90 = VECTOR('',#91,1.);
#91 = DIRECTION('',(1.,0.,0.));
#92 = ORIENTED_EDGE('',*,*,#93,.T.);
#93 = EDGE_CURVE('',#86,#46,#94,.T.);
#94 = LINE('',#95,#96);
#95 = CARTESIAN_POINT('',(-2.385937469E+03,-75.,-116.098442));
#96 = VECTOR('',#97,1.);
#97 = DIRECTION('',(0.,0.,-1.));
#98 = ORIENTED_EDGE('',*,*,#43,.F.);
#99 = ORIENTED_EDGE('',*,*,#100,.F.);
#100 = EDGE_CURVE('',#84,#44,#101,.T.);
#101 = LINE('',#102,#103);
#102 = CARTESIAN_POINT('',(-2.395937469E+03,-75.,-116.098442));
#103 = VECTOR('',#104,1.);
#104 = DIRECTION('',(0.,0.,-1.));
#105 = PLANE('',#106);
#106 = AXIS2_PLACEMENT_3D('',#107,#108,#109);
#107 = CARTESIAN_POINT('',(-2.395937469E+03,-75.,-116.098442));
#108 = DIRECTION('',(0.,1.,2.2E-16));
#109 = DIRECTION('',(-2.2E-16,2.2E-16,-1.));
#110 = ADVANCED_FACE('',(#111),#136,.F.);
#111 = FACE_BOUND('',#112,.F.);
#112 = EDGE_LOOP('',(#113,#114,#122,#130));
#113 = ORIENTED_EDGE('',*,*,#61,.T.);
#114 = ORIENTED_EDGE('',*,*,#115,.T.);
#115 = EDGE_CURVE('',#54,#116,#118,.T.);
#116 = VERTEX_POINT('',#117);
#117 = CARTESIAN_POINT('',(-2.385937469E+03,75.,-116.098442));
#118 = LINE('',#119,#120);
#119 = CARTESIAN_POINT('',(-2.385937469E+03,75.,-266.098442));
#120 = VECTOR('',#121,1.);
#121 = DIRECTION('',(0.,0.,1.));
#122 = ORIENTED_EDGE('',*,*,#123,.F.);
#123 = EDGE_CURVE('',#124,#116,#126,.T.);
#124 = VERTEX_POINT('',#125);
#125 = CARTESIAN_POINT('',(-2.395937469E+03,75.,-116.098442));
#126 = LINE('',#127,#128);
#127 = CARTESIAN_POINT('',(-2.395937469E+03,75.,-116.098442));
#128 = VECTOR('',#129,1.);
#129 = DIRECTION('',(1.,0.,0.));
#130 = ORIENTED_EDGE('',*,*,#131,.F.);
#131 = EDGE_CURVE('',#62,#124,#132,.T.);
#132 = LINE('',#133,#134);
#133 = CARTESIAN_POINT('',(-2.395937469E+03,75.,-266.098442));
#134 = VECTOR('',#135,1.);
#135 = DIRECTION('',(0.,0.,1.));
#136 = PLANE('',#137);
#137 = AXIS2_PLACEMENT_3D('',#138,#139,#140);
#138 = CARTESIAN_POINT('',(-2.395937469E+03,75.,-266.098442));
#139 = DIRECTION('',(0.,-1.,-2.2E-16));
#140 = DIRECTION('',(2.2E-16,-2.2E-16,1.));
#141 = ADVANCED_FACE('',(#142,#176),#187,.F.);
#142 = FACE_BOUND('',#143,.F.);
#143 = EDGE_LOOP('',(#144,#154,#162,#170));
#144 = ORIENTED_EDGE('',*,*,#145,.F.);
#145 = EDGE_CURVE('',#146,#148,#150,.T.);
#146 = VERTEX_POINT('',#147);
#147 = CARTESIAN_POINT('',(-2.395937469E+03,250.,58.901558));
#148 = VERTEX_POINT('',#149);
#149 = CARTESIAN_POINT('',(-2.395937469E+03,-250.,58.901558));
#150 = LINE('',#151,#152);
#151 = CARTESIAN_POINT('',(-2.395937469E+03,250.,58.901558));
#152 = VECTOR('',#153,1.);
#153 = DIRECTION('',(0.,-1.,0.));
#154 = ORIENTED_EDGE('',*,*,#155,.T.);
#155 = EDGE_CURVE('',#146,#156,#158,.T.);
#156 = VERTEX_POINT('',#157);
#157 = CARTESIAN_POINT('',(-2.395937469E+03,250.,-410.650146));
#158 = LINE('',#159,#160);
#159 = CARTESIAN_POINT('',(-2.395937469E+03,250.,58.901558));
#160 = VECTOR('',#161,1.);
#161 = DIRECTION('',(-0.,-0.,-1.));
#162 = ORIENTED_EDGE('',*,*,#163,.T.);
#163 = EDGE_CURVE('',#156,#164,#166,.T.);
#164 = VERTEX_POINT('',#165);
#165 = CARTESIAN_POINT('',(-2.395937469E+03,-250.,-410.6501459999));
#166 = LINE('',#167,#168);
#167 = CARTESIAN_POINT('',(-2.395937469E+03,375.,-410.650146));
#168 = VECTOR('',#169,1.);
#169 = DIRECTION('',(0.,-1.,7.7E-16));
#170 = ORIENTED_EDGE('',*,*,#171,.F.);
#171 = EDGE_CURVE('',#148,#164,#172,.T.);
#172 = LINE('',#173,#174);
#173 = CARTESIAN_POINT('',(-2.395937469E+03,-250.,58.901558));
#174 = VECTOR('',#175,1.);
#175 = DIRECTION('',(-0.,-0.,-1.));
#176 = FACE_BOUND('',#177,.F.);
#177 = EDGE_LOOP('',(#178,#179,#180,#181));
#178 = ORIENTED_EDGE('',*,*,#100,.T.);
#179 = ORIENTED_EDGE('',*,*,#69,.T.);
#180 = ORIENTED_EDGE('',*,*,#131,.T.);
#181 = ORIENTED_EDGE('',*,*,#182,.T.);
#182 = EDGE_CURVE('',#124,#84,#183,.T.);
#183 = LINE('',#184,#185);
#184 = CARTESIAN_POINT('',(-2.395937469E+03,75.,-116.098442));
#185 = VECTOR('',#186,1.);
#186 = DIRECTION('',(0.,-1.,0.));
#187 = PLANE('',#188);
#188 = AXIS2_PLACEMENT_3D('',#189,#190,#191);
#189 = CARTESIAN_POINT('',(-2.395937469E+03,250.,58.901558));
#190 = DIRECTION('',(-1.,0.,0.));
#191 = DIRECTION('',(0.,-1.,0.));
#192 = ADVANCED_FACE('',(#193),#204,.T.);
#193 = FACE_BOUND('',#194,.T.);
#194 = EDGE_LOOP('',(#195,#196,#197,#203));
#195 = ORIENTED_EDGE('',*,*,#53,.T.);
#196 = ORIENTED_EDGE('',*,*,#115,.T.);
#197 = ORIENTED_EDGE('',*,*,#198,.T.);
#198 = EDGE_CURVE('',#116,#86,#199,.T.);
#199 = LINE('',#200,#201);
#200 = CARTESIAN_POINT('',(-2.385937469E+03,75.,-116.098442));
#201 = VECTOR('',#202,1.);
#202 = DIRECTION('',(0.,-1.,0.));
#203 = ORIENTED_EDGE('',*,*,#93,.T.);
#204 = PLANE('',#205);
#205 = AXIS2_PLACEMENT_3D('',#206,#207,#208);
#206 = CARTESIAN_POINT('',(-2.385937469E+03,5.002E-14,-191.098442));
#207 = DIRECTION('',(1.,0.,0.));
#208 = DIRECTION('',(0.,0.,1.));
#209 = ADVANCED_FACE('',(#210),#216,.F.);
#210 = FACE_BOUND('',#211,.F.);
#211 = EDGE_LOOP('',(#212,#213,#214,#215));
#212 = ORIENTED_EDGE('',*,*,#123,.T.);
#213 = ORIENTED_EDGE('',*,*,#198,.T.);
#214 = ORIENTED_EDGE('',*,*,#83,.F.);
#215 = ORIENTED_EDGE('',*,*,#182,.F.);
#216 = PLANE('',#217);
#217 = AXIS2_PLACEMENT_3D('',#218,#219,#220);
#218 = CARTESIAN_POINT('',(-2.395937469E+03,75.,-116.098442));
#219 = DIRECTION('',(0.,2.2E-16,-1.));
#220 = DIRECTION('',(4.4E-16,-1.,-2.2E-16));
#221 = ADVANCED_FACE('',(#222,#256),#281,.F.);
#222 = FACE_BOUND('',#223,.F.);
#223 = EDGE_LOOP('',(#224,#234,#242,#250));
#224 = ORIENTED_EDGE('',*,*,#225,.F.);
#225 = EDGE_CURVE('',#226,#228,#230,.T.);
#226 = VERTEX_POINT('',#227);
#227 = CARTESIAN_POINT('',(104.062531,500.,58.901558));
#228 = VERTEX_POINT('',#229);
#229 = CARTESIAN_POINT('',(-4.579863704344E+03,500.,58.901558));
#230 = LINE('',#231,#232);
#231 = CARTESIAN_POINT('',(104.062531,500.,58.901558));
#232 = VECTOR('',#233,1.);
#233 = DIRECTION('',(-1.,0.,0.));
#234 = ORIENTED_EDGE('',*,*,#235,.T.);
#235 = EDGE_CURVE('',#226,#236,#238,.T.);
#236 = VERTEX_POINT('',#237);
#237 = CARTESIAN_POINT('',(104.062531,-500.,58.901558));
#238 = LINE('',#239,#240);
#239 = CARTESIAN_POINT('',(104.062531,500.,58.901558));
#240 = VECTOR('',#241,1.);
#241 = DIRECTION('',(0.,-1.,7.7E-16));
#242 = ORIENTED_EDGE('',*,*,#243,.T.);
#243 = EDGE_CURVE('',#236,#244,#246,.T.);
#244 = VERTEX_POINT('',#245);
#245 = CARTESIAN_POINT('',(-4.579863704344E+03,-500.,58.901558));
#246 = LINE('',#247,#248);
#247 = CARTESIAN_POINT('',(104.062531,-500.,58.901558));
#248 = VECTOR('',#249,1.);
#249 = DIRECTION('',(-1.,0.,0.));
#250 = ORIENTED_EDGE('',*,*,#251,.T.);
#251 = EDGE_CURVE('',#244,#228,#252,.T.);
#252 = LINE('',#253,#254);
#253 = CARTESIAN_POINT('',(-4.579863704344E+03,1.1E+03,58.901557999999)
  );
#254 = VECTOR('',#255,1.);
#255 = DIRECTION('',(0.,1.,-7.7E-16));
#256 = FACE_BOUND('',#257,.F.);
#257 = EDGE_LOOP('',(#258,#259,#267,#275));
#258 = ORIENTED_EDGE('',*,*,#145,.T.);
#259 = ORIENTED_EDGE('',*,*,#260,.T.);
#260 = EDGE_CURVE('',#148,#261,#263,.T.);
#261 = VERTEX_POINT('',#262);
#262 = CARTESIAN_POINT('',(-895.937469,-250.,58.901558));
#263 = LINE('',#264,#265);
#264 = CARTESIAN_POINT('',(-2.395937469E+03,-250.,58.901558));
#265 = VECTOR('',#266,1.);
#266 = DIRECTION('',(1.,0.,0.));
#267 = ORIENTED_EDGE('',*,*,#268,.T.);
#268 = EDGE_CURVE('',#261,#269,#271,.T.);
#269 = VERTEX_POINT('',#270);
#270 = CARTESIAN_POINT('',(-895.937469,250.,58.901558));
#271 = LINE('',#272,#273);
#272 = CARTESIAN_POINT('',(-895.937469,-250.,58.901558));
#273 = VECTOR('',#274,1.);
#274 = DIRECTION('',(0.,1.,0.));
#275 = ORIENTED_EDGE('',*,*,#276,.T.);
#276 = EDGE_CURVE('',#269,#146,#277,.T.);
#277 = LINE('',#278,#279);
#278 = CARTESIAN_POINT('',(-895.937469,250.,58.901558));
#279 = VECTOR('',#280,1.);
#280 = DIRECTION('',(-1.,0.,0.));
#281 = PLANE('',#282);
#282 = AXIS2_PLACEMENT_3D('',#283,#284,#285);
#283 = CARTESIAN_POINT('',(104.062531,500.,58.901558));
#284 = DIRECTION('',(0.,-7.7E-16,-1.));
#285 = DIRECTION('',(-1.,0.,0.));
#286 = ADVANCED_FACE('',(#287),#305,.F.);
#287 = FACE_BOUND('',#288,.F.);
#288 = EDGE_LOOP('',(#289,#290,#298,#304));
#289 = ORIENTED_EDGE('',*,*,#276,.F.);
#290 = ORIENTED_EDGE('',*,*,#291,.T.);
#291 = EDGE_CURVE('',#269,#292,#294,.T.);
#292 = VERTEX_POINT('',#293);
#293 = CARTESIAN_POINT('',(-895.937469,250.,-410.650146));
#294 = LINE('',#295,#296);
#295 = CARTESIAN_POINT('',(-895.937469,250.,58.901558));
#296 = VECTOR('',#297,1.);
#297 = DIRECTION('',(-0.,-0.,-1.));
#298 = ORIENTED_EDGE('',*,*,#299,.T.);
#299 = EDGE_CURVE('',#292,#156,#300,.T.);
#300 = LINE('',#301,#302);
#301 = CARTESIAN_POINT('',(-2.9393508145E+03,250.,-410.650146));
#302 = VECTOR('',#303,1.);
#303 = DIRECTION('',(-1.,0.,0.));
#304 = ORIENTED_EDGE('',*,*,#155,.F.);
#305 = PLANE('',#306);
#306 = AXIS2_PLACEMENT_3D('',#307,#308,#309);
#307 = CARTESIAN_POINT('',(-895.937469,250.,58.901558));
#308 = DIRECTION('',(0.,1.,0.));
#309 = DIRECTION('',(-1.,0.,0.));
#310 = ADVANCED_FACE('',(#311),#329,.F.);
#311 = FACE_BOUND('',#312,.F.);
#312 = EDGE_LOOP('',(#313,#314,#315,#323));
#313 = ORIENTED_EDGE('',*,*,#260,.F.);
#314 = ORIENTED_EDGE('',*,*,#171,.T.);
#315 = ORIENTED_EDGE('',*,*,#316,.T.);
#316 = EDGE_CURVE('',#164,#317,#319,.T.);
#317 = VERTEX_POINT('',#318);
#318 = CARTESIAN_POINT('',(-895.937469,-250.,-410.6501459999));
#319 = LINE('',#320,#321);
#320 = CARTESIAN_POINT('',(-3.6893508145E+03,-250.,-410.6501459999));
#321 = VECTOR('',#322,1.);
#322 = DIRECTION('',(1.,0.,0.));
#323 = ORIENTED_EDGE('',*,*,#324,.F.);
#324 = EDGE_CURVE('',#261,#317,#325,.T.);
#325 = LINE('',#326,#327);
#326 = CARTESIAN_POINT('',(-895.937469,-250.,58.901558));
#327 = VECTOR('',#328,1.);
#328 = DIRECTION('',(-0.,-0.,-1.));
#329 = PLANE('',#330);
#330 = AXIS2_PLACEMENT_3D('',#331,#332,#333);
#331 = CARTESIAN_POINT('',(-2.395937469E+03,-250.,58.901558));
#332 = DIRECTION('',(0.,-1.,0.));
#333 = DIRECTION('',(1.,0.,0.));
#334 = ADVANCED_FACE('',(#335,#369),#380,.F.);
#335 = FACE_BOUND('',#336,.F.);
#336 = EDGE_LOOP('',(#337,#347,#355,#363));
#337 = ORIENTED_EDGE('',*,*,#338,.F.);
#338 = EDGE_CURVE('',#339,#341,#343,.T.);
#339 = VERTEX_POINT('',#340);
#340 = CARTESIAN_POINT('',(-4.855006727721E+03,500.,-410.650146));
#341 = VERTEX_POINT('',#342);
#342 = CARTESIAN_POINT('',(104.062531,500.,-410.650146));
#343 = LINE('',#344,#345);
#344 = CARTESIAN_POINT('',(-4.98276416E+03,500.,-410.650146));
#345 = VECTOR('',#346,1.);
#346 = DIRECTION('',(1.,0.,0.));
#347 = ORIENTED_EDGE('',*,*,#348,.T.);
#348 = EDGE_CURVE('',#339,#349,#351,.T.);
#349 = VERTEX_POINT('',#350);
#350 = CARTESIAN_POINT('',(-4.855006727721E+03,-500.,-410.650146));
#351 = LINE('',#352,#353);
#352 = CARTESIAN_POINT('',(-4.855006727721E+03,800.,-410.650146));
#353 = VECTOR('',#354,1.);
#354 = DIRECTION('',(0.,-1.,7.7E-16));
#355 = ORIENTED_EDGE('',*,*,#356,.T.);
#356 = EDGE_CURVE('',#349,#357,#359,.T.);
#357 = VERTEX_POINT('',#358);
#358 = CARTESIAN_POINT('',(104.062531,-500.,-410.650146));
#359 = LINE('',#360,#361);
#360 = CARTESIAN_POINT('',(-4.98276416E+03,-500.,-410.650146));
#361 = VECTOR('',#362,1.);
#362 = DIRECTION('',(1.,0.,0.));
#363 = ORIENTED_EDGE('',*,*,#364,.F.);
#364 = EDGE_CURVE('',#341,#357,#365,.T.);
#365 = LINE('',#366,#367);
#366 = CARTESIAN_POINT('',(104.062531,500.,-410.650146));
#367 = VECTOR('',#368,1.);
#368 = DIRECTION('',(0.,-1.,7.7E-16));
#369 = FACE_BOUND('',#370,.F.);
#370 = EDGE_LOOP('',(#371,#372,#373,#374));
#371 = ORIENTED_EDGE('',*,*,#316,.F.);
#372 = ORIENTED_EDGE('',*,*,#163,.F.);
#373 = ORIENTED_EDGE('',*,*,#299,.F.);
#374 = ORIENTED_EDGE('',*,*,#375,.F.);
#375 = EDGE_CURVE('',#317,#292,#376,.T.);
#376 = LINE('',#377,#378);
#377 = CARTESIAN_POINT('',(-895.937469,125.,-410.650146));
#378 = VECTOR('',#379,1.);
#379 = DIRECTION('',(0.,1.,-7.7E-16));
#380 = PLANE('',#381);
#381 = AXIS2_PLACEMENT_3D('',#382,#383,#384);
#382 = CARTESIAN_POINT('',(-4.98276416E+03,500.,-410.650146));
#383 = DIRECTION('',(0.,7.7E-16,1.));
#384 = DIRECTION('',(1.,0.,0.));
#385 = ADVANCED_FACE('',(#386,#411),#422,.T.);
#386 = FACE_BOUND('',#387,.T.);
#387 = EDGE_LOOP('',(#388,#389,#395,#396,#404));
#388 = ORIENTED_EDGE('',*,*,#225,.F.);
#389 = ORIENTED_EDGE('',*,*,#390,.F.);
#390 = EDGE_CURVE('',#341,#226,#391,.T.);
#391 = LINE('',#392,#393);
#392 = CARTESIAN_POINT('',(104.062531,500.,-410.650146));
#393 = VECTOR('',#394,1.);
#394 = DIRECTION('',(0.,3.3E-16,1.));
#395 = ORIENTED_EDGE('',*,*,#338,.F.);
#396 = ORIENTED_EDGE('',*,*,#397,.T.);
#397 = EDGE_CURVE('',#339,#398,#400,.T.);
#398 = VERTEX_POINT('',#399);
#399 = CARTESIAN_POINT('',(-4.60797148E+03,500.,20.61518663814));
#400 = LINE('',#401,#402);
#401 = CARTESIAN_POINT('',(-4.382460771577E+03,500.,414.30374557304));
#402 = VECTOR('',#403,1.);
#403 = DIRECTION('',(0.497045567488,6.8E-16,0.867724440039));
#404 = ORIENTED_EDGE('',*,*,#405,.T.);
#405 = EDGE_CURVE('',#398,#228,#406,.T.);
#406 = CIRCLE('',#407,210.44830088125);
#407 = AXIS2_PLACEMENT_3D('',#408,#409,#410);
#408 = CARTESIAN_POINT('',(-4.425360345961E+03,500.,-83.98720850017));
#409 = DIRECTION('',(0.,1.,-7.7E-16));
#410 = DIRECTION('',(1.,0.,0.));
#411 = FACE_BOUND('',#412,.T.);
#412 = EDGE_LOOP('',(#413));
#413 = ORIENTED_EDGE('',*,*,#414,.F.);
#414 = EDGE_CURVE('',#415,#415,#417,.T.);
#415 = VERTEX_POINT('',#416);
#416 = CARTESIAN_POINT('',(25.,500.,5.6E-14));
#417 = CIRCLE('',#418,25.);
#418 = AXIS2_PLACEMENT_3D('',#419,#420,#421);
#419 = CARTESIAN_POINT('',(0.,500.,5.551E-14));
#420 = DIRECTION('',(-0.,1.,1.1E-16));
#421 = DIRECTION('',(1.,0.,0.));
#422 = PLANE('',#423);
#423 = AXIS2_PLACEMENT_3D('',#424,#425,#426);
#424 = CARTESIAN_POINT('',(-2.4393508145E+03,500.,-175.874294));
#425 = DIRECTION('',(0.,1.,-5.5E-16));
#426 = DIRECTION('',(0.,5.5E-16,1.));
#427 = ADVANCED_FACE('',(#428),#439,.F.);
#428 = FACE_BOUND('',#429,.F.);
#429 = EDGE_LOOP('',(#430,#431,#437,#438));
#430 = ORIENTED_EDGE('',*,*,#364,.T.);
#431 = ORIENTED_EDGE('',*,*,#432,.T.);
#432 = EDGE_CURVE('',#357,#236,#433,.T.);
#433 = LINE('',#434,#435);
#434 = CARTESIAN_POINT('',(104.062531,-500.,-410.650146));
#435 = VECTOR('',#436,1.);
#436 = DIRECTION('',(0.,3.3E-16,1.));
#437 = ORIENTED_EDGE('',*,*,#235,.F.);
#438 = ORIENTED_EDGE('',*,*,#390,.F.);
#439 = PLANE('',#440);
#440 = AXIS2_PLACEMENT_3D('',#441,#442,#443);
#441 = CARTESIAN_POINT('',(104.062531,500.,-410.650146));
#442 = DIRECTION('',(-1.,0.,0.));
#443 = DIRECTION('',(0.,7.7E-16,1.));
#444 = ADVANCED_FACE('',(#445),#498,.F.);
#445 = FACE_BOUND('',#446,.F.);
#446 = EDGE_LOOP('',(#447,#455,#456,#457,#466,#474,#483,#491));
#447 = ORIENTED_EDGE('',*,*,#448,.T.);
#448 = EDGE_CURVE('',#449,#398,#451,.T.);
#449 = VERTEX_POINT('',#450);
#450 = CARTESIAN_POINT('',(-4.60797148E+03,1.1E+03,20.615186638139));
#451 = LINE('',#452,#453);
#452 = CARTESIAN_POINT('',(-4.60797148E+03,1.1E+03,20.615186638139));
#453 = VECTOR('',#454,1.);
#454 = DIRECTION('',(0.,-1.,7.7E-16));
#455 = ORIENTED_EDGE('',*,*,#405,.T.);
#456 = ORIENTED_EDGE('',*,*,#251,.F.);
#457 = ORIENTED_EDGE('',*,*,#458,.F.);
#458 = EDGE_CURVE('',#459,#244,#461,.T.);
#459 = VERTEX_POINT('',#460);
#460 = CARTESIAN_POINT('',(-4.60797148E+03,-500.,20.615186638141));
#461 = CIRCLE('',#462,210.44830088125);
#462 = AXIS2_PLACEMENT_3D('',#463,#464,#465);
#463 = CARTESIAN_POINT('',(-4.425360345961E+03,-500.,-83.98720850017));
#464 = DIRECTION('',(0.,1.,-7.7E-16));
#465 = DIRECTION('',(1.,0.,0.));
#466 = ORIENTED_EDGE('',*,*,#467,.T.);
#467 = EDGE_CURVE('',#459,#468,#470,.T.);
#468 = VERTEX_POINT('',#469);
#469 = CARTESIAN_POINT('',(-4.60797148E+03,-1.1E+03,20.615186638141));
#470 = LINE('',#471,#472);
#471 = CARTESIAN_POINT('',(-4.60797148E+03,1.1E+03,20.615186638139));
#472 = VECTOR('',#473,1.);
#473 = DIRECTION('',(0.,-1.,7.7E-16));
#474 = ORIENTED_EDGE('',*,*,#475,.F.);
#475 = EDGE_CURVE('',#476,#468,#478,.T.);
#476 = VERTEX_POINT('',#477);
#477 = CARTESIAN_POINT('',(-4.425360345961E+03,-1.1E+03,126.46109238108)
  );
#478 = CIRCLE('',#479,210.44830088125);
#479 = AXIS2_PLACEMENT_3D('',#480,#481,#482);
#480 = CARTESIAN_POINT('',(-4.425360345961E+03,-1.1E+03,-83.98720850017)
  );
#481 = DIRECTION('',(0.,-1.,3.3E-16));
#482 = DIRECTION('',(1.,0.,0.));
#483 = ORIENTED_EDGE('',*,*,#484,.F.);
#484 = EDGE_CURVE('',#485,#476,#487,.T.);
#485 = VERTEX_POINT('',#486);
#486 = CARTESIAN_POINT('',(-4.425360345961E+03,1.1E+03,126.46109238108)
  );
#487 = LINE('',#488,#489);
#488 = CARTESIAN_POINT('',(-4.425360345961E+03,1.1E+03,126.46109238108)
  );
#489 = VECTOR('',#490,1.);
#490 = DIRECTION('',(0.,-1.,7.7E-16));
#491 = ORIENTED_EDGE('',*,*,#492,.T.);
#492 = EDGE_CURVE('',#485,#449,#493,.T.);
#493 = CIRCLE('',#494,210.44830088125);
#494 = AXIS2_PLACEMENT_3D('',#495,#496,#497);
#495 = CARTESIAN_POINT('',(-4.425360345961E+03,1.1E+03,-83.98720850017)
  );
#496 = DIRECTION('',(0.,-1.,3.3E-16));
#497 = DIRECTION('',(1.,0.,0.));
#498 = CYLINDRICAL_SURFACE('',#499,210.44830088125);
#499 = AXIS2_PLACEMENT_3D('',#500,#501,#502);
#500 = CARTESIAN_POINT('',(-4.425360345961E+03,1.1E+03,-83.98720850017)
  );
#501 = DIRECTION('',(0.,1.,-7.7E-16));
#502 = DIRECTION('',(1.,0.,0.));
#503 = ADVANCED_FACE('',(#504,#516),#527,.F.);
#504 = FACE_BOUND('',#505,.F.);
#505 = EDGE_LOOP('',(#506,#507,#508,#509,#515));
#506 = ORIENTED_EDGE('',*,*,#243,.F.);
#507 = ORIENTED_EDGE('',*,*,#432,.F.);
#508 = ORIENTED_EDGE('',*,*,#356,.F.);
#509 = ORIENTED_EDGE('',*,*,#510,.T.);
#510 = EDGE_CURVE('',#349,#459,#511,.T.);
#511 = LINE('',#512,#513);
#512 = CARTESIAN_POINT('',(-4.382460771577E+03,-500.,414.30374557304));
#513 = VECTOR('',#514,1.);
#514 = DIRECTION('',(0.497045567488,6.8E-16,0.867724440039));
#515 = ORIENTED_EDGE('',*,*,#458,.T.);
#516 = FACE_BOUND('',#517,.F.);
#517 = EDGE_LOOP('',(#518));
#518 = ORIENTED_EDGE('',*,*,#519,.F.);
#519 = EDGE_CURVE('',#520,#520,#522,.T.);
#520 = VERTEX_POINT('',#521);
#521 = CARTESIAN_POINT('',(25.,-500.,-5.6E-14));
#522 = CIRCLE('',#523,25.);
#523 = AXIS2_PLACEMENT_3D('',#524,#525,#526);
#524 = CARTESIAN_POINT('',(0.,-500.,-5.551E-14));
#525 = DIRECTION('',(-0.,1.,1.1E-16));
#526 = DIRECTION('',(1.,0.,0.));
#527 = PLANE('',#528);
#528 = AXIS2_PLACEMENT_3D('',#529,#530,#531);
#529 = CARTESIAN_POINT('',(-2.4393508145E+03,-500.,-175.874294));
#530 = DIRECTION('',(0.,1.,-5.5E-16));
#531 = DIRECTION('',(0.,5.5E-16,1.));
#532 = ADVANCED_FACE('',(#533),#539,.F.);
#533 = FACE_BOUND('',#534,.F.);
#534 = EDGE_LOOP('',(#535,#536,#537,#538));
#535 = ORIENTED_EDGE('',*,*,#268,.F.);
#536 = ORIENTED_EDGE('',*,*,#324,.T.);
#537 = ORIENTED_EDGE('',*,*,#375,.T.);
#538 = ORIENTED_EDGE('',*,*,#291,.F.);
#539 = PLANE('',#540);
#540 = AXIS2_PLACEMENT_3D('',#541,#542,#543);
#541 = CARTESIAN_POINT('',(-895.937469,-250.,58.901558));
#542 = DIRECTION('',(1.,0.,0.));
#543 = DIRECTION('',(0.,1.,0.));
#544 = ADVANCED_FACE('',(#545),#574,.T.);
#545 = FACE_BOUND('',#546,.T.);
#546 = EDGE_LOOP('',(#547,#555,#556,#557,#558,#559,#560,#568));
#547 = ORIENTED_EDGE('',*,*,#548,.F.);
#548 = EDGE_CURVE('',#449,#549,#551,.T.);
#549 = VERTEX_POINT('',#550);
#550 = CARTESIAN_POINT('',(-4.86772501E+03,1.1E+03,-432.85327));
#551 = LINE('',#552,#553);
#552 = CARTESIAN_POINT('',(-4.60797148E+03,1.1E+03,20.615186638139));
#553 = VECTOR('',#554,1.);
#554 = DIRECTION('',(-0.497045567488,-2.9E-16,-0.867724440039));
#555 = ORIENTED_EDGE('',*,*,#448,.T.);
#556 = ORIENTED_EDGE('',*,*,#397,.F.);
#557 = ORIENTED_EDGE('',*,*,#348,.T.);
#558 = ORIENTED_EDGE('',*,*,#510,.T.);
#559 = ORIENTED_EDGE('',*,*,#467,.T.);
#560 = ORIENTED_EDGE('',*,*,#561,.T.);
#561 = EDGE_CURVE('',#468,#562,#564,.T.);
#562 = VERTEX_POINT('',#563);
#563 = CARTESIAN_POINT('',(-4.86772501E+03,-1.1E+03,-432.8532699999));
#564 = LINE('',#565,#566);
#565 = CARTESIAN_POINT('',(-4.60797148E+03,-1.1E+03,20.615186638141));
#566 = VECTOR('',#567,1.);
#567 = DIRECTION('',(-0.497045567488,-2.9E-16,-0.867724440039));
#568 = ORIENTED_EDGE('',*,*,#569,.F.);
#569 = EDGE_CURVE('',#549,#562,#570,.T.);
#570 = LINE('',#571,#572);
#571 = CARTESIAN_POINT('',(-4.86772501E+03,1.1E+03,-432.85327));
#572 = VECTOR('',#573,1.);
#573 = DIRECTION('',(0.,-1.,7.7E-16));
#574 = PLANE('',#575);
#575 = AXIS2_PLACEMENT_3D('',#576,#577,#578);
#576 = CARTESIAN_POINT('',(-4.60797148E+03,1.1E+03,20.615186638139));
#577 = DIRECTION('',(0.867724440039,-3.9E-16,-0.497045567488));
#578 = DIRECTION('',(-0.497045567488,-6.8E-16,-0.867724440039));
#579 = ADVANCED_FACE('',(#580),#599,.T.);
#580 = FACE_BOUND('',#581,.T.);
#581 = EDGE_LOOP('',(#582,#590,#591,#592));
#582 = ORIENTED_EDGE('',*,*,#583,.T.);
#583 = EDGE_CURVE('',#584,#415,#586,.T.);
#584 = VERTEX_POINT('',#585);
#585 = CARTESIAN_POINT('',(25.,550.,6.1E-14));
#586 = LINE('',#587,#588);
#587 = CARTESIAN_POINT('',(25.,550.,6.106E-14));
#588 = VECTOR('',#589,1.);
#589 = DIRECTION('',(0.,-1.,-1.1E-16));
#590 = ORIENTED_EDGE('',*,*,#414,.T.);
#591 = ORIENTED_EDGE('',*,*,#583,.F.);
#592 = ORIENTED_EDGE('',*,*,#593,.T.);
#593 = EDGE_CURVE('',#584,#584,#594,.T.);
#594 = CIRCLE('',#595,25.);
#595 = AXIS2_PLACEMENT_3D('',#596,#597,#598);
#596 = CARTESIAN_POINT('',(0.,550.,1.1369E-13));
#597 = DIRECTION('',(0.,-1.,-1.1E-16));
#598 = DIRECTION('',(1.,0.,0.));
#599 = CYLINDRICAL_SURFACE('',#600,25.);
#600 = AXIS2_PLACEMENT_3D('',#601,#602,#603);
#601 = CARTESIAN_POINT('',(0.,550.,6.106E-14));
#602 = DIRECTION('',(0.,1.,1.1E-16));
#603 = DIRECTION('',(1.,0.,0.));
#604 = ADVANCED_FACE('',(#605,#688,#758),#828,.F.);
#605 = FACE_BOUND('',#606,.F.);
#606 = EDGE_LOOP('',(#607,#617,#626,#634,#640,#641,#642,#650,#658,#666,
    #674,#682));
#607 = ORIENTED_EDGE('',*,*,#608,.T.);
#608 = EDGE_CURVE('',#609,#611,#613,.T.);
#609 = VERTEX_POINT('',#610);
#610 = CARTESIAN_POINT('',(-5.030182617E+03,-1.1E+03,1.522117432E+03));
#611 = VERTEX_POINT('',#612);
#612 = CARTESIAN_POINT('',(-3.739998535E+03,-1.1E+03,1.522117432E+03));
#613 = LINE('',#614,#615);
#614 = CARTESIAN_POINT('',(-5.030182617E+03,-1.1E+03,1.522117432E+03));
#615 = VECTOR('',#616,1.);
#616 = DIRECTION('',(1.,0.,0.));
#617 = ORIENTED_EDGE('',*,*,#618,.T.);
#618 = EDGE_CURVE('',#611,#619,#621,.T.);
#619 = VERTEX_POINT('',#620);
#620 = CARTESIAN_POINT('',(-3.539998535E+03,-1.1E+03,1.322117432E+03));
#621 = CIRCLE('',#622,200.);
#622 = AXIS2_PLACEMENT_3D('',#623,#624,#625);
#623 = CARTESIAN_POINT('',(-3.739998535E+03,-1.1E+03,1.322117432E+03));
#624 = DIRECTION('',(0.,1.,-7.7E-16));
#625 = DIRECTION('',(0.,-7.7E-16,-1.));
#626 = ORIENTED_EDGE('',*,*,#627,.T.);
#627 = EDGE_CURVE('',#619,#628,#630,.T.);
#628 = VERTEX_POINT('',#629);
#629 = CARTESIAN_POINT('',(-3.539998535E+03,-1.1E+03,126.46109238108));
#630 = LINE('',#631,#632);
#631 = CARTESIAN_POINT('',(-3.539998535E+03,-1.1E+03,1.522117432E+03));
#632 = VECTOR('',#633,1.);
#633 = DIRECTION('',(0.,-3.3E-16,-1.));
#634 = ORIENTED_EDGE('',*,*,#635,.T.);
#635 = EDGE_CURVE('',#628,#476,#636,.T.);
#636 = LINE('',#637,#638);
#637 = CARTESIAN_POINT('',(-3.539998535E+03,-1.1E+03,126.46109238108));
#638 = VECTOR('',#639,1.);
#639 = DIRECTION('',(-1.,0.,0.));
#640 = ORIENTED_EDGE('',*,*,#475,.T.);
#641 = ORIENTED_EDGE('',*,*,#561,.T.);
#642 = ORIENTED_EDGE('',*,*,#643,.T.);
#643 = EDGE_CURVE('',#562,#644,#646,.T.);
#644 = VERTEX_POINT('',#645);
#645 = CARTESIAN_POINT('',(-5.472722168E+03,-1.1E+03,-432.8532699999));
#646 = LINE('',#647,#648);
#647 = CARTESIAN_POINT('',(-4.86772501E+03,-1.1E+03,-432.8532699999));
#648 = VECTOR('',#649,1.);
#649 = DIRECTION('',(-1.,0.,0.));
#650 = ORIENTED_EDGE('',*,*,#651,.T.);
#651 = EDGE_CURVE('',#644,#652,#654,.T.);
#652 = VERTEX_POINT('',#653);
#653 = CARTESIAN_POINT('',(-5.472722168E+03,-1.1E+03,-162.2421109999));
#654 = LINE('',#655,#656);
#655 = CARTESIAN_POINT('',(-5.472722168E+03,-1.1E+03,-432.8532699999));
#656 = VECTOR('',#657,1.);
#657 = DIRECTION('',(0.,3.3E-16,1.));
#658 = ORIENTED_EDGE('',*,*,#659,.T.);
#659 = EDGE_CURVE('',#652,#660,#662,.T.);
#660 = VERTEX_POINT('',#661);
#661 = CARTESIAN_POINT('',(-5.409502441E+03,-1.1E+03,8.55E-13));
#662 = LINE('',#663,#664);
#663 = CARTESIAN_POINT('',(-5.472722168E+03,-1.1E+03,-162.2421109999));
#664 = VECTOR('',#665,1.);
#665 = DIRECTION('',(0.363072609011,3.1E-16,0.93176084946));
#666 = ORIENTED_EDGE('',*,*,#667,.T.);
#667 = EDGE_CURVE('',#660,#668,#670,.T.);
#668 = VERTEX_POINT('',#669);
#669 = CARTESIAN_POINT('',(-5.409502441E+03,-1.1E+03,632.522827));
#670 = LINE('',#671,#672);
#671 = CARTESIAN_POINT('',(-5.409502441E+03,-1.1E+03,9.0949E-13));
#672 = VECTOR('',#673,1.);
#673 = DIRECTION('',(0.,3.3E-16,1.));
#674 = ORIENTED_EDGE('',*,*,#675,.T.);
#675 = EDGE_CURVE('',#668,#676,#678,.T.);
#676 = VERTEX_POINT('',#677);
#677 = CARTESIAN_POINT('',(-5.337250977E+03,-1.1E+03,646.069763));
#678 = LINE('',#679,#680);
#679 = CARTESIAN_POINT('',(-5.409502441E+03,-1.1E+03,632.522827));
#680 = VECTOR('',#681,1.);
#681 = DIRECTION('',(0.982872713001,6.E-17,0.184285729341));
#682 = ORIENTED_EDGE('',*,*,#683,.T.);
#683 = EDGE_CURVE('',#676,#609,#684,.T.);
#684 = LINE('',#685,#686);
#685 = CARTESIAN_POINT('',(-5.337250977E+03,-1.1E+03,646.069763));
#686 = VECTOR('',#687,1.);
#687 = DIRECTION('',(0.330783850614,3.1E-16,0.943706545581));
#688 = FACE_BOUND('',#689,.F.);
#689 = EDGE_LOOP('',(#690,#700,#709,#717,#726,#734,#743,#751));
#690 = ORIENTED_EDGE('',*,*,#691,.F.);
#691 = EDGE_CURVE('',#692,#694,#696,.T.);
#692 = VERTEX_POINT('',#693);
#693 = CARTESIAN_POINT('',(-5.060438377136E+03,-1.1E+03,423.35785657834)
  );
#694 = VERTEX_POINT('',#695);
#695 = CARTESIAN_POINT('',(-4.645074014428E+03,-1.1E+03,601.62967981077)
  );
#696 = LINE('',#697,#698);
#697 = CARTESIAN_POINT('',(-5.060438377136E+03,-1.1E+03,423.35785657834)
  );
#698 = VECTOR('',#699,1.);
#699 = DIRECTION('',(0.918937817064,1.3E-16,0.394402444681));
#700 = ORIENTED_EDGE('',*,*,#701,.T.);
#701 = EDGE_CURVE('',#692,#702,#704,.T.);
#702 = VERTEX_POINT('',#703);
#703 = CARTESIAN_POINT('',(-5.090718254902E+03,-1.1E+03,377.41096572516)
  );
#704 = CIRCLE('',#705,50.);
#705 = AXIS2_PLACEMENT_3D('',#706,#707,#708);
#706 = CARTESIAN_POINT('',(-5.040718254902E+03,-1.1E+03,377.41096572516)
  );
#707 = DIRECTION('',(0.,-1.,3.3E-16));
#708 = DIRECTION('',(1.,0.,0.));
#709 = ORIENTED_EDGE('',*,*,#710,.F.);
#710 = EDGE_CURVE('',#711,#702,#713,.T.);
#711 = VERTEX_POINT('',#712);
#712 = CARTESIAN_POINT('',(-5.090718254902E+03,-1.1E+03,159.89994174271)
  );
#713 = LINE('',#714,#715);
#714 = CARTESIAN_POINT('',(-5.090718254902E+03,-1.1E+03,159.89994174271)
  );
#715 = VECTOR('',#716,1.);
#716 = DIRECTION('',(0.,3.3E-16,1.));
#717 = ORIENTED_EDGE('',*,*,#718,.T.);
#718 = EDGE_CURVE('',#711,#719,#721,.T.);
#719 = VERTEX_POINT('',#720);
#720 = CARTESIAN_POINT('',(-5.016812604708E+03,-1.1E+03,115.98502527014)
  );
#721 = CIRCLE('',#722,50.);
#722 = AXIS2_PLACEMENT_3D('',#723,#724,#725);
#723 = CARTESIAN_POINT('',(-5.040718254902E+03,-1.1E+03,159.89994174271)
  );
#724 = DIRECTION('',(0.,-1.,3.3E-16));
#725 = DIRECTION('',(1.,0.,0.));
#726 = ORIENTED_EDGE('',*,*,#727,.F.);
#727 = EDGE_CURVE('',#728,#719,#730,.T.);
#728 = VERTEX_POINT('',#729);
#729 = CARTESIAN_POINT('',(-4.601448242E+03,-1.1E+03,342.093964));
#730 = LINE('',#731,#732);
#731 = CARTESIAN_POINT('',(-4.601448242E+03,-1.1E+03,342.093964));
#732 = VECTOR('',#733,1.);
#733 = DIRECTION('',(-0.878298329451,-1.6E-16,-0.478113003884));
#734 = ORIENTED_EDGE('',*,*,#735,.T.);
#735 = EDGE_CURVE('',#728,#736,#738,.T.);
#736 = VERTEX_POINT('',#737);
#737 = CARTESIAN_POINT('',(-4.575353892194E+03,-1.1E+03,386.00888047257)
  );
#738 = CIRCLE('',#739,50.);
#739 = AXIS2_PLACEMENT_3D('',#740,#741,#742);
#740 = CARTESIAN_POINT('',(-4.625353892194E+03,-1.1E+03,386.00888047257)
  );
#741 = DIRECTION('',(0.,-1.,3.3E-16));
#742 = DIRECTION('',(1.,0.,0.));
#743 = ORIENTED_EDGE('',*,*,#744,.F.);
#744 = EDGE_CURVE('',#745,#736,#747,.T.);
#745 = VERTEX_POINT('',#746);
#746 = CARTESIAN_POINT('',(-4.575353892194E+03,-1.1E+03,555.68278895758)
  );
#747 = LINE('',#748,#749);
#748 = CARTESIAN_POINT('',(-4.575353892194E+03,-1.1E+03,555.68278895758)
  );
#749 = VECTOR('',#750,1.);
#750 = DIRECTION('',(0.,-3.3E-16,-1.));
#751 = ORIENTED_EDGE('',*,*,#752,.T.);
#752 = EDGE_CURVE('',#745,#694,#753,.T.);
#753 = CIRCLE('',#754,50.);
#754 = AXIS2_PLACEMENT_3D('',#755,#756,#757);
#755 = CARTESIAN_POINT('',(-4.625353892194E+03,-1.1E+03,555.68278895758)
  );
#756 = DIRECTION('',(0.,-1.,3.3E-16));
#757 = DIRECTION('',(1.,0.,0.));
#758 = FACE_BOUND('',#759,.F.);
#759 = EDGE_LOOP('',(#760,#770,#779,#787,#796,#804,#813,#821));
#760 = ORIENTED_EDGE('',*,*,#761,.F.);
#761 = EDGE_CURVE('',#762,#764,#766,.T.);
#762 = VERTEX_POINT('',#763);
#763 = CARTESIAN_POINT('',(-4.770796874995E+03,-1.1E+03,1.321138428E+03)
  );
#764 = VERTEX_POINT('',#765);
#765 = CARTESIAN_POINT('',(-4.212527222E+03,-1.1E+03,1.321138428E+03));
#766 = LINE('',#767,#768);
#767 = CARTESIAN_POINT('',(-4.770796874995E+03,-1.1E+03,1.321138428E+03)
  );
#768 = VECTOR('',#769,1.);
#769 = DIRECTION('',(1.,0.,0.));
#770 = ORIENTED_EDGE('',*,*,#771,.T.);
#771 = EDGE_CURVE('',#762,#772,#774,.T.);
#772 = VERTEX_POINT('',#773);
#773 = CARTESIAN_POINT('',(-4.917933106297E+03,-1.1E+03,
    1.206395086807E+03));
#774 = CIRCLE('',#775,151.708607);
#775 = AXIS2_PLACEMENT_3D('',#776,#777,#778);
#776 = CARTESIAN_POINT('',(-4.770796874995E+03,-1.1E+03,1.169429821E+03)
  );
#777 = DIRECTION('',(0.,-1.,3.3E-16));
#778 = DIRECTION('',(1.,0.,0.));
#779 = ORIENTED_EDGE('',*,*,#780,.F.);
#780 = EDGE_CURVE('',#781,#772,#783,.T.);
#781 = VERTEX_POINT('',#782);
#782 = CARTESIAN_POINT('',(-5.042777846531E+03,-1.1E+03,709.4641389298)
  );
#783 = LINE('',#784,#785);
#784 = CARTESIAN_POINT('',(-5.042777846531E+03,-1.1E+03,709.4641389298)
  );
#785 = VECTOR('',#786,1.);
#786 = DIRECTION('',(0.243659648174,3.2E-16,0.969860802307));
#787 = ORIENTED_EDGE('',*,*,#788,.T.);
#788 = EDGE_CURVE('',#781,#789,#791,.T.);
#789 = VERTEX_POINT('',#790);
#790 = CARTESIAN_POINT('',(-4.940194507397E+03,-1.1E+03,610.59711882508)
  );
#791 = CIRCLE('',#792,82.124085);
#792 = AXIS2_PLACEMENT_3D('',#793,#794,#795);
#793 = CARTESIAN_POINT('',(-4.963128915564E+03,-1.1E+03,689.45381327206)
  );
#794 = DIRECTION('',(0.,-1.,3.3E-16));
#795 = DIRECTION('',(1.,0.,0.));
#796 = ORIENTED_EDGE('',*,*,#797,.F.);
#797 = EDGE_CURVE('',#798,#789,#800,.T.);
#798 = VERTEX_POINT('',#799);
#799 = CARTESIAN_POINT('',(-4.272047377081E+03,-1.1E+03,804.91871840401)
  );
#800 = LINE('',#801,#802);
#801 = CARTESIAN_POINT('',(-4.272047377081E+03,-1.1E+03,804.91871840401)
  );
#802 = VECTOR('',#803,1.);
#803 = DIRECTION('',(-0.960213979212,-9.E-17,-0.279265311355));
#804 = ORIENTED_EDGE('',*,*,#805,.T.);
#805 = EDGE_CURVE('',#798,#806,#808,.T.);
#806 = VERTEX_POINT('',#807);
#807 = CARTESIAN_POINT('',(-4.149675781E+03,-1.1E+03,967.95085639643));
#808 = CIRCLE('',#809,169.787299);
#809 = AXIS2_PLACEMENT_3D('',#810,#811,#812);
#810 = CARTESIAN_POINT('',(-4.31946308E+03,-1.1E+03,967.95085639643));
#811 = DIRECTION('',(0.,-1.,3.3E-16));
#812 = DIRECTION('',(1.,0.,0.));
#813 = ORIENTED_EDGE('',*,*,#814,.F.);
#814 = EDGE_CURVE('',#815,#806,#817,.T.);
#815 = VERTEX_POINT('',#816);
#816 = CARTESIAN_POINT('',(-4.149675781E+03,-1.1E+03,1.258286987E+03));
#817 = LINE('',#818,#819);
#818 = CARTESIAN_POINT('',(-4.149675781E+03,-1.1E+03,1.258286987E+03));
#819 = VECTOR('',#820,1.);
#820 = DIRECTION('',(0.,-3.3E-16,-1.));
#821 = ORIENTED_EDGE('',*,*,#822,.T.);
#822 = EDGE_CURVE('',#815,#764,#823,.T.);
#823 = CIRCLE('',#824,62.851441);
#824 = AXIS2_PLACEMENT_3D('',#825,#826,#827);
#825 = CARTESIAN_POINT('',(-4.212527222E+03,-1.1E+03,1.258286987E+03));
#826 = DIRECTION('',(0.,-1.,3.3E-16));
#827 = DIRECTION('',(1.,0.,0.));
#828 = PLANE('',#829);
#829 = AXIS2_PLACEMENT_3D('',#830,#831,#832);
#830 = CARTESIAN_POINT('',(-4.516459971339E+03,-1.1E+03,602.8423834683)
  );
#831 = DIRECTION('',(0.,1.,-5.5E-16));
#832 = DIRECTION('',(0.,5.5E-16,1.));
#833 = ADVANCED_FACE('',(#834),#852,.T.);
#834 = FACE_BOUND('',#835,.T.);
#835 = EDGE_LOOP('',(#836,#844,#845,#846));
#836 = ORIENTED_EDGE('',*,*,#837,.T.);
#837 = EDGE_CURVE('',#838,#628,#840,.T.);
#838 = VERTEX_POINT('',#839);
#839 = CARTESIAN_POINT('',(-3.539998535E+03,1.1E+03,126.46109238108));
#840 = LINE('',#841,#842);
#841 = CARTESIAN_POINT('',(-3.539998535E+03,1.1E+03,126.46109238108));
#842 = VECTOR('',#843,1.);
#843 = DIRECTION('',(0.,-1.,7.7E-16));
#844 = ORIENTED_EDGE('',*,*,#635,.T.);
#845 = ORIENTED_EDGE('',*,*,#484,.F.);
#846 = ORIENTED_EDGE('',*,*,#847,.F.);
#847 = EDGE_CURVE('',#838,#485,#848,.T.);
#848 = LINE('',#849,#850);
#849 = CARTESIAN_POINT('',(-3.539998535E+03,1.1E+03,126.46109238108));
#850 = VECTOR('',#851,1.);
#851 = DIRECTION('',(-1.,0.,0.));
#852 = PLANE('',#853);
#853 = AXIS2_PLACEMENT_3D('',#854,#855,#856);
#854 = CARTESIAN_POINT('',(-3.539998535E+03,1.1E+03,126.46109238108));
#855 = DIRECTION('',(0.,-7.7E-16,-1.));
#856 = DIRECTION('',(-1.,0.,0.));
#857 = ADVANCED_FACE('',(#858,#934,#1004),#1074,.T.);
#858 = FACE_BOUND('',#859,.T.);
#859 = EDGE_LOOP('',(#860,#870,#879,#885,#886,#887,#888,#896,#904,#912,
    #920,#928));
#860 = ORIENTED_EDGE('',*,*,#861,.T.);
#861 = EDGE_CURVE('',#862,#864,#866,.T.);
#862 = VERTEX_POINT('',#863);
#863 = CARTESIAN_POINT('',(-5.030182617E+03,1.1E+03,1.522117432E+03));
#864 = VERTEX_POINT('',#865);
#865 = CARTESIAN_POINT('',(-3.739998535E+03,1.1E+03,1.522117432E+03));
#866 = LINE('',#867,#868);
#867 = CARTESIAN_POINT('',(-5.030182617E+03,1.1E+03,1.522117432E+03));
#868 = VECTOR('',#869,1.);
#869 = DIRECTION('',(1.,0.,0.));
#870 = ORIENTED_EDGE('',*,*,#871,.T.);
#871 = EDGE_CURVE('',#864,#872,#874,.T.);
#872 = VERTEX_POINT('',#873);
#873 = CARTESIAN_POINT('',(-3.539998535E+03,1.1E+03,1.322117432E+03));
#874 = CIRCLE('',#875,200.);
#875 = AXIS2_PLACEMENT_3D('',#876,#877,#878);
#876 = CARTESIAN_POINT('',(-3.739998535E+03,1.1E+03,1.322117432E+03));
#877 = DIRECTION('',(0.,1.,-7.7E-16));
#878 = DIRECTION('',(0.,-7.7E-16,-1.));
#879 = ORIENTED_EDGE('',*,*,#880,.T.);
#880 = EDGE_CURVE('',#872,#838,#881,.T.);
#881 = LINE('',#882,#883);
#882 = CARTESIAN_POINT('',(-3.539998535E+03,1.1E+03,1.522117432E+03));
#883 = VECTOR('',#884,1.);
#884 = DIRECTION('',(0.,-3.3E-16,-1.));
#885 = ORIENTED_EDGE('',*,*,#847,.T.);
#886 = ORIENTED_EDGE('',*,*,#492,.T.);
#887 = ORIENTED_EDGE('',*,*,#548,.T.);
#888 = ORIENTED_EDGE('',*,*,#889,.T.);
#889 = EDGE_CURVE('',#549,#890,#892,.T.);
#890 = VERTEX_POINT('',#891);
#891 = CARTESIAN_POINT('',(-5.472722168E+03,1.1E+03,-432.85327));
#892 = LINE('',#893,#894);
#893 = CARTESIAN_POINT('',(-4.86772501E+03,1.1E+03,-432.85327));
#894 = VECTOR('',#895,1.);
#895 = DIRECTION('',(-1.,0.,0.));
#896 = ORIENTED_EDGE('',*,*,#897,.T.);
#897 = EDGE_CURVE('',#890,#898,#900,.T.);
#898 = VERTEX_POINT('',#899);
#899 = CARTESIAN_POINT('',(-5.472722168E+03,1.1E+03,-162.242111));
#900 = LINE('',#901,#902);
#901 = CARTESIAN_POINT('',(-5.472722168E+03,1.1E+03,-432.85327));
#902 = VECTOR('',#903,1.);
#903 = DIRECTION('',(0.,3.3E-16,1.));
#904 = ORIENTED_EDGE('',*,*,#905,.T.);
#905 = EDGE_CURVE('',#898,#906,#908,.T.);
#906 = VERTEX_POINT('',#907);
#907 = CARTESIAN_POINT('',(-5.409502441E+03,1.1E+03,-8.54E-13));
#908 = LINE('',#909,#910);
#909 = CARTESIAN_POINT('',(-5.472722168E+03,1.1E+03,-162.242111));
#910 = VECTOR('',#911,1.);
#911 = DIRECTION('',(0.363072609011,3.1E-16,0.93176084946));
#912 = ORIENTED_EDGE('',*,*,#913,.T.);
#913 = EDGE_CURVE('',#906,#914,#916,.T.);
#914 = VERTEX_POINT('',#915);
#915 = CARTESIAN_POINT('',(-5.409502441E+03,1.1E+03,632.52282699999));
#916 = LINE('',#917,#918);
#917 = CARTESIAN_POINT('',(-5.409502441E+03,1.1E+03,-9.0949E-13));
#918 = VECTOR('',#919,1.);
#919 = DIRECTION('',(0.,3.3E-16,1.));
#920 = ORIENTED_EDGE('',*,*,#921,.T.);
#921 = EDGE_CURVE('',#914,#922,#924,.T.);
#922 = VERTEX_POINT('',#923);
#923 = CARTESIAN_POINT('',(-5.337250977E+03,1.1E+03,646.06976299999));
#924 = LINE('',#925,#926);
#925 = CARTESIAN_POINT('',(-5.409502441E+03,1.1E+03,632.52282699999));
#926 = VECTOR('',#927,1.);
#927 = DIRECTION('',(0.982872713001,6.E-17,0.184285729341));
#928 = ORIENTED_EDGE('',*,*,#929,.T.);
#929 = EDGE_CURVE('',#922,#862,#930,.T.);
#930 = LINE('',#931,#932);
#931 = CARTESIAN_POINT('',(-5.337250977E+03,1.1E+03,646.06976299999));
#932 = VECTOR('',#933,1.);
#933 = DIRECTION('',(0.330783850614,3.1E-16,0.943706545581));
#934 = FACE_BOUND('',#935,.T.);
#935 = EDGE_LOOP('',(#936,#946,#955,#963,#972,#980,#989,#997));
#936 = ORIENTED_EDGE('',*,*,#937,.F.);
#937 = EDGE_CURVE('',#938,#940,#942,.T.);
#938 = VERTEX_POINT('',#939);
#939 = CARTESIAN_POINT('',(-5.060438377136E+03,1.1E+03,423.35785657834)
  );
#940 = VERTEX_POINT('',#941);
#941 = CARTESIAN_POINT('',(-4.645074014428E+03,1.1E+03,601.62967981077)
  );
#942 = LINE('',#943,#944);
#943 = CARTESIAN_POINT('',(-5.060438377136E+03,1.1E+03,423.35785657834)
  );
#944 = VECTOR('',#945,1.);
#945 = DIRECTION('',(0.918937817064,-5.E-17,0.394402444681));
#946 = ORIENTED_EDGE('',*,*,#947,.T.);
#947 = EDGE_CURVE('',#938,#948,#950,.T.);
#948 = VERTEX_POINT('',#949);
#949 = CARTESIAN_POINT('',(-5.090718254902E+03,1.1E+03,377.41096572516)
  );
#950 = CIRCLE('',#951,50.);
#951 = AXIS2_PLACEMENT_3D('',#952,#953,#954);
#952 = CARTESIAN_POINT('',(-5.040718254902E+03,1.1E+03,377.41096572516)
  );
#953 = DIRECTION('',(0.,-1.,-1.1E-16));
#954 = DIRECTION('',(1.,0.,0.));
#955 = ORIENTED_EDGE('',*,*,#956,.F.);
#956 = EDGE_CURVE('',#957,#948,#959,.T.);
#957 = VERTEX_POINT('',#958);
#958 = CARTESIAN_POINT('',(-5.090718254902E+03,1.1E+03,159.89994174271)
  );
#959 = LINE('',#960,#961);
#960 = CARTESIAN_POINT('',(-5.090718254902E+03,1.1E+03,159.89994174271)
  );
#961 = VECTOR('',#962,1.);
#962 = DIRECTION('',(0.,-1.1E-16,1.));
#963 = ORIENTED_EDGE('',*,*,#964,.T.);
#964 = EDGE_CURVE('',#957,#965,#967,.T.);
#965 = VERTEX_POINT('',#966);
#966 = CARTESIAN_POINT('',(-5.016812604708E+03,1.1E+03,115.98502527014)
  );
#967 = CIRCLE('',#968,50.);
#968 = AXIS2_PLACEMENT_3D('',#969,#970,#971);
#969 = CARTESIAN_POINT('',(-5.040718254902E+03,1.1E+03,159.89994174271)
  );
#970 = DIRECTION('',(0.,-1.,-1.1E-16));
#971 = DIRECTION('',(1.,0.,0.));
#972 = ORIENTED_EDGE('',*,*,#973,.F.);
#973 = EDGE_CURVE('',#974,#965,#976,.T.);
#974 = VERTEX_POINT('',#975);
#975 = CARTESIAN_POINT('',(-4.601448242E+03,1.1E+03,342.093964));
#976 = LINE('',#977,#978);
#977 = CARTESIAN_POINT('',(-4.601448242E+03,1.1E+03,342.093964));
#978 = VECTOR('',#979,1.);
#979 = DIRECTION('',(-0.878298329451,5.E-17,-0.478113003884));
#980 = ORIENTED_EDGE('',*,*,#981,.T.);
#981 = EDGE_CURVE('',#974,#982,#984,.T.);
#982 = VERTEX_POINT('',#983);
#983 = CARTESIAN_POINT('',(-4.575353892194E+03,1.1E+03,386.00888047257)
  );
#984 = CIRCLE('',#985,50.);
#985 = AXIS2_PLACEMENT_3D('',#986,#987,#988);
#986 = CARTESIAN_POINT('',(-4.625353892194E+03,1.1E+03,386.00888047257)
  );
#987 = DIRECTION('',(0.,-1.,-1.1E-16));
#988 = DIRECTION('',(1.,0.,0.));
#989 = ORIENTED_EDGE('',*,*,#990,.F.);
#990 = EDGE_CURVE('',#991,#982,#993,.T.);
#991 = VERTEX_POINT('',#992);
#992 = CARTESIAN_POINT('',(-4.575353892194E+03,1.1E+03,555.68278895758)
  );
#993 = LINE('',#994,#995);
#994 = CARTESIAN_POINT('',(-4.575353892194E+03,1.1E+03,555.68278895758)
  );
#995 = VECTOR('',#996,1.);
#996 = DIRECTION('',(0.,1.1E-16,-1.));
#997 = ORIENTED_EDGE('',*,*,#998,.T.);
#998 = EDGE_CURVE('',#991,#940,#999,.T.);
#999 = CIRCLE('',#1000,50.);
#1000 = AXIS2_PLACEMENT_3D('',#1001,#1002,#1003);
#1001 = CARTESIAN_POINT('',(-4.625353892194E+03,1.1E+03,555.68278895758)
  );
#1002 = DIRECTION('',(0.,-1.,-1.1E-16));
#1003 = DIRECTION('',(1.,0.,0.));
#1004 = FACE_BOUND('',#1005,.T.);
#1005 = EDGE_LOOP('',(#1006,#1016,#1025,#1033,#1042,#1050,#1059,#1067));
#1006 = ORIENTED_EDGE('',*,*,#1007,.F.);
#1007 = EDGE_CURVE('',#1008,#1010,#1012,.T.);
#1008 = VERTEX_POINT('',#1009);
#1009 = CARTESIAN_POINT('',(-4.770796874995E+03,1.1E+03,1.321138428E+03)
  );
#1010 = VERTEX_POINT('',#1011);
#1011 = CARTESIAN_POINT('',(-4.212527222E+03,1.1E+03,1.321138428E+03));
#1012 = LINE('',#1013,#1014);
#1013 = CARTESIAN_POINT('',(-4.770796874995E+03,1.1E+03,1.321138428E+03)
  );
#1014 = VECTOR('',#1015,1.);
#1015 = DIRECTION('',(1.,0.,0.));
#1016 = ORIENTED_EDGE('',*,*,#1017,.T.);
#1017 = EDGE_CURVE('',#1008,#1018,#1020,.T.);
#1018 = VERTEX_POINT('',#1019);
#1019 = CARTESIAN_POINT('',(-4.917933106297E+03,1.1E+03,
    1.206395086807E+03));
#1020 = CIRCLE('',#1021,151.708607);
#1021 = AXIS2_PLACEMENT_3D('',#1022,#1023,#1024);
#1022 = CARTESIAN_POINT('',(-4.770796874995E+03,1.1E+03,1.169429821E+03)
  );
#1023 = DIRECTION('',(0.,-1.,-1.1E-16));
#1024 = DIRECTION('',(1.,0.,0.));
#1025 = ORIENTED_EDGE('',*,*,#1026,.F.);
#1026 = EDGE_CURVE('',#1027,#1018,#1029,.T.);
#1027 = VERTEX_POINT('',#1028);
#1028 = CARTESIAN_POINT('',(-5.042777846531E+03,1.1E+03,709.4641389298)
  );
#1029 = LINE('',#1030,#1031);
#1030 = CARTESIAN_POINT('',(-5.042777846531E+03,1.1E+03,709.4641389298)
  );
#1031 = VECTOR('',#1032,1.);
#1032 = DIRECTION('',(0.243659648174,-1.1E-16,0.969860802307));
#1033 = ORIENTED_EDGE('',*,*,#1034,.T.);
#1034 = EDGE_CURVE('',#1027,#1035,#1037,.T.);
#1035 = VERTEX_POINT('',#1036);
#1036 = CARTESIAN_POINT('',(-4.940194507397E+03,1.1E+03,610.59711882507)
  );
#1037 = CIRCLE('',#1038,82.124085);
#1038 = AXIS2_PLACEMENT_3D('',#1039,#1040,#1041);
#1039 = CARTESIAN_POINT('',(-4.963128915564E+03,1.1E+03,689.45381327206)
  );
#1040 = DIRECTION('',(0.,-1.,-1.1E-16));
#1041 = DIRECTION('',(1.,0.,0.));
#1042 = ORIENTED_EDGE('',*,*,#1043,.F.);
#1043 = EDGE_CURVE('',#1044,#1035,#1046,.T.);
#1044 = VERTEX_POINT('',#1045);
#1045 = CARTESIAN_POINT('',(-4.272047377081E+03,1.1E+03,804.91871840401)
  );
#1046 = LINE('',#1047,#1048);
#1047 = CARTESIAN_POINT('',(-4.272047377081E+03,1.1E+03,804.91871840401)
  );
#1048 = VECTOR('',#1049,1.);
#1049 = DIRECTION('',(-0.960213979212,3.E-17,-0.279265311355));
#1050 = ORIENTED_EDGE('',*,*,#1051,.T.);
#1051 = EDGE_CURVE('',#1044,#1052,#1054,.T.);
#1052 = VERTEX_POINT('',#1053);
#1053 = CARTESIAN_POINT('',(-4.149675781E+03,1.1E+03,967.95085639643));
#1054 = CIRCLE('',#1055,169.787299);
#1055 = AXIS2_PLACEMENT_3D('',#1056,#1057,#1058);
#1056 = CARTESIAN_POINT('',(-4.31946308E+03,1.1E+03,967.95085639643));
#1057 = DIRECTION('',(0.,-1.,-1.1E-16));
#1058 = DIRECTION('',(1.,0.,0.));
#1059 = ORIENTED_EDGE('',*,*,#1060,.F.);
#1060 = EDGE_CURVE('',#1061,#1052,#1063,.T.);
#1061 = VERTEX_POINT('',#1062);
#1062 = CARTESIAN_POINT('',(-4.149675781E+03,1.1E+03,1.258286987E+03));
#1063 = LINE('',#1064,#1065);
#1064 = CARTESIAN_POINT('',(-4.149675781E+03,1.1E+03,1.258286987E+03));
#1065 = VECTOR('',#1066,1.);
#1066 = DIRECTION('',(0.,1.1E-16,-1.));
#1067 = ORIENTED_EDGE('',*,*,#1068,.T.);
#1068 = EDGE_CURVE('',#1061,#1010,#1069,.T.);
#1069 = CIRCLE('',#1070,62.851441);
#1070 = AXIS2_PLACEMENT_3D('',#1071,#1072,#1073);
#1071 = CARTESIAN_POINT('',(-4.212527222E+03,1.1E+03,1.258286987E+03));
#1072 = DIRECTION('',(0.,-1.,-1.1E-16));
#1073 = DIRECTION('',(1.,0.,0.));
#1074 = PLANE('',#1075);
#1075 = AXIS2_PLACEMENT_3D('',#1076,#1077,#1078);
#1076 = CARTESIAN_POINT('',(-4.516459971339E+03,1.1E+03,602.84238346829)
  );
#1077 = DIRECTION('',(0.,1.,-5.5E-16));
#1078 = DIRECTION('',(0.,5.5E-16,1.));
#1079 = ADVANCED_FACE('',(#1080),#1099,.T.);
#1080 = FACE_BOUND('',#1081,.T.);
#1081 = EDGE_LOOP('',(#1082,#1090,#1097,#1098));
#1082 = ORIENTED_EDGE('',*,*,#1083,.T.);
#1083 = EDGE_CURVE('',#520,#1084,#1086,.T.);
#1084 = VERTEX_POINT('',#1085);
#1085 = CARTESIAN_POINT('',(25.,-550.,-6.1E-14));
#1086 = LINE('',#1087,#1088);
#1087 = CARTESIAN_POINT('',(25.,550.,6.106E-14));
#1088 = VECTOR('',#1089,1.);
#1089 = DIRECTION('',(0.,-1.,-1.1E-16));
#1090 = ORIENTED_EDGE('',*,*,#1091,.F.);
#1091 = EDGE_CURVE('',#1084,#1084,#1092,.T.);
#1092 = CIRCLE('',#1093,25.);
#1093 = AXIS2_PLACEMENT_3D('',#1094,#1095,#1096);
#1094 = CARTESIAN_POINT('',(0.,-550.,-1.1369E-13));
#1095 = DIRECTION('',(0.,-1.,-1.1E-16));
#1096 = DIRECTION('',(1.,0.,0.));
#1097 = ORIENTED_EDGE('',*,*,#1083,.F.);
#1098 = ORIENTED_EDGE('',*,*,#519,.F.);
#1099 = CYLINDRICAL_SURFACE('',#1100,25.);
#1100 = AXIS2_PLACEMENT_3D('',#1101,#1102,#1103);
#1101 = CARTESIAN_POINT('',(0.,550.,6.106E-14));
#1102 = DIRECTION('',(0.,1.,1.1E-16));
#1103 = DIRECTION('',(1.,0.,0.));
#1104 = ADVANCED_FACE('',(#1105),#1116,.T.);
#1105 = FACE_BOUND('',#1106,.T.);
#1106 = EDGE_LOOP('',(#1107,#1108,#1109,#1115));
#1107 = ORIENTED_EDGE('',*,*,#569,.T.);
#1108 = ORIENTED_EDGE('',*,*,#643,.T.);
#1109 = ORIENTED_EDGE('',*,*,#1110,.F.);
#1110 = EDGE_CURVE('',#890,#644,#1111,.T.);
#1111 = LINE('',#1112,#1113);
#1112 = CARTESIAN_POINT('',(-5.472722168E+03,1.1E+03,-432.85327));
#1113 = VECTOR('',#1114,1.);
#1114 = DIRECTION('',(0.,-1.,7.7E-16));
#1115 = ORIENTED_EDGE('',*,*,#889,.F.);
#1116 = PLANE('',#1117);
#1117 = AXIS2_PLACEMENT_3D('',#1118,#1119,#1120);
#1118 = CARTESIAN_POINT('',(-4.86772501E+03,1.1E+03,-432.85327));
#1119 = DIRECTION('',(0.,-7.7E-16,-1.));
#1120 = DIRECTION('',(-1.,0.,0.));
#1121 = ADVANCED_FACE('',(#1122),#1125,.T.);
#1122 = FACE_BOUND('',#1123,.F.);
#1123 = EDGE_LOOP('',(#1124));
#1124 = ORIENTED_EDGE('',*,*,#593,.T.);
#1125 = PLANE('',#1126);
#1126 = AXIS2_PLACEMENT_3D('',#1127,#1128,#1129);
#1127 = CARTESIAN_POINT('',(-1.75E-15,550.,1.1369E-13));
#1128 = DIRECTION('',(0.,1.,1.1E-16));
#1129 = DIRECTION('',(0.,-1.1E-16,1.));
#1130 = ADVANCED_FACE('',(#1131),#1147,.T.);
#1131 = FACE_BOUND('',#1132,.T.);
#1132 = EDGE_LOOP('',(#1133,#1134,#1140,#1141));
#1133 = ORIENTED_EDGE('',*,*,#861,.F.);
#1134 = ORIENTED_EDGE('',*,*,#1135,.T.);
#1135 = EDGE_CURVE('',#862,#609,#1136,.T.);
#1136 = LINE('',#1137,#1138);
#1137 = CARTESIAN_POINT('',(-5.030182617E+03,1.1E+03,1.522117432E+03));
#1138 = VECTOR('',#1139,1.);
#1139 = DIRECTION('',(0.,-1.,7.7E-16));
#1140 = ORIENTED_EDGE('',*,*,#608,.T.);
#1141 = ORIENTED_EDGE('',*,*,#1142,.F.);
#1142 = EDGE_CURVE('',#864,#611,#1143,.T.);
#1143 = LINE('',#1144,#1145);
#1144 = CARTESIAN_POINT('',(-3.739998535E+03,1.1E+03,1.522117432E+03));
#1145 = VECTOR('',#1146,1.);
#1146 = DIRECTION('',(0.,-1.,7.7E-16));
#1147 = PLANE('',#1148);
#1148 = AXIS2_PLACEMENT_3D('',#1149,#1150,#1151);
#1149 = CARTESIAN_POINT('',(-5.030182617E+03,1.1E+03,1.522117432E+03));
#1150 = DIRECTION('',(0.,7.7E-16,1.));
#1151 = DIRECTION('',(1.,0.,0.));
#1152 = ADVANCED_FACE('',(#1153),#1164,.T.);
#1153 = FACE_BOUND('',#1154,.T.);
#1154 = EDGE_LOOP('',(#1155,#1156,#1157,#1163));
#1155 = ORIENTED_EDGE('',*,*,#1142,.T.);
#1156 = ORIENTED_EDGE('',*,*,#618,.T.);
#1157 = ORIENTED_EDGE('',*,*,#1158,.F.);
#1158 = EDGE_CURVE('',#872,#619,#1159,.T.);
#1159 = LINE('',#1160,#1161);
#1160 = CARTESIAN_POINT('',(-3.539998535E+03,1.1E+03,1.322117432E+03));
#1161 = VECTOR('',#1162,1.);
#1162 = DIRECTION('',(0.,-1.,7.7E-16));
#1163 = ORIENTED_EDGE('',*,*,#871,.F.);
#1164 = CYLINDRICAL_SURFACE('',#1165,200.);
#1165 = AXIS2_PLACEMENT_3D('',#1166,#1167,#1168);
#1166 = CARTESIAN_POINT('',(-3.739998535E+03,1.1E+03,1.322117432E+03));
#1167 = DIRECTION('',(0.,-1.,7.7E-16));
#1168 = DIRECTION('',(0.,7.7E-16,1.));
#1169 = ADVANCED_FACE('',(#1170),#1176,.T.);
#1170 = FACE_BOUND('',#1171,.T.);
#1171 = EDGE_LOOP('',(#1172,#1173,#1174,#1175));
#1172 = ORIENTED_EDGE('',*,*,#880,.F.);
#1173 = ORIENTED_EDGE('',*,*,#1158,.T.);
#1174 = ORIENTED_EDGE('',*,*,#627,.T.);
#1175 = ORIENTED_EDGE('',*,*,#837,.F.);
#1176 = PLANE('',#1177);
#1177 = AXIS2_PLACEMENT_3D('',#1178,#1179,#1180);
#1178 = CARTESIAN_POINT('',(-3.539998535E+03,1.1E+03,1.522117432E+03));
#1179 = DIRECTION('',(1.,0.,0.));
#1180 = DIRECTION('',(0.,-7.7E-16,-1.));
#1181 = ADVANCED_FACE('',(#1182),#1193,.T.);
#1182 = FACE_BOUND('',#1183,.T.);
#1183 = EDGE_LOOP('',(#1184,#1185,#1186,#1192));
#1184 = ORIENTED_EDGE('',*,*,#1110,.T.);
#1185 = ORIENTED_EDGE('',*,*,#651,.T.);
#1186 = ORIENTED_EDGE('',*,*,#1187,.F.);
#1187 = EDGE_CURVE('',#898,#652,#1188,.T.);
#1188 = LINE('',#1189,#1190);
#1189 = CARTESIAN_POINT('',(-5.472722168E+03,1.1E+03,-162.242111));
#1190 = VECTOR('',#1191,1.);
#1191 = DIRECTION('',(0.,-1.,7.7E-16));
#1192 = ORIENTED_EDGE('',*,*,#897,.F.);
#1193 = PLANE('',#1194);
#1194 = AXIS2_PLACEMENT_3D('',#1195,#1196,#1197);
#1195 = CARTESIAN_POINT('',(-5.472722168E+03,1.1E+03,-432.85327));
#1196 = DIRECTION('',(-1.,0.,0.));
#1197 = DIRECTION('',(0.,7.7E-16,1.));
#1198 = ADVANCED_FACE('',(#1199),#1210,.T.);
#1199 = FACE_BOUND('',#1200,.T.);
#1200 = EDGE_LOOP('',(#1201,#1202,#1203,#1209));
#1201 = ORIENTED_EDGE('',*,*,#1187,.T.);
#1202 = ORIENTED_EDGE('',*,*,#659,.T.);
#1203 = ORIENTED_EDGE('',*,*,#1204,.F.);
#1204 = EDGE_CURVE('',#906,#660,#1205,.T.);
#1205 = LINE('',#1206,#1207);
#1206 = CARTESIAN_POINT('',(-5.409502441E+03,1.1E+03,-8.5487E-13));
#1207 = VECTOR('',#1208,1.);
#1208 = DIRECTION('',(0.,-1.,7.7E-16));
#1209 = ORIENTED_EDGE('',*,*,#905,.F.);
#1210 = PLANE('',#1211);
#1211 = AXIS2_PLACEMENT_3D('',#1212,#1213,#1214);
#1212 = CARTESIAN_POINT('',(-5.472722168E+03,1.1E+03,-162.242111));
#1213 = DIRECTION('',(-0.93176084946,2.8E-16,0.363072609011));
#1214 = DIRECTION('',(0.363072609011,7.2E-16,0.93176084946));
#1215 = ADVANCED_FACE('',(#1216),#1227,.T.);
#1216 = FACE_BOUND('',#1217,.T.);
#1217 = EDGE_LOOP('',(#1218,#1219,#1220,#1226));
#1218 = ORIENTED_EDGE('',*,*,#1204,.T.);
#1219 = ORIENTED_EDGE('',*,*,#667,.T.);
#1220 = ORIENTED_EDGE('',*,*,#1221,.F.);
#1221 = EDGE_CURVE('',#914,#668,#1222,.T.);
#1222 = LINE('',#1223,#1224);
#1223 = CARTESIAN_POINT('',(-5.409502441E+03,1.1E+03,632.52282699999));
#1224 = VECTOR('',#1225,1.);
#1225 = DIRECTION('',(0.,-1.,7.7E-16));
#1226 = ORIENTED_EDGE('',*,*,#913,.F.);
#1227 = PLANE('',#1228);
#1228 = AXIS2_PLACEMENT_3D('',#1229,#1230,#1231);
#1229 = CARTESIAN_POINT('',(-5.409502441E+03,1.1E+03,-8.5487E-13));
#1230 = DIRECTION('',(-1.,0.,0.));
#1231 = DIRECTION('',(0.,7.7E-16,1.));
#1232 = ADVANCED_FACE('',(#1233),#1244,.T.);
#1233 = FACE_BOUND('',#1234,.T.);
#1234 = EDGE_LOOP('',(#1235,#1236,#1237,#1243));
#1235 = ORIENTED_EDGE('',*,*,#1221,.T.);
#1236 = ORIENTED_EDGE('',*,*,#675,.T.);
#1237 = ORIENTED_EDGE('',*,*,#1238,.F.);
#1238 = EDGE_CURVE('',#922,#676,#1239,.T.);
#1239 = LINE('',#1240,#1241);
#1240 = CARTESIAN_POINT('',(-5.337250977E+03,1.1E+03,646.06976299999));
#1241 = VECTOR('',#1242,1.);
#1242 = DIRECTION('',(0.,-1.,7.7E-16));
#1243 = ORIENTED_EDGE('',*,*,#921,.F.);
#1244 = PLANE('',#1245);
#1245 = AXIS2_PLACEMENT_3D('',#1246,#1247,#1248);
#1246 = CARTESIAN_POINT('',(-5.409502441E+03,1.1E+03,632.52282699999));
#1247 = DIRECTION('',(-0.184285729341,7.7E-16,0.982872713001));
#1248 = DIRECTION('',(0.982872713001,1.4E-16,0.184285729341));
#1249 = ADVANCED_FACE('',(#1250,#1256),#1326,.T.);
#1250 = FACE_BOUND('',#1251,.T.);
#1251 = EDGE_LOOP('',(#1252,#1253,#1254,#1255));
#1252 = ORIENTED_EDGE('',*,*,#1238,.T.);
#1253 = ORIENTED_EDGE('',*,*,#683,.T.);
#1254 = ORIENTED_EDGE('',*,*,#1135,.F.);
#1255 = ORIENTED_EDGE('',*,*,#929,.F.);
#1256 = FACE_BOUND('',#1257,.T.);
#1257 = EDGE_LOOP('',(#1258,#1268,#1277,#1285,#1294,#1302,#1311,#1319));
#1258 = ORIENTED_EDGE('',*,*,#1259,.F.);
#1259 = EDGE_CURVE('',#1260,#1262,#1264,.T.);
#1260 = VERTEX_POINT('',#1261);
#1261 = CARTESIAN_POINT('',(-5.089775595299E+03,956.54075315619,
    1.352102228454E+03));
#1262 = VERTEX_POINT('',#1263);
#1263 = CARTESIAN_POINT('',(-5.243470502575E+03,956.54075315619,
    913.6198486466));
#1264 = LINE('',#1265,#1266);
#1265 = CARTESIAN_POINT('',(-5.089775595299E+03,956.54075315619,
    1.352102228454E+03));
#1266 = VECTOR('',#1267,1.);
#1267 = DIRECTION('',(-0.330783850614,-3.1E-16,-0.943706545581));
#1268 = ORIENTED_EDGE('',*,*,#1269,.F.);
#1269 = EDGE_CURVE('',#1270,#1260,#1272,.T.);
#1270 = VERTEX_POINT('',#1271);
#1271 = CARTESIAN_POINT('',(-5.073236402769E+03,906.54075315619,
    1.399287555733E+03));
#1272 = CIRCLE('',#1273,50.);
#1273 = AXIS2_PLACEMENT_3D('',#1274,#1275,#1276);
#1274 = CARTESIAN_POINT('',(-5.089775595299E+03,906.54075315619,
    1.352102228454E+03));
#1275 = DIRECTION('',(-0.943706545581,1.1E-16,0.330783850614));
#1276 = DIRECTION('',(-0.330783850614,-3.1E-16,-0.943706545581));
#1277 = ORIENTED_EDGE('',*,*,#1278,.F.);
#1278 = EDGE_CURVE('',#1279,#1270,#1281,.T.);
#1279 = VERTEX_POINT('',#1280);
#1280 = CARTESIAN_POINT('',(-5.073236402769E+03,-921.703186347,
    1.399287555733E+03));
#1281 = LINE('',#1282,#1283);
#1282 = CARTESIAN_POINT('',(-5.073236402769E+03,-921.703186347,
    1.399287555733E+03));
#1283 = VECTOR('',#1284,1.);
#1284 = DIRECTION('',(0.,1.,-3.3E-16));
#1285 = ORIENTED_EDGE('',*,*,#1286,.F.);
#1286 = EDGE_CURVE('',#1287,#1279,#1289,.T.);
#1287 = VERTEX_POINT('',#1288);
#1288 = CARTESIAN_POINT('',(-5.089775595299E+03,-971.703186347,
    1.352102228454E+03));
#1289 = CIRCLE('',#1290,50.);
#1290 = AXIS2_PLACEMENT_3D('',#1291,#1292,#1293);
#1291 = CARTESIAN_POINT('',(-5.089775595299E+03,-921.703186347,
    1.352102228454E+03));
#1292 = DIRECTION('',(-0.943706545581,1.1E-16,0.330783850614));
#1293 = DIRECTION('',(-0.330783850614,-3.1E-16,-0.943706545581));
#1294 = ORIENTED_EDGE('',*,*,#1295,.F.);
#1295 = EDGE_CURVE('',#1296,#1287,#1298,.T.);
#1296 = VERTEX_POINT('',#1297);
#1297 = CARTESIAN_POINT('',(-5.243470502575E+03,-971.703186347,
    913.6198486466));
#1298 = LINE('',#1299,#1300);
#1299 = CARTESIAN_POINT('',(-5.243470502575E+03,-971.703186347,
    913.6198486466));
#1300 = VECTOR('',#1301,1.);
#1301 = DIRECTION('',(0.330783850614,3.1E-16,0.943706545581));
#1302 = ORIENTED_EDGE('',*,*,#1303,.F.);
#1303 = EDGE_CURVE('',#1304,#1296,#1306,.T.);
#1304 = VERTEX_POINT('',#1305);
#1305 = CARTESIAN_POINT('',(-5.260009695106E+03,-921.703186347,
    866.43452136753));
#1306 = CIRCLE('',#1307,50.);
#1307 = AXIS2_PLACEMENT_3D('',#1308,#1309,#1310);
#1308 = CARTESIAN_POINT('',(-5.243470502575E+03,-921.703186347,
    913.6198486466));
#1309 = DIRECTION('',(-0.943706545581,1.1E-16,0.330783850614));
#1310 = DIRECTION('',(-0.330783850614,-3.1E-16,-0.943706545581));
#1311 = ORIENTED_EDGE('',*,*,#1312,.F.);
#1312 = EDGE_CURVE('',#1313,#1304,#1315,.T.);
#1313 = VERTEX_POINT('',#1314);
#1314 = CARTESIAN_POINT('',(-5.260009695106E+03,906.54075315619,
    866.43452136753));
#1315 = LINE('',#1316,#1317);
#1316 = CARTESIAN_POINT('',(-5.260009695106E+03,906.54075315619,
    866.43452136753));
#1317 = VECTOR('',#1318,1.);
#1318 = DIRECTION('',(0.,-1.,3.3E-16));
#1319 = ORIENTED_EDGE('',*,*,#1320,.F.);
#1320 = EDGE_CURVE('',#1262,#1313,#1321,.T.);
#1321 = CIRCLE('',#1322,50.);
#1322 = AXIS2_PLACEMENT_3D('',#1323,#1324,#1325);
#1323 = CARTESIAN_POINT('',(-5.243470502575E+03,906.54075315619,
    913.6198486466));
#1324 = DIRECTION('',(-0.943706545581,1.1E-16,0.330783850614));
#1325 = DIRECTION('',(-0.330783850614,-3.1E-16,-0.943706545581));
#1326 = PLANE('',#1327);
#1327 = AXIS2_PLACEMENT_3D('',#1328,#1329,#1330);
#1328 = CARTESIAN_POINT('',(-5.337250977E+03,1.1E+03,646.06976299999));
#1329 = DIRECTION('',(-0.943706545581,2.6E-16,0.330783850614));
#1330 = DIRECTION('',(0.330783850614,7.3E-16,0.943706545581));
#1331 = ADVANCED_FACE('',(#1332),#1357,.T.);
#1332 = FACE_BOUND('',#1333,.T.);
#1333 = EDGE_LOOP('',(#1334,#1342,#1350,#1356));
#1334 = ORIENTED_EDGE('',*,*,#1335,.T.);
#1335 = EDGE_CURVE('',#692,#1336,#1338,.T.);
#1336 = VERTEX_POINT('',#1337);
#1337 = CARTESIAN_POINT('',(-5.060438377136E+03,-1.05E+03,
    423.35785657834));
#1338 = LINE('',#1339,#1340);
#1339 = CARTESIAN_POINT('',(-5.060438377136E+03,-1.1E+03,423.35785657834
    ));
#1340 = VECTOR('',#1341,1.);
#1341 = DIRECTION('',(0.,1.,-7.7E-16));
#1342 = ORIENTED_EDGE('',*,*,#1343,.T.);
#1343 = EDGE_CURVE('',#1336,#1344,#1346,.T.);
#1344 = VERTEX_POINT('',#1345);
#1345 = CARTESIAN_POINT('',(-4.645074014428E+03,-1.05E+03,
    601.62967981077));
#1346 = LINE('',#1347,#1348);
#1347 = CARTESIAN_POINT('',(-5.060438377136E+03,-1.05E+03,
    423.35785657834));
#1348 = VECTOR('',#1349,1.);
#1349 = DIRECTION('',(0.918937817064,1.3E-16,0.394402444681));
#1350 = ORIENTED_EDGE('',*,*,#1351,.F.);
#1351 = EDGE_CURVE('',#694,#1344,#1352,.T.);
#1352 = LINE('',#1353,#1354);
#1353 = CARTESIAN_POINT('',(-4.645074014428E+03,-1.1E+03,601.62967981077
    ));
#1354 = VECTOR('',#1355,1.);
#1355 = DIRECTION('',(0.,1.,-7.7E-16));
#1356 = ORIENTED_EDGE('',*,*,#691,.F.);
#1357 = PLANE('',#1358);
#1358 = AXIS2_PLACEMENT_3D('',#1359,#1360,#1361);
#1359 = CARTESIAN_POINT('',(-5.060438377136E+03,-1.1E+03,423.35785657834
    ));
#1360 = DIRECTION('',(0.394402444681,-7.2E-16,-0.918937817064));
#1361 = DIRECTION('',(0.918937817064,3.1E-16,0.394402444681));
#1362 = ADVANCED_FACE('',(#1363),#1382,.F.);
#1363 = FACE_BOUND('',#1364,.F.);
#1364 = EDGE_LOOP('',(#1365,#1366,#1375,#1381));
#1365 = ORIENTED_EDGE('',*,*,#1335,.T.);
#1366 = ORIENTED_EDGE('',*,*,#1367,.T.);
#1367 = EDGE_CURVE('',#1336,#1368,#1370,.T.);
#1368 = VERTEX_POINT('',#1369);
#1369 = CARTESIAN_POINT('',(-5.090718254902E+03,-1.05E+03,
    377.41096572516));
#1370 = CIRCLE('',#1371,50.);
#1371 = AXIS2_PLACEMENT_3D('',#1372,#1373,#1374);
#1372 = CARTESIAN_POINT('',(-5.040718254902E+03,-1.05E+03,
    377.41096572516));
#1373 = DIRECTION('',(0.,-1.,3.3E-16));
#1374 = DIRECTION('',(1.,0.,0.));
#1375 = ORIENTED_EDGE('',*,*,#1376,.F.);
#1376 = EDGE_CURVE('',#702,#1368,#1377,.T.);
#1377 = LINE('',#1378,#1379);
#1378 = CARTESIAN_POINT('',(-5.090718254902E+03,-1.1E+03,377.41096572516
    ));
#1379 = VECTOR('',#1380,1.);
#1380 = DIRECTION('',(0.,1.,-7.7E-16));
#1381 = ORIENTED_EDGE('',*,*,#701,.F.);
#1382 = CYLINDRICAL_SURFACE('',#1383,50.);
#1383 = AXIS2_PLACEMENT_3D('',#1384,#1385,#1386);
#1384 = CARTESIAN_POINT('',(-5.040718254902E+03,-1.1E+03,377.41096572516
    ));
#1385 = DIRECTION('',(0.,-1.,7.7E-16));
#1386 = DIRECTION('',(1.,0.,0.));
#1387 = ADVANCED_FACE('',(#1388),#1406,.T.);
#1388 = FACE_BOUND('',#1389,.T.);
#1389 = EDGE_LOOP('',(#1390,#1398,#1404,#1405));
#1390 = ORIENTED_EDGE('',*,*,#1391,.T.);
#1391 = EDGE_CURVE('',#711,#1392,#1394,.T.);
#1392 = VERTEX_POINT('',#1393);
#1393 = CARTESIAN_POINT('',(-5.090718254902E+03,-1.05E+03,
    159.89994174271));
#1394 = LINE('',#1395,#1396);
#1395 = CARTESIAN_POINT('',(-5.090718254902E+03,-1.1E+03,159.89994174271
    ));
#1396 = VECTOR('',#1397,1.);
#1397 = DIRECTION('',(0.,1.,-7.7E-16));
#1398 = ORIENTED_EDGE('',*,*,#1399,.T.);
#1399 = EDGE_CURVE('',#1392,#1368,#1400,.T.);
#1400 = LINE('',#1401,#1402);
#1401 = CARTESIAN_POINT('',(-5.090718254902E+03,-1.05E+03,
    159.89994174271));
#1402 = VECTOR('',#1403,1.);
#1403 = DIRECTION('',(0.,3.3E-16,1.));
#1404 = ORIENTED_EDGE('',*,*,#1376,.F.);
#1405 = ORIENTED_EDGE('',*,*,#710,.F.);
#1406 = PLANE('',#1407);
#1407 = AXIS2_PLACEMENT_3D('',#1408,#1409,#1410);
#1408 = CARTESIAN_POINT('',(-5.090718254902E+03,-1.1E+03,159.89994174271
    ));
#1409 = DIRECTION('',(1.,0.,0.));
#1410 = DIRECTION('',(0.,7.7E-16,1.));
#1411 = ADVANCED_FACE('',(#1412),#1431,.F.);
#1412 = FACE_BOUND('',#1413,.F.);
#1413 = EDGE_LOOP('',(#1414,#1415,#1424,#1430));
#1414 = ORIENTED_EDGE('',*,*,#1391,.T.);
#1415 = ORIENTED_EDGE('',*,*,#1416,.T.);
#1416 = EDGE_CURVE('',#1392,#1417,#1419,.T.);
#1417 = VERTEX_POINT('',#1418);
#1418 = CARTESIAN_POINT('',(-5.016812604708E+03,-1.05E+03,
    115.98502527014));
#1419 = CIRCLE('',#1420,50.);
#1420 = AXIS2_PLACEMENT_3D('',#1421,#1422,#1423);
#1421 = CARTESIAN_POINT('',(-5.040718254902E+03,-1.05E+03,
    159.89994174271));
#1422 = DIRECTION('',(0.,-1.,3.3E-16));
#1423 = DIRECTION('',(1.,0.,0.));
#1424 = ORIENTED_EDGE('',*,*,#1425,.F.);
#1425 = EDGE_CURVE('',#719,#1417,#1426,.T.);
#1426 = LINE('',#1427,#1428);
#1427 = CARTESIAN_POINT('',(-5.016812604708E+03,-1.1E+03,115.98502527014
    ));
#1428 = VECTOR('',#1429,1.);
#1429 = DIRECTION('',(0.,1.,-7.7E-16));
#1430 = ORIENTED_EDGE('',*,*,#718,.F.);
#1431 = CYLINDRICAL_SURFACE('',#1432,50.);
#1432 = AXIS2_PLACEMENT_3D('',#1433,#1434,#1435);
#1433 = CARTESIAN_POINT('',(-5.040718254902E+03,-1.1E+03,159.89994174271
    ));
#1434 = DIRECTION('',(0.,-1.,7.7E-16));
#1435 = DIRECTION('',(1.,0.,0.));
#1436 = ADVANCED_FACE('',(#1437),#1455,.T.);
#1437 = FACE_BOUND('',#1438,.T.);
#1438 = EDGE_LOOP('',(#1439,#1447,#1453,#1454));
#1439 = ORIENTED_EDGE('',*,*,#1440,.T.);
#1440 = EDGE_CURVE('',#728,#1441,#1443,.T.);
#1441 = VERTEX_POINT('',#1442);
#1442 = CARTESIAN_POINT('',(-4.601448242E+03,-1.05E+03,342.093964));
#1443 = LINE('',#1444,#1445);
#1444 = CARTESIAN_POINT('',(-4.601448242E+03,-1.1E+03,342.093964));
#1445 = VECTOR('',#1446,1.);
#1446 = DIRECTION('',(0.,1.,-7.7E-16));
#1447 = ORIENTED_EDGE('',*,*,#1448,.T.);
#1448 = EDGE_CURVE('',#1441,#1417,#1449,.T.);
#1449 = LINE('',#1450,#1451);
#1450 = CARTESIAN_POINT('',(-4.601448242E+03,-1.05E+03,342.093964));
#1451 = VECTOR('',#1452,1.);
#1452 = DIRECTION('',(-0.878298329451,-1.6E-16,-0.478113003884));
#1453 = ORIENTED_EDGE('',*,*,#1425,.F.);
#1454 = ORIENTED_EDGE('',*,*,#727,.F.);
#1455 = PLANE('',#1456);
#1456 = AXIS2_PLACEMENT_3D('',#1457,#1458,#1459);
#1457 = CARTESIAN_POINT('',(-4.601448242E+03,-1.1E+03,342.093964));
#1458 = DIRECTION('',(-0.478113003884,6.8E-16,0.878298329451));
#1459 = DIRECTION('',(-0.878298329451,-3.7E-16,-0.478113003884));
#1460 = ADVANCED_FACE('',(#1461),#1480,.F.);
#1461 = FACE_BOUND('',#1462,.F.);
#1462 = EDGE_LOOP('',(#1463,#1464,#1473,#1479));
#1463 = ORIENTED_EDGE('',*,*,#1440,.T.);
#1464 = ORIENTED_EDGE('',*,*,#1465,.T.);
#1465 = EDGE_CURVE('',#1441,#1466,#1468,.T.);
#1466 = VERTEX_POINT('',#1467);
#1467 = CARTESIAN_POINT('',(-4.575353892194E+03,-1.05E+03,
    386.00888047257));
#1468 = CIRCLE('',#1469,50.);
#1469 = AXIS2_PLACEMENT_3D('',#1470,#1471,#1472);
#1470 = CARTESIAN_POINT('',(-4.625353892194E+03,-1.05E+03,
    386.00888047257));
#1471 = DIRECTION('',(0.,-1.,3.3E-16));
#1472 = DIRECTION('',(1.,0.,0.));
#1473 = ORIENTED_EDGE('',*,*,#1474,.F.);
#1474 = EDGE_CURVE('',#736,#1466,#1475,.T.);
#1475 = LINE('',#1476,#1477);
#1476 = CARTESIAN_POINT('',(-4.575353892194E+03,-1.1E+03,386.00888047257
    ));
#1477 = VECTOR('',#1478,1.);
#1478 = DIRECTION('',(0.,1.,-7.7E-16));
#1479 = ORIENTED_EDGE('',*,*,#735,.F.);
#1480 = CYLINDRICAL_SURFACE('',#1481,50.);
#1481 = AXIS2_PLACEMENT_3D('',#1482,#1483,#1484);
#1482 = CARTESIAN_POINT('',(-4.625353892194E+03,-1.1E+03,386.00888047257
    ));
#1483 = DIRECTION('',(0.,-1.,7.7E-16));
#1484 = DIRECTION('',(1.,0.,0.));
#1485 = ADVANCED_FACE('',(#1486),#1504,.T.);
#1486 = FACE_BOUND('',#1487,.T.);
#1487 = EDGE_LOOP('',(#1488,#1496,#1502,#1503));
#1488 = ORIENTED_EDGE('',*,*,#1489,.T.);
#1489 = EDGE_CURVE('',#745,#1490,#1492,.T.);
#1490 = VERTEX_POINT('',#1491);
#1491 = CARTESIAN_POINT('',(-4.575353892194E+03,-1.05E+03,
    555.68278895758));
#1492 = LINE('',#1493,#1494);
#1493 = CARTESIAN_POINT('',(-4.575353892194E+03,-1.1E+03,555.68278895758
    ));
#1494 = VECTOR('',#1495,1.);
#1495 = DIRECTION('',(0.,1.,-7.7E-16));
#1496 = ORIENTED_EDGE('',*,*,#1497,.T.);
#1497 = EDGE_CURVE('',#1490,#1466,#1498,.T.);
#1498 = LINE('',#1499,#1500);
#1499 = CARTESIAN_POINT('',(-4.575353892194E+03,-1.05E+03,
    555.68278895758));
#1500 = VECTOR('',#1501,1.);
#1501 = DIRECTION('',(0.,-3.3E-16,-1.));
#1502 = ORIENTED_EDGE('',*,*,#1474,.F.);
#1503 = ORIENTED_EDGE('',*,*,#744,.F.);
#1504 = PLANE('',#1505);
#1505 = AXIS2_PLACEMENT_3D('',#1506,#1507,#1508);
#1506 = CARTESIAN_POINT('',(-4.575353892194E+03,-1.1E+03,555.68278895758
    ));
#1507 = DIRECTION('',(-1.,0.,0.));
#1508 = DIRECTION('',(-0.,-7.7E-16,-1.));
#1509 = ADVANCED_FACE('',(#1510),#1522,.F.);
#1510 = FACE_BOUND('',#1511,.F.);
#1511 = EDGE_LOOP('',(#1512,#1513,#1520,#1521));
#1512 = ORIENTED_EDGE('',*,*,#1489,.T.);
#1513 = ORIENTED_EDGE('',*,*,#1514,.T.);
#1514 = EDGE_CURVE('',#1490,#1344,#1515,.T.);
#1515 = CIRCLE('',#1516,50.);
#1516 = AXIS2_PLACEMENT_3D('',#1517,#1518,#1519);
#1517 = CARTESIAN_POINT('',(-4.625353892194E+03,-1.05E+03,
    555.68278895758));
#1518 = DIRECTION('',(0.,-1.,3.3E-16));
#1519 = DIRECTION('',(1.,0.,0.));
#1520 = ORIENTED_EDGE('',*,*,#1351,.F.);
#1521 = ORIENTED_EDGE('',*,*,#752,.F.);
#1522 = CYLINDRICAL_SURFACE('',#1523,50.);
#1523 = AXIS2_PLACEMENT_3D('',#1524,#1525,#1526);
#1524 = CARTESIAN_POINT('',(-4.625353892194E+03,-1.1E+03,555.68278895758
    ));
#1525 = DIRECTION('',(0.,-1.,7.7E-16));
#1526 = DIRECTION('',(1.,0.,0.));
#1527 = ADVANCED_FACE('',(#1528),#1553,.T.);
#1528 = FACE_BOUND('',#1529,.T.);
#1529 = EDGE_LOOP('',(#1530,#1538,#1546,#1552));
#1530 = ORIENTED_EDGE('',*,*,#1531,.T.);
#1531 = EDGE_CURVE('',#762,#1532,#1534,.T.);
#1532 = VERTEX_POINT('',#1533);
#1533 = CARTESIAN_POINT('',(-4.770796874995E+03,-1.05E+03,
    1.321138428E+03));
#1534 = LINE('',#1535,#1536);
#1535 = CARTESIAN_POINT('',(-4.770796874995E+03,-1.1E+03,1.321138428E+03
    ));
#1536 = VECTOR('',#1537,1.);
#1537 = DIRECTION('',(0.,1.,-7.7E-16));
#1538 = ORIENTED_EDGE('',*,*,#1539,.T.);
#1539 = EDGE_CURVE('',#1532,#1540,#1542,.T.);
#1540 = VERTEX_POINT('',#1541);
#1541 = CARTESIAN_POINT('',(-4.212527222E+03,-1.05E+03,1.321138428E+03)
  );
#1542 = LINE('',#1543,#1544);
#1543 = CARTESIAN_POINT('',(-4.770796874995E+03,-1.05E+03,
    1.321138428E+03));
#1544 = VECTOR('',#1545,1.);
#1545 = DIRECTION('',(1.,0.,0.));
#1546 = ORIENTED_EDGE('',*,*,#1547,.F.);
#1547 = EDGE_CURVE('',#764,#1540,#1548,.T.);
#1548 = LINE('',#1549,#1550);
#1549 = CARTESIAN_POINT('',(-4.212527222E+03,-1.1E+03,1.321138428E+03));
#1550 = VECTOR('',#1551,1.);
#1551 = DIRECTION('',(0.,1.,-7.7E-16));
#1552 = ORIENTED_EDGE('',*,*,#761,.F.);
#1553 = PLANE('',#1554);
#1554 = AXIS2_PLACEMENT_3D('',#1555,#1556,#1557);
#1555 = CARTESIAN_POINT('',(-4.770796874995E+03,-1.1E+03,1.321138428E+03
    ));
#1556 = DIRECTION('',(0.,-7.7E-16,-1.));
#1557 = DIRECTION('',(1.,0.,0.));
#1558 = ADVANCED_FACE('',(#1559),#1578,.F.);
#1559 = FACE_BOUND('',#1560,.F.);
#1560 = EDGE_LOOP('',(#1561,#1562,#1571,#1577));
#1561 = ORIENTED_EDGE('',*,*,#1531,.T.);
#1562 = ORIENTED_EDGE('',*,*,#1563,.T.);
#1563 = EDGE_CURVE('',#1532,#1564,#1566,.T.);
#1564 = VERTEX_POINT('',#1565);
#1565 = CARTESIAN_POINT('',(-4.917933106297E+03,-1.05E+03,
    1.206395086807E+03));
#1566 = CIRCLE('',#1567,151.708607);
#1567 = AXIS2_PLACEMENT_3D('',#1568,#1569,#1570);
#1568 = CARTESIAN_POINT('',(-4.770796874995E+03,-1.05E+03,
    1.169429821E+03));
#1569 = DIRECTION('',(0.,-1.,3.3E-16));
#1570 = DIRECTION('',(1.,0.,0.));
#1571 = ORIENTED_EDGE('',*,*,#1572,.F.);
#1572 = EDGE_CURVE('',#772,#1564,#1573,.T.);
#1573 = LINE('',#1574,#1575);
#1574 = CARTESIAN_POINT('',(-4.917933106297E+03,-1.1E+03,
    1.206395086807E+03));
#1575 = VECTOR('',#1576,1.);
#1576 = DIRECTION('',(0.,1.,-7.7E-16));
#1577 = ORIENTED_EDGE('',*,*,#771,.F.);
#1578 = CYLINDRICAL_SURFACE('',#1579,151.708607);
#1579 = AXIS2_PLACEMENT_3D('',#1580,#1581,#1582);
#1580 = CARTESIAN_POINT('',(-4.770796874995E+03,-1.1E+03,1.169429821E+03
    ));
#1581 = DIRECTION('',(0.,-1.,7.7E-16));
#1582 = DIRECTION('',(1.,0.,0.));
#1583 = ADVANCED_FACE('',(#1584),#1602,.T.);
#1584 = FACE_BOUND('',#1585,.T.);
#1585 = EDGE_LOOP('',(#1586,#1594,#1600,#1601));
#1586 = ORIENTED_EDGE('',*,*,#1587,.T.);
#1587 = EDGE_CURVE('',#781,#1588,#1590,.T.);
#1588 = VERTEX_POINT('',#1589);
#1589 = CARTESIAN_POINT('',(-5.042777846531E+03,-1.05E+03,709.4641389298
    ));
#1590 = LINE('',#1591,#1592);
#1591 = CARTESIAN_POINT('',(-5.042777846531E+03,-1.1E+03,709.4641389298)
  );
#1592 = VECTOR('',#1593,1.);
#1593 = DIRECTION('',(0.,1.,-7.7E-16));
#1594 = ORIENTED_EDGE('',*,*,#1595,.T.);
#1595 = EDGE_CURVE('',#1588,#1564,#1596,.T.);
#1596 = LINE('',#1597,#1598);
#1597 = CARTESIAN_POINT('',(-5.042777846531E+03,-1.05E+03,709.4641389298
    ));
#1598 = VECTOR('',#1599,1.);
#1599 = DIRECTION('',(0.243659648174,3.2E-16,0.969860802307));
#1600 = ORIENTED_EDGE('',*,*,#1572,.F.);
#1601 = ORIENTED_EDGE('',*,*,#780,.F.);
#1602 = PLANE('',#1603);
#1603 = AXIS2_PLACEMENT_3D('',#1604,#1605,#1606);
#1604 = CARTESIAN_POINT('',(-5.042777846531E+03,-1.1E+03,709.4641389298)
  );
#1605 = DIRECTION('',(0.969860802307,-1.9E-16,-0.243659648174));
#1606 = DIRECTION('',(0.243659648174,7.5E-16,0.969860802307));
#1607 = ADVANCED_FACE('',(#1608),#1627,.F.);
#1608 = FACE_BOUND('',#1609,.F.);
#1609 = EDGE_LOOP('',(#1610,#1611,#1620,#1626));
#1610 = ORIENTED_EDGE('',*,*,#1587,.T.);
#1611 = ORIENTED_EDGE('',*,*,#1612,.T.);
#1612 = EDGE_CURVE('',#1588,#1613,#1615,.T.);
#1613 = VERTEX_POINT('',#1614);
#1614 = CARTESIAN_POINT('',(-4.940194507397E+03,-1.05E+03,
    610.59711882508));
#1615 = CIRCLE('',#1616,82.124085);
#1616 = AXIS2_PLACEMENT_3D('',#1617,#1618,#1619);
#1617 = CARTESIAN_POINT('',(-4.963128915564E+03,-1.05E+03,
    689.45381327206));
#1618 = DIRECTION('',(0.,-1.,3.3E-16));
#1619 = DIRECTION('',(1.,0.,0.));
#1620 = ORIENTED_EDGE('',*,*,#1621,.F.);
#1621 = EDGE_CURVE('',#789,#1613,#1622,.T.);
#1622 = LINE('',#1623,#1624);
#1623 = CARTESIAN_POINT('',(-4.940194507397E+03,-1.1E+03,610.59711882508
    ));
#1624 = VECTOR('',#1625,1.);
#1625 = DIRECTION('',(0.,1.,-7.7E-16));
#1626 = ORIENTED_EDGE('',*,*,#788,.F.);
#1627 = CYLINDRICAL_SURFACE('',#1628,82.124085);
#1628 = AXIS2_PLACEMENT_3D('',#1629,#1630,#1631);
#1629 = CARTESIAN_POINT('',(-4.963128915564E+03,-1.1E+03,689.45381327206
    ));
#1630 = DIRECTION('',(0.,-1.,7.7E-16));
#1631 = DIRECTION('',(1.,0.,0.));
#1632 = ADVANCED_FACE('',(#1633),#1651,.T.);
#1633 = FACE_BOUND('',#1634,.T.);
#1634 = EDGE_LOOP('',(#1635,#1643,#1649,#1650));
#1635 = ORIENTED_EDGE('',*,*,#1636,.T.);
#1636 = EDGE_CURVE('',#798,#1637,#1639,.T.);
#1637 = VERTEX_POINT('',#1638);
#1638 = CARTESIAN_POINT('',(-4.272047377081E+03,-1.05E+03,
    804.91871840401));
#1639 = LINE('',#1640,#1641);
#1640 = CARTESIAN_POINT('',(-4.272047377081E+03,-1.1E+03,804.91871840401
    ));
#1641 = VECTOR('',#1642,1.);
#1642 = DIRECTION('',(0.,1.,-7.7E-16));
#1643 = ORIENTED_EDGE('',*,*,#1644,.T.);
#1644 = EDGE_CURVE('',#1637,#1613,#1645,.T.);
#1645 = LINE('',#1646,#1647);
#1646 = CARTESIAN_POINT('',(-4.272047377081E+03,-1.05E+03,
    804.91871840401));
#1647 = VECTOR('',#1648,1.);
#1648 = DIRECTION('',(-0.960213979212,-9.E-17,-0.279265311355));
#1649 = ORIENTED_EDGE('',*,*,#1621,.F.);
#1650 = ORIENTED_EDGE('',*,*,#797,.F.);
#1651 = PLANE('',#1652);
#1652 = AXIS2_PLACEMENT_3D('',#1653,#1654,#1655);
#1653 = CARTESIAN_POINT('',(-4.272047377081E+03,-1.1E+03,804.91871840401
    ));
#1654 = DIRECTION('',(-0.279265311355,7.5E-16,0.960213979212));
#1655 = DIRECTION('',(-0.960213979212,-2.1E-16,-0.279265311355));
#1656 = ADVANCED_FACE('',(#1657),#1676,.F.);
#1657 = FACE_BOUND('',#1658,.F.);
#1658 = EDGE_LOOP('',(#1659,#1660,#1669,#1675));
#1659 = ORIENTED_EDGE('',*,*,#1636,.T.);
#1660 = ORIENTED_EDGE('',*,*,#1661,.T.);
#1661 = EDGE_CURVE('',#1637,#1662,#1664,.T.);
#1662 = VERTEX_POINT('',#1663);
#1663 = CARTESIAN_POINT('',(-4.149675781E+03,-1.05E+03,967.95085639643)
  );
#1664 = CIRCLE('',#1665,169.787299);
#1665 = AXIS2_PLACEMENT_3D('',#1666,#1667,#1668);
#1666 = CARTESIAN_POINT('',(-4.31946308E+03,-1.05E+03,967.95085639643));
#1667 = DIRECTION('',(0.,-1.,3.3E-16));
#1668 = DIRECTION('',(1.,0.,0.));
#1669 = ORIENTED_EDGE('',*,*,#1670,.F.);
#1670 = EDGE_CURVE('',#806,#1662,#1671,.T.);
#1671 = LINE('',#1672,#1673);
#1672 = CARTESIAN_POINT('',(-4.149675781E+03,-1.1E+03,967.95085639643));
#1673 = VECTOR('',#1674,1.);
#1674 = DIRECTION('',(0.,1.,-7.7E-16));
#1675 = ORIENTED_EDGE('',*,*,#805,.F.);
#1676 = CYLINDRICAL_SURFACE('',#1677,169.787299);
#1677 = AXIS2_PLACEMENT_3D('',#1678,#1679,#1680);
#1678 = CARTESIAN_POINT('',(-4.31946308E+03,-1.1E+03,967.95085639643));
#1679 = DIRECTION('',(0.,-1.,7.7E-16));
#1680 = DIRECTION('',(1.,0.,0.));
#1681 = ADVANCED_FACE('',(#1682),#1700,.T.);
#1682 = FACE_BOUND('',#1683,.T.);
#1683 = EDGE_LOOP('',(#1684,#1692,#1698,#1699));
#1684 = ORIENTED_EDGE('',*,*,#1685,.T.);
#1685 = EDGE_CURVE('',#815,#1686,#1688,.T.);
#1686 = VERTEX_POINT('',#1687);
#1687 = CARTESIAN_POINT('',(-4.149675781E+03,-1.05E+03,1.258286987E+03)
  );
#1688 = LINE('',#1689,#1690);
#1689 = CARTESIAN_POINT('',(-4.149675781E+03,-1.1E+03,1.258286987E+03));
#1690 = VECTOR('',#1691,1.);
#1691 = DIRECTION('',(0.,1.,-7.7E-16));
#1692 = ORIENTED_EDGE('',*,*,#1693,.T.);
#1693 = EDGE_CURVE('',#1686,#1662,#1694,.T.);
#1694 = LINE('',#1695,#1696);
#1695 = CARTESIAN_POINT('',(-4.149675781E+03,-1.05E+03,1.258286987E+03)
  );
#1696 = VECTOR('',#1697,1.);
#1697 = DIRECTION('',(0.,-3.3E-16,-1.));
#1698 = ORIENTED_EDGE('',*,*,#1670,.F.);
#1699 = ORIENTED_EDGE('',*,*,#814,.F.);
#1700 = PLANE('',#1701);
#1701 = AXIS2_PLACEMENT_3D('',#1702,#1703,#1704);
#1702 = CARTESIAN_POINT('',(-4.149675781E+03,-1.1E+03,1.258286987E+03));
#1703 = DIRECTION('',(-1.,0.,0.));
#1704 = DIRECTION('',(-0.,-7.7E-16,-1.));
#1705 = ADVANCED_FACE('',(#1706),#1718,.F.);
#1706 = FACE_BOUND('',#1707,.F.);
#1707 = EDGE_LOOP('',(#1708,#1709,#1716,#1717));
#1708 = ORIENTED_EDGE('',*,*,#1685,.T.);
#1709 = ORIENTED_EDGE('',*,*,#1710,.T.);
#1710 = EDGE_CURVE('',#1686,#1540,#1711,.T.);
#1711 = CIRCLE('',#1712,62.851441);
#1712 = AXIS2_PLACEMENT_3D('',#1713,#1714,#1715);
#1713 = CARTESIAN_POINT('',(-4.212527222E+03,-1.05E+03,1.258286987E+03)
  );
#1714 = DIRECTION('',(0.,-1.,3.3E-16));
#1715 = DIRECTION('',(1.,0.,0.));
#1716 = ORIENTED_EDGE('',*,*,#1547,.F.);
#1717 = ORIENTED_EDGE('',*,*,#822,.F.);
#1718 = CYLINDRICAL_SURFACE('',#1719,62.851441);
#1719 = AXIS2_PLACEMENT_3D('',#1720,#1721,#1722);
#1720 = CARTESIAN_POINT('',(-4.212527222E+03,-1.1E+03,1.258286987E+03));
#1721 = DIRECTION('',(0.,-1.,7.7E-16));
#1722 = DIRECTION('',(1.,0.,0.));
#1723 = ADVANCED_FACE('',(#1724),#1749,.T.);
#1724 = FACE_BOUND('',#1725,.F.);
#1725 = EDGE_LOOP('',(#1726,#1734,#1742,#1748));
#1726 = ORIENTED_EDGE('',*,*,#1727,.T.);
#1727 = EDGE_CURVE('',#938,#1728,#1730,.T.);
#1728 = VERTEX_POINT('',#1729);
#1729 = CARTESIAN_POINT('',(-5.060438377136E+03,1.05E+03,423.35785657834
    ));
#1730 = LINE('',#1731,#1732);
#1731 = CARTESIAN_POINT('',(-5.060438377136E+03,1.1E+03,423.35785657834)
  );
#1732 = VECTOR('',#1733,1.);
#1733 = DIRECTION('',(0.,-1.,3.3E-16));
#1734 = ORIENTED_EDGE('',*,*,#1735,.T.);
#1735 = EDGE_CURVE('',#1728,#1736,#1738,.T.);
#1736 = VERTEX_POINT('',#1737);
#1737 = CARTESIAN_POINT('',(-4.645074014428E+03,1.05E+03,601.62967981077
    ));
#1738 = LINE('',#1739,#1740);
#1739 = CARTESIAN_POINT('',(-5.060438377136E+03,1.05E+03,423.35785657834
    ));
#1740 = VECTOR('',#1741,1.);
#1741 = DIRECTION('',(0.918937817064,-5.E-17,0.394402444681));
#1742 = ORIENTED_EDGE('',*,*,#1743,.F.);
#1743 = EDGE_CURVE('',#940,#1736,#1744,.T.);
#1744 = LINE('',#1745,#1746);
#1745 = CARTESIAN_POINT('',(-4.645074014428E+03,1.1E+03,601.62967981077)
  );
#1746 = VECTOR('',#1747,1.);
#1747 = DIRECTION('',(0.,-1.,3.3E-16));
#1748 = ORIENTED_EDGE('',*,*,#937,.F.);
#1749 = PLANE('',#1750);
#1750 = AXIS2_PLACEMENT_3D('',#1751,#1752,#1753);
#1751 = CARTESIAN_POINT('',(-5.060438377136E+03,1.1E+03,423.35785657834)
  );
#1752 = DIRECTION('',(0.394402444681,-3.1E-16,-0.918937817064));
#1753 = DIRECTION('',(-0.918937817064,-1.3E-16,-0.394402444681));
#1754 = ADVANCED_FACE('',(#1755),#1774,.F.);
#1755 = FACE_BOUND('',#1756,.F.);
#1756 = EDGE_LOOP('',(#1757,#1758,#1766,#1773));
#1757 = ORIENTED_EDGE('',*,*,#947,.T.);
#1758 = ORIENTED_EDGE('',*,*,#1759,.T.);
#1759 = EDGE_CURVE('',#948,#1760,#1762,.T.);
#1760 = VERTEX_POINT('',#1761);
#1761 = CARTESIAN_POINT('',(-5.090718254902E+03,1.05E+03,377.41096572516
    ));
#1762 = LINE('',#1763,#1764);
#1763 = CARTESIAN_POINT('',(-5.090718254902E+03,1.1E+03,377.41096572516)
  );
#1764 = VECTOR('',#1765,1.);
#1765 = DIRECTION('',(0.,-1.,3.3E-16));
#1766 = ORIENTED_EDGE('',*,*,#1767,.F.);
#1767 = EDGE_CURVE('',#1728,#1760,#1768,.T.);
#1768 = CIRCLE('',#1769,50.);
#1769 = AXIS2_PLACEMENT_3D('',#1770,#1771,#1772);
#1770 = CARTESIAN_POINT('',(-5.040718254902E+03,1.05E+03,377.41096572516
    ));
#1771 = DIRECTION('',(0.,-1.,-1.1E-16));
#1772 = DIRECTION('',(1.,0.,0.));
#1773 = ORIENTED_EDGE('',*,*,#1727,.F.);
#1774 = CYLINDRICAL_SURFACE('',#1775,50.);
#1775 = AXIS2_PLACEMENT_3D('',#1776,#1777,#1778);
#1776 = CARTESIAN_POINT('',(-5.040718254902E+03,1.1E+03,377.41096572516)
  );
#1777 = DIRECTION('',(0.,1.,-3.3E-16));
#1778 = DIRECTION('',(1.,0.,0.));
#1779 = ADVANCED_FACE('',(#1780),#1798,.T.);
#1780 = FACE_BOUND('',#1781,.F.);
#1781 = EDGE_LOOP('',(#1782,#1790,#1796,#1797));
#1782 = ORIENTED_EDGE('',*,*,#1783,.T.);
#1783 = EDGE_CURVE('',#957,#1784,#1786,.T.);
#1784 = VERTEX_POINT('',#1785);
#1785 = CARTESIAN_POINT('',(-5.090718254902E+03,1.05E+03,159.89994174271
    ));
#1786 = LINE('',#1787,#1788);
#1787 = CARTESIAN_POINT('',(-5.090718254902E+03,1.1E+03,159.89994174271)
  );
#1788 = VECTOR('',#1789,1.);
#1789 = DIRECTION('',(0.,-1.,3.3E-16));
#1790 = ORIENTED_EDGE('',*,*,#1791,.T.);
#1791 = EDGE_CURVE('',#1784,#1760,#1792,.T.);
#1792 = LINE('',#1793,#1794);
#1793 = CARTESIAN_POINT('',(-5.090718254902E+03,1.05E+03,159.89994174271
    ));
#1794 = VECTOR('',#1795,1.);
#1795 = DIRECTION('',(0.,-1.1E-16,1.));
#1796 = ORIENTED_EDGE('',*,*,#1759,.F.);
#1797 = ORIENTED_EDGE('',*,*,#956,.F.);
#1798 = PLANE('',#1799);
#1799 = AXIS2_PLACEMENT_3D('',#1800,#1801,#1802);
#1800 = CARTESIAN_POINT('',(-5.090718254902E+03,1.1E+03,159.89994174271)
  );
#1801 = DIRECTION('',(1.,0.,0.));
#1802 = DIRECTION('',(0.,-3.3E-16,-1.));
#1803 = ADVANCED_FACE('',(#1804),#1823,.F.);
#1804 = FACE_BOUND('',#1805,.F.);
#1805 = EDGE_LOOP('',(#1806,#1807,#1815,#1822));
#1806 = ORIENTED_EDGE('',*,*,#964,.T.);
#1807 = ORIENTED_EDGE('',*,*,#1808,.T.);
#1808 = EDGE_CURVE('',#965,#1809,#1811,.T.);
#1809 = VERTEX_POINT('',#1810);
#1810 = CARTESIAN_POINT('',(-5.016812604708E+03,1.05E+03,115.98502527014
    ));
#1811 = LINE('',#1812,#1813);
#1812 = CARTESIAN_POINT('',(-5.016812604708E+03,1.1E+03,115.98502527014)
  );
#1813 = VECTOR('',#1814,1.);
#1814 = DIRECTION('',(0.,-1.,3.3E-16));
#1815 = ORIENTED_EDGE('',*,*,#1816,.F.);
#1816 = EDGE_CURVE('',#1784,#1809,#1817,.T.);
#1817 = CIRCLE('',#1818,50.);
#1818 = AXIS2_PLACEMENT_3D('',#1819,#1820,#1821);
#1819 = CARTESIAN_POINT('',(-5.040718254902E+03,1.05E+03,159.89994174271
    ));
#1820 = DIRECTION('',(0.,-1.,-1.1E-16));
#1821 = DIRECTION('',(1.,0.,0.));
#1822 = ORIENTED_EDGE('',*,*,#1783,.F.);
#1823 = CYLINDRICAL_SURFACE('',#1824,50.);
#1824 = AXIS2_PLACEMENT_3D('',#1825,#1826,#1827);
#1825 = CARTESIAN_POINT('',(-5.040718254902E+03,1.1E+03,159.89994174271)
  );
#1826 = DIRECTION('',(0.,1.,-3.3E-16));
#1827 = DIRECTION('',(1.,0.,0.));
#1828 = ADVANCED_FACE('',(#1829),#1847,.T.);
#1829 = FACE_BOUND('',#1830,.F.);
#1830 = EDGE_LOOP('',(#1831,#1839,#1845,#1846));
#1831 = ORIENTED_EDGE('',*,*,#1832,.T.);
#1832 = EDGE_CURVE('',#974,#1833,#1835,.T.);
#1833 = VERTEX_POINT('',#1834);
#1834 = CARTESIAN_POINT('',(-4.601448242E+03,1.05E+03,342.093964));
#1835 = LINE('',#1836,#1837);
#1836 = CARTESIAN_POINT('',(-4.601448242E+03,1.1E+03,342.093964));
#1837 = VECTOR('',#1838,1.);
#1838 = DIRECTION('',(0.,-1.,3.3E-16));
#1839 = ORIENTED_EDGE('',*,*,#1840,.T.);
#1840 = EDGE_CURVE('',#1833,#1809,#1841,.T.);
#1841 = LINE('',#1842,#1843);
#1842 = CARTESIAN_POINT('',(-4.601448242E+03,1.05E+03,342.093964));
#1843 = VECTOR('',#1844,1.);
#1844 = DIRECTION('',(-0.878298329451,5.E-17,-0.478113003884));
#1845 = ORIENTED_EDGE('',*,*,#1808,.F.);
#1846 = ORIENTED_EDGE('',*,*,#973,.F.);
#1847 = PLANE('',#1848);
#1848 = AXIS2_PLACEMENT_3D('',#1849,#1850,#1851);
#1849 = CARTESIAN_POINT('',(-4.601448242E+03,1.1E+03,342.093964));
#1850 = DIRECTION('',(-0.478113003884,2.9E-16,0.878298329451));
#1851 = DIRECTION('',(0.878298329451,1.6E-16,0.478113003884));
#1852 = ADVANCED_FACE('',(#1853),#1872,.F.);
#1853 = FACE_BOUND('',#1854,.F.);
#1854 = EDGE_LOOP('',(#1855,#1856,#1864,#1871));
#1855 = ORIENTED_EDGE('',*,*,#981,.T.);
#1856 = ORIENTED_EDGE('',*,*,#1857,.T.);
#1857 = EDGE_CURVE('',#982,#1858,#1860,.T.);
#1858 = VERTEX_POINT('',#1859);
#1859 = CARTESIAN_POINT('',(-4.575353892194E+03,1.05E+03,386.00888047257
    ));
#1860 = LINE('',#1861,#1862);
#1861 = CARTESIAN_POINT('',(-4.575353892194E+03,1.1E+03,386.00888047257)
  );
#1862 = VECTOR('',#1863,1.);
#1863 = DIRECTION('',(0.,-1.,3.3E-16));
#1864 = ORIENTED_EDGE('',*,*,#1865,.F.);
#1865 = EDGE_CURVE('',#1833,#1858,#1866,.T.);
#1866 = CIRCLE('',#1867,50.);
#1867 = AXIS2_PLACEMENT_3D('',#1868,#1869,#1870);
#1868 = CARTESIAN_POINT('',(-4.625353892194E+03,1.05E+03,386.00888047257
    ));
#1869 = DIRECTION('',(0.,-1.,-1.1E-16));
#1870 = DIRECTION('',(1.,0.,0.));
#1871 = ORIENTED_EDGE('',*,*,#1832,.F.);
#1872 = CYLINDRICAL_SURFACE('',#1873,50.);
#1873 = AXIS2_PLACEMENT_3D('',#1874,#1875,#1876);
#1874 = CARTESIAN_POINT('',(-4.625353892194E+03,1.1E+03,386.00888047257)
  );
#1875 = DIRECTION('',(0.,1.,-3.3E-16));
#1876 = DIRECTION('',(1.,0.,0.));
#1877 = ADVANCED_FACE('',(#1878),#1896,.T.);
#1878 = FACE_BOUND('',#1879,.F.);
#1879 = EDGE_LOOP('',(#1880,#1888,#1894,#1895));
#1880 = ORIENTED_EDGE('',*,*,#1881,.T.);
#1881 = EDGE_CURVE('',#991,#1882,#1884,.T.);
#1882 = VERTEX_POINT('',#1883);
#1883 = CARTESIAN_POINT('',(-4.575353892194E+03,1.05E+03,555.68278895758
    ));
#1884 = LINE('',#1885,#1886);
#1885 = CARTESIAN_POINT('',(-4.575353892194E+03,1.1E+03,555.68278895758)
  );
#1886 = VECTOR('',#1887,1.);
#1887 = DIRECTION('',(0.,-1.,3.3E-16));
#1888 = ORIENTED_EDGE('',*,*,#1889,.T.);
#1889 = EDGE_CURVE('',#1882,#1858,#1890,.T.);
#1890 = LINE('',#1891,#1892);
#1891 = CARTESIAN_POINT('',(-4.575353892194E+03,1.05E+03,555.68278895758
    ));
#1892 = VECTOR('',#1893,1.);
#1893 = DIRECTION('',(0.,1.1E-16,-1.));
#1894 = ORIENTED_EDGE('',*,*,#1857,.F.);
#1895 = ORIENTED_EDGE('',*,*,#990,.F.);
#1896 = PLANE('',#1897);
#1897 = AXIS2_PLACEMENT_3D('',#1898,#1899,#1900);
#1898 = CARTESIAN_POINT('',(-4.575353892194E+03,1.1E+03,555.68278895758)
  );
#1899 = DIRECTION('',(-1.,0.,0.));
#1900 = DIRECTION('',(0.,3.3E-16,1.));
#1901 = ADVANCED_FACE('',(#1902),#1914,.F.);
#1902 = FACE_BOUND('',#1903,.F.);
#1903 = EDGE_LOOP('',(#1904,#1905,#1906,#1913));
#1904 = ORIENTED_EDGE('',*,*,#998,.T.);
#1905 = ORIENTED_EDGE('',*,*,#1743,.T.);
#1906 = ORIENTED_EDGE('',*,*,#1907,.F.);
#1907 = EDGE_CURVE('',#1882,#1736,#1908,.T.);
#1908 = CIRCLE('',#1909,50.);
#1909 = AXIS2_PLACEMENT_3D('',#1910,#1911,#1912);
#1910 = CARTESIAN_POINT('',(-4.625353892194E+03,1.05E+03,555.68278895758
    ));
#1911 = DIRECTION('',(0.,-1.,-1.1E-16));
#1912 = DIRECTION('',(1.,0.,0.));
#1913 = ORIENTED_EDGE('',*,*,#1881,.F.);
#1914 = CYLINDRICAL_SURFACE('',#1915,50.);
#1915 = AXIS2_PLACEMENT_3D('',#1916,#1917,#1918);
#1916 = CARTESIAN_POINT('',(-4.625353892194E+03,1.1E+03,555.68278895758)
  );
#1917 = DIRECTION('',(0.,1.,-3.3E-16));
#1918 = DIRECTION('',(1.,0.,0.));
#1919 = ADVANCED_FACE('',(#1920),#1945,.T.);
#1920 = FACE_BOUND('',#1921,.F.);
#1921 = EDGE_LOOP('',(#1922,#1930,#1938,#1944));
#1922 = ORIENTED_EDGE('',*,*,#1923,.T.);
#1923 = EDGE_CURVE('',#1008,#1924,#1926,.T.);
#1924 = VERTEX_POINT('',#1925);
#1925 = CARTESIAN_POINT('',(-4.770796874995E+03,1.05E+03,1.321138428E+03
    ));
#1926 = LINE('',#1927,#1928);
#1927 = CARTESIAN_POINT('',(-4.770796874995E+03,1.1E+03,1.321138428E+03)
  );
#1928 = VECTOR('',#1929,1.);
#1929 = DIRECTION('',(0.,-1.,3.3E-16));
#1930 = ORIENTED_EDGE('',*,*,#1931,.T.);
#1931 = EDGE_CURVE('',#1924,#1932,#1934,.T.);
#1932 = VERTEX_POINT('',#1933);
#1933 = CARTESIAN_POINT('',(-4.212527222E+03,1.05E+03,1.321138428E+03));
#1934 = LINE('',#1935,#1936);
#1935 = CARTESIAN_POINT('',(-4.770796874995E+03,1.05E+03,1.321138428E+03
    ));
#1936 = VECTOR('',#1937,1.);
#1937 = DIRECTION('',(1.,0.,0.));
#1938 = ORIENTED_EDGE('',*,*,#1939,.F.);
#1939 = EDGE_CURVE('',#1010,#1932,#1940,.T.);
#1940 = LINE('',#1941,#1942);
#1941 = CARTESIAN_POINT('',(-4.212527222E+03,1.1E+03,1.321138428E+03));
#1942 = VECTOR('',#1943,1.);
#1943 = DIRECTION('',(0.,-1.,3.3E-16));
#1944 = ORIENTED_EDGE('',*,*,#1007,.F.);
#1945 = PLANE('',#1946);
#1946 = AXIS2_PLACEMENT_3D('',#1947,#1948,#1949);
#1947 = CARTESIAN_POINT('',(-4.770796874995E+03,1.1E+03,1.321138428E+03)
  );
#1948 = DIRECTION('',(-0.,-3.3E-16,-1.));
#1949 = DIRECTION('',(-1.,0.,0.));
#1950 = ADVANCED_FACE('',(#1951),#1970,.F.);
#1951 = FACE_BOUND('',#1952,.F.);
#1952 = EDGE_LOOP('',(#1953,#1954,#1962,#1969));
#1953 = ORIENTED_EDGE('',*,*,#1017,.T.);
#1954 = ORIENTED_EDGE('',*,*,#1955,.T.);
#1955 = EDGE_CURVE('',#1018,#1956,#1958,.T.);
#1956 = VERTEX_POINT('',#1957);
#1957 = CARTESIAN_POINT('',(-4.917933106297E+03,1.05E+03,
    1.206395086807E+03));
#1958 = LINE('',#1959,#1960);
#1959 = CARTESIAN_POINT('',(-4.917933106297E+03,1.1E+03,
    1.206395086807E+03));
#1960 = VECTOR('',#1961,1.);
#1961 = DIRECTION('',(0.,-1.,3.3E-16));
#1962 = ORIENTED_EDGE('',*,*,#1963,.F.);
#1963 = EDGE_CURVE('',#1924,#1956,#1964,.T.);
#1964 = CIRCLE('',#1965,151.708607);
#1965 = AXIS2_PLACEMENT_3D('',#1966,#1967,#1968);
#1966 = CARTESIAN_POINT('',(-4.770796874995E+03,1.05E+03,1.169429821E+03
    ));
#1967 = DIRECTION('',(0.,-1.,-1.1E-16));
#1968 = DIRECTION('',(1.,0.,0.));
#1969 = ORIENTED_EDGE('',*,*,#1923,.F.);
#1970 = CYLINDRICAL_SURFACE('',#1971,151.708607);
#1971 = AXIS2_PLACEMENT_3D('',#1972,#1973,#1974);
#1972 = CARTESIAN_POINT('',(-4.770796874995E+03,1.1E+03,1.169429821E+03)
  );
#1973 = DIRECTION('',(0.,1.,-3.3E-16));
#1974 = DIRECTION('',(1.,0.,0.));
#1975 = ADVANCED_FACE('',(#1976),#1994,.T.);
#1976 = FACE_BOUND('',#1977,.F.);
#1977 = EDGE_LOOP('',(#1978,#1986,#1992,#1993));
#1978 = ORIENTED_EDGE('',*,*,#1979,.T.);
#1979 = EDGE_CURVE('',#1027,#1980,#1982,.T.);
#1980 = VERTEX_POINT('',#1981);
#1981 = CARTESIAN_POINT('',(-5.042777846531E+03,1.05E+03,709.4641389298)
  );
#1982 = LINE('',#1983,#1984);
#1983 = CARTESIAN_POINT('',(-5.042777846531E+03,1.1E+03,709.4641389298)
  );
#1984 = VECTOR('',#1985,1.);
#1985 = DIRECTION('',(0.,-1.,3.3E-16));
#1986 = ORIENTED_EDGE('',*,*,#1987,.T.);
#1987 = EDGE_CURVE('',#1980,#1956,#1988,.T.);
#1988 = LINE('',#1989,#1990);
#1989 = CARTESIAN_POINT('',(-5.042777846531E+03,1.05E+03,709.4641389298)
  );
#1990 = VECTOR('',#1991,1.);
#1991 = DIRECTION('',(0.243659648174,-1.1E-16,0.969860802307));
#1992 = ORIENTED_EDGE('',*,*,#1955,.F.);
#1993 = ORIENTED_EDGE('',*,*,#1026,.F.);
#1994 = PLANE('',#1995);
#1995 = AXIS2_PLACEMENT_3D('',#1996,#1997,#1998);
#1996 = CARTESIAN_POINT('',(-5.042777846531E+03,1.1E+03,709.4641389298)
  );
#1997 = DIRECTION('',(0.969860802307,-8.E-17,-0.243659648174));
#1998 = DIRECTION('',(-0.243659648174,-3.2E-16,-0.969860802307));
#1999 = ADVANCED_FACE('',(#2000),#2019,.F.);
#2000 = FACE_BOUND('',#2001,.F.);
#2001 = EDGE_LOOP('',(#2002,#2003,#2011,#2018));
#2002 = ORIENTED_EDGE('',*,*,#1034,.T.);
#2003 = ORIENTED_EDGE('',*,*,#2004,.T.);
#2004 = EDGE_CURVE('',#1035,#2005,#2007,.T.);
#2005 = VERTEX_POINT('',#2006);
#2006 = CARTESIAN_POINT('',(-4.940194507397E+03,1.05E+03,610.59711882507
    ));
#2007 = LINE('',#2008,#2009);
#2008 = CARTESIAN_POINT('',(-4.940194507397E+03,1.1E+03,610.59711882507)
  );
#2009 = VECTOR('',#2010,1.);
#2010 = DIRECTION('',(0.,-1.,3.3E-16));
#2011 = ORIENTED_EDGE('',*,*,#2012,.F.);
#2012 = EDGE_CURVE('',#1980,#2005,#2013,.T.);
#2013 = CIRCLE('',#2014,82.124085);
#2014 = AXIS2_PLACEMENT_3D('',#2015,#2016,#2017);
#2015 = CARTESIAN_POINT('',(-4.963128915564E+03,1.05E+03,689.45381327206
    ));
#2016 = DIRECTION('',(0.,-1.,-1.1E-16));
#2017 = DIRECTION('',(1.,0.,0.));
#2018 = ORIENTED_EDGE('',*,*,#1979,.F.);
#2019 = CYLINDRICAL_SURFACE('',#2020,82.124085);
#2020 = AXIS2_PLACEMENT_3D('',#2021,#2022,#2023);
#2021 = CARTESIAN_POINT('',(-4.963128915564E+03,1.1E+03,689.45381327206)
  );
#2022 = DIRECTION('',(0.,1.,-3.3E-16));
#2023 = DIRECTION('',(1.,0.,0.));
#2024 = ADVANCED_FACE('',(#2025),#2043,.T.);
#2025 = FACE_BOUND('',#2026,.F.);
#2026 = EDGE_LOOP('',(#2027,#2035,#2041,#2042));
#2027 = ORIENTED_EDGE('',*,*,#2028,.T.);
#2028 = EDGE_CURVE('',#1044,#2029,#2031,.T.);
#2029 = VERTEX_POINT('',#2030);
#2030 = CARTESIAN_POINT('',(-4.272047377081E+03,1.05E+03,804.91871840401
    ));
#2031 = LINE('',#2032,#2033);
#2032 = CARTESIAN_POINT('',(-4.272047377081E+03,1.1E+03,804.91871840401)
  );
#2033 = VECTOR('',#2034,1.);
#2034 = DIRECTION('',(0.,-1.,3.3E-16));
#2035 = ORIENTED_EDGE('',*,*,#2036,.T.);
#2036 = EDGE_CURVE('',#2029,#2005,#2037,.T.);
#2037 = LINE('',#2038,#2039);
#2038 = CARTESIAN_POINT('',(-4.272047377081E+03,1.05E+03,804.91871840401
    ));
#2039 = VECTOR('',#2040,1.);
#2040 = DIRECTION('',(-0.960213979212,3.E-17,-0.279265311355));
#2041 = ORIENTED_EDGE('',*,*,#2004,.F.);
#2042 = ORIENTED_EDGE('',*,*,#1043,.F.);
#2043 = PLANE('',#2044);
#2044 = AXIS2_PLACEMENT_3D('',#2045,#2046,#2047);
#2045 = CARTESIAN_POINT('',(-4.272047377081E+03,1.1E+03,804.91871840401)
  );
#2046 = DIRECTION('',(-0.279265311355,3.2E-16,0.960213979212));
#2047 = DIRECTION('',(0.960213979212,9.E-17,0.279265311355));
#2048 = ADVANCED_FACE('',(#2049),#2068,.F.);
#2049 = FACE_BOUND('',#2050,.F.);
#2050 = EDGE_LOOP('',(#2051,#2052,#2060,#2067));
#2051 = ORIENTED_EDGE('',*,*,#1051,.T.);
#2052 = ORIENTED_EDGE('',*,*,#2053,.T.);
#2053 = EDGE_CURVE('',#1052,#2054,#2056,.T.);
#2054 = VERTEX_POINT('',#2055);
#2055 = CARTESIAN_POINT('',(-4.149675781E+03,1.05E+03,967.95085639643));
#2056 = LINE('',#2057,#2058);
#2057 = CARTESIAN_POINT('',(-4.149675781E+03,1.1E+03,967.95085639643));
#2058 = VECTOR('',#2059,1.);
#2059 = DIRECTION('',(0.,-1.,3.3E-16));
#2060 = ORIENTED_EDGE('',*,*,#2061,.F.);
#2061 = EDGE_CURVE('',#2029,#2054,#2062,.T.);
#2062 = CIRCLE('',#2063,169.787299);
#2063 = AXIS2_PLACEMENT_3D('',#2064,#2065,#2066);
#2064 = CARTESIAN_POINT('',(-4.31946308E+03,1.05E+03,967.95085639643));
#2065 = DIRECTION('',(0.,-1.,-1.1E-16));
#2066 = DIRECTION('',(1.,0.,0.));
#2067 = ORIENTED_EDGE('',*,*,#2028,.F.);
#2068 = CYLINDRICAL_SURFACE('',#2069,169.787299);
#2069 = AXIS2_PLACEMENT_3D('',#2070,#2071,#2072);
#2070 = CARTESIAN_POINT('',(-4.31946308E+03,1.1E+03,967.95085639643));
#2071 = DIRECTION('',(0.,1.,-3.3E-16));
#2072 = DIRECTION('',(1.,0.,0.));
#2073 = ADVANCED_FACE('',(#2074),#2092,.T.);
#2074 = FACE_BOUND('',#2075,.F.);
#2075 = EDGE_LOOP('',(#2076,#2084,#2090,#2091));
#2076 = ORIENTED_EDGE('',*,*,#2077,.T.);
#2077 = EDGE_CURVE('',#1061,#2078,#2080,.T.);
#2078 = VERTEX_POINT('',#2079);
#2079 = CARTESIAN_POINT('',(-4.149675781E+03,1.05E+03,1.258286987E+03));
#2080 = LINE('',#2081,#2082);
#2081 = CARTESIAN_POINT('',(-4.149675781E+03,1.1E+03,1.258286987E+03));
#2082 = VECTOR('',#2083,1.);
#2083 = DIRECTION('',(0.,-1.,3.3E-16));
#2084 = ORIENTED_EDGE('',*,*,#2085,.T.);
#2085 = EDGE_CURVE('',#2078,#2054,#2086,.T.);
#2086 = LINE('',#2087,#2088);
#2087 = CARTESIAN_POINT('',(-4.149675781E+03,1.05E+03,1.258286987E+03));
#2088 = VECTOR('',#2089,1.);
#2089 = DIRECTION('',(0.,1.1E-16,-1.));
#2090 = ORIENTED_EDGE('',*,*,#2053,.F.);
#2091 = ORIENTED_EDGE('',*,*,#1060,.F.);
#2092 = PLANE('',#2093);
#2093 = AXIS2_PLACEMENT_3D('',#2094,#2095,#2096);
#2094 = CARTESIAN_POINT('',(-4.149675781E+03,1.1E+03,1.258286987E+03));
#2095 = DIRECTION('',(-1.,0.,0.));
#2096 = DIRECTION('',(0.,3.3E-16,1.));
#2097 = ADVANCED_FACE('',(#2098),#2110,.F.);
#2098 = FACE_BOUND('',#2099,.F.);
#2099 = EDGE_LOOP('',(#2100,#2101,#2102,#2109));
#2100 = ORIENTED_EDGE('',*,*,#1068,.T.);
#2101 = ORIENTED_EDGE('',*,*,#1939,.T.);
#2102 = ORIENTED_EDGE('',*,*,#2103,.F.);
#2103 = EDGE_CURVE('',#2078,#1932,#2104,.T.);
#2104 = CIRCLE('',#2105,62.851441);
#2105 = AXIS2_PLACEMENT_3D('',#2106,#2107,#2108);
#2106 = CARTESIAN_POINT('',(-4.212527222E+03,1.05E+03,1.258286987E+03));
#2107 = DIRECTION('',(0.,-1.,-1.1E-16));
#2108 = DIRECTION('',(1.,0.,0.));
#2109 = ORIENTED_EDGE('',*,*,#2077,.F.);
#2110 = CYLINDRICAL_SURFACE('',#2111,62.851441);
#2111 = AXIS2_PLACEMENT_3D('',#2112,#2113,#2114);
#2112 = CARTESIAN_POINT('',(-4.212527222E+03,1.1E+03,1.258286987E+03));
#2113 = DIRECTION('',(0.,1.,-3.3E-16));
#2114 = DIRECTION('',(1.,0.,0.));
#2115 = ADVANCED_FACE('',(#2116),#2119,.F.);
#2116 = FACE_BOUND('',#2117,.T.);
#2117 = EDGE_LOOP('',(#2118));
#2118 = ORIENTED_EDGE('',*,*,#1091,.T.);
#2119 = PLANE('',#2120);
#2120 = AXIS2_PLACEMENT_3D('',#2121,#2122,#2123);
#2121 = CARTESIAN_POINT('',(-1.75E-15,-550.,-1.1369E-13));
#2122 = DIRECTION('',(0.,1.,1.1E-16));
#2123 = DIRECTION('',(0.,-1.1E-16,1.));
#2124 = ADVANCED_FACE('',(#2125),#2150,.F.);
#2125 = FACE_BOUND('',#2126,.F.);
#2126 = EDGE_LOOP('',(#2127,#2135,#2143,#2149));
#2127 = ORIENTED_EDGE('',*,*,#2128,.T.);
#2128 = EDGE_CURVE('',#1260,#2129,#2131,.T.);
#2129 = VERTEX_POINT('',#2130);
#2130 = CARTESIAN_POINT('',(-5.04259026802E+03,956.54075315619,
    1.335563035923E+03));
#2131 = LINE('',#2132,#2133);
#2132 = CARTESIAN_POINT('',(-5.089775595299E+03,956.54075315619,
    1.352102228454E+03));
#2133 = VECTOR('',#2134,1.);
#2134 = DIRECTION('',(0.943706545581,-2.6E-16,-0.330783850614));
#2135 = ORIENTED_EDGE('',*,*,#2136,.T.);
#2136 = EDGE_CURVE('',#2129,#2137,#2139,.T.);
#2137 = VERTEX_POINT('',#2138);
#2138 = CARTESIAN_POINT('',(-5.196285175296E+03,956.54075315619,
    897.08065611592));
#2139 = LINE('',#2140,#2141);
#2140 = CARTESIAN_POINT('',(-5.04259026802E+03,956.54075315619,
    1.335563035923E+03));
#2141 = VECTOR('',#2142,1.);
#2142 = DIRECTION('',(-0.330783850614,-3.1E-16,-0.943706545581));
#2143 = ORIENTED_EDGE('',*,*,#2144,.F.);
#2144 = EDGE_CURVE('',#1262,#2137,#2145,.T.);
#2145 = LINE('',#2146,#2147);
#2146 = CARTESIAN_POINT('',(-5.243470502575E+03,956.54075315619,
    913.6198486466));
#2147 = VECTOR('',#2148,1.);
#2148 = DIRECTION('',(0.943706545581,-2.6E-16,-0.330783850614));
#2149 = ORIENTED_EDGE('',*,*,#1259,.F.);
#2150 = PLANE('',#2151);
#2151 = AXIS2_PLACEMENT_3D('',#2152,#2153,#2154);
#2152 = CARTESIAN_POINT('',(-5.089775595299E+03,956.54075315619,
    1.352102228454E+03));
#2153 = DIRECTION('',(8.E-17,1.,-5.5E-16));
#2154 = DIRECTION('',(-0.330783850614,-4.925758920206E-16,
    -0.943706545581));
#2155 = ADVANCED_FACE('',(#2156),#2175,.F.);
#2156 = FACE_BOUND('',#2157,.F.);
#2157 = EDGE_LOOP('',(#2158,#2166,#2173,#2174));
#2158 = ORIENTED_EDGE('',*,*,#2159,.T.);
#2159 = EDGE_CURVE('',#1270,#2160,#2162,.T.);
#2160 = VERTEX_POINT('',#2161);
#2161 = CARTESIAN_POINT('',(-5.02605107549E+03,906.54075315619,
    1.382748363203E+03));
#2162 = LINE('',#2163,#2164);
#2163 = CARTESIAN_POINT('',(-5.073236402769E+03,906.54075315619,
    1.399287555733E+03));
#2164 = VECTOR('',#2165,1.);
#2165 = DIRECTION('',(0.943706545581,-2.6E-16,-0.330783850614));
#2166 = ORIENTED_EDGE('',*,*,#2167,.T.);
#2167 = EDGE_CURVE('',#2160,#2129,#2168,.T.);
#2168 = CIRCLE('',#2169,50.);
#2169 = AXIS2_PLACEMENT_3D('',#2170,#2171,#2172);
#2170 = CARTESIAN_POINT('',(-5.04259026802E+03,906.54075315619,
    1.335563035923E+03));
#2171 = DIRECTION('',(-0.943706545581,1.1E-16,0.330783850614));
#2172 = DIRECTION('',(-0.330783850614,-3.1E-16,-0.943706545581));
#2173 = ORIENTED_EDGE('',*,*,#2128,.F.);
#2174 = ORIENTED_EDGE('',*,*,#1269,.F.);
#2175 = CYLINDRICAL_SURFACE('',#2176,50.);
#2176 = AXIS2_PLACEMENT_3D('',#2177,#2178,#2179);
#2177 = CARTESIAN_POINT('',(-5.089775595299E+03,906.54075315619,
    1.352102228454E+03));
#2178 = DIRECTION('',(-0.943706545581,2.6E-16,0.330783850614));
#2179 = DIRECTION('',(-0.330783850614,-4.9E-16,-0.943706545581));
#2180 = ADVANCED_FACE('',(#2181),#2199,.F.);
#2181 = FACE_BOUND('',#2182,.F.);
#2182 = EDGE_LOOP('',(#2183,#2191,#2197,#2198));
#2183 = ORIENTED_EDGE('',*,*,#2184,.T.);
#2184 = EDGE_CURVE('',#1279,#2185,#2187,.T.);
#2185 = VERTEX_POINT('',#2186);
#2186 = CARTESIAN_POINT('',(-5.02605107549E+03,-921.703186347,
    1.382748363203E+03));
#2187 = LINE('',#2188,#2189);
#2188 = CARTESIAN_POINT('',(-5.073236402769E+03,-921.703186347,
    1.399287555733E+03));
#2189 = VECTOR('',#2190,1.);
#2190 = DIRECTION('',(0.943706545581,-2.6E-16,-0.330783850614));
#2191 = ORIENTED_EDGE('',*,*,#2192,.T.);
#2192 = EDGE_CURVE('',#2185,#2160,#2193,.T.);
#2193 = LINE('',#2194,#2195);
#2194 = CARTESIAN_POINT('',(-5.02605107549E+03,-921.703186347,
    1.382748363203E+03));
#2195 = VECTOR('',#2196,1.);
#2196 = DIRECTION('',(0.,1.,-3.3E-16));
#2197 = ORIENTED_EDGE('',*,*,#2159,.F.);
#2198 = ORIENTED_EDGE('',*,*,#1278,.F.);
#2199 = PLANE('',#2200);
#2200 = AXIS2_PLACEMENT_3D('',#2201,#2202,#2203);
#2201 = CARTESIAN_POINT('',(-5.073236402769E+03,-921.703186347,
    1.399287555733E+03));
#2202 = DIRECTION('',(0.330783850614,4.9E-16,0.943706545581));
#2203 = DIRECTION('',(8.085206348133E-17,1.,-5.475691138395E-16));
#2204 = ADVANCED_FACE('',(#2205),#2224,.F.);
#2205 = FACE_BOUND('',#2206,.F.);
#2206 = EDGE_LOOP('',(#2207,#2215,#2222,#2223));
#2207 = ORIENTED_EDGE('',*,*,#2208,.T.);
#2208 = EDGE_CURVE('',#1287,#2209,#2211,.T.);
#2209 = VERTEX_POINT('',#2210);
#2210 = CARTESIAN_POINT('',(-5.04259026802E+03,-971.703186347,
    1.335563035923E+03));
#2211 = LINE('',#2212,#2213);
#2212 = CARTESIAN_POINT('',(-5.089775595299E+03,-971.703186347,
    1.352102228454E+03));
#2213 = VECTOR('',#2214,1.);
#2214 = DIRECTION('',(0.943706545581,-2.6E-16,-0.330783850614));
#2215 = ORIENTED_EDGE('',*,*,#2216,.T.);
#2216 = EDGE_CURVE('',#2209,#2185,#2217,.T.);
#2217 = CIRCLE('',#2218,50.);
#2218 = AXIS2_PLACEMENT_3D('',#2219,#2220,#2221);
#2219 = CARTESIAN_POINT('',(-5.04259026802E+03,-921.703186347,
    1.335563035923E+03));
#2220 = DIRECTION('',(-0.943706545581,1.1E-16,0.330783850614));
#2221 = DIRECTION('',(-0.330783850614,-3.1E-16,-0.943706545581));
#2222 = ORIENTED_EDGE('',*,*,#2184,.F.);
#2223 = ORIENTED_EDGE('',*,*,#1286,.F.);
#2224 = CYLINDRICAL_SURFACE('',#2225,50.);
#2225 = AXIS2_PLACEMENT_3D('',#2226,#2227,#2228);
#2226 = CARTESIAN_POINT('',(-5.089775595299E+03,-921.703186347,
    1.352102228454E+03));
#2227 = DIRECTION('',(-0.943706545581,2.6E-16,0.330783850614));
#2228 = DIRECTION('',(-0.330783850614,-4.9E-16,-0.943706545581));
#2229 = ADVANCED_FACE('',(#2230),#2248,.F.);
#2230 = FACE_BOUND('',#2231,.F.);
#2231 = EDGE_LOOP('',(#2232,#2240,#2246,#2247));
#2232 = ORIENTED_EDGE('',*,*,#2233,.T.);
#2233 = EDGE_CURVE('',#1296,#2234,#2236,.T.);
#2234 = VERTEX_POINT('',#2235);
#2235 = CARTESIAN_POINT('',(-5.196285175296E+03,-971.703186347,
    897.08065611592));
#2236 = LINE('',#2237,#2238);
#2237 = CARTESIAN_POINT('',(-5.243470502575E+03,-971.703186347,
    913.6198486466));
#2238 = VECTOR('',#2239,1.);
#2239 = DIRECTION('',(0.943706545581,-2.6E-16,-0.330783850614));
#2240 = ORIENTED_EDGE('',*,*,#2241,.T.);
#2241 = EDGE_CURVE('',#2234,#2209,#2242,.T.);
#2242 = LINE('',#2243,#2244);
#2243 = CARTESIAN_POINT('',(-5.196285175296E+03,-971.703186347,
    897.08065611592));
#2244 = VECTOR('',#2245,1.);
#2245 = DIRECTION('',(0.330783850614,3.1E-16,0.943706545581));
#2246 = ORIENTED_EDGE('',*,*,#2208,.F.);
#2247 = ORIENTED_EDGE('',*,*,#1295,.F.);
#2248 = PLANE('',#2249);
#2249 = AXIS2_PLACEMENT_3D('',#2250,#2251,#2252);
#2250 = CARTESIAN_POINT('',(-5.243470502575E+03,-971.703186347,
    913.6198486466));
#2251 = DIRECTION('',(-8.E-17,-1.,5.5E-16));
#2252 = DIRECTION('',(0.330783850614,4.925758920206E-16,0.943706545581)
  );
#2253 = ADVANCED_FACE('',(#2254),#2273,.F.);
#2254 = FACE_BOUND('',#2255,.F.);
#2255 = EDGE_LOOP('',(#2256,#2264,#2271,#2272));
#2256 = ORIENTED_EDGE('',*,*,#2257,.T.);
#2257 = EDGE_CURVE('',#1304,#2258,#2260,.T.);
#2258 = VERTEX_POINT('',#2259);
#2259 = CARTESIAN_POINT('',(-5.212824367827E+03,-921.703186347,
    849.89532883685));
#2260 = LINE('',#2261,#2262);
#2261 = CARTESIAN_POINT('',(-5.260009695106E+03,-921.703186347,
    866.43452136753));
#2262 = VECTOR('',#2263,1.);
#2263 = DIRECTION('',(0.943706545581,-2.6E-16,-0.330783850614));
#2264 = ORIENTED_EDGE('',*,*,#2265,.T.);
#2265 = EDGE_CURVE('',#2258,#2234,#2266,.T.);
#2266 = CIRCLE('',#2267,50.);
#2267 = AXIS2_PLACEMENT_3D('',#2268,#2269,#2270);
#2268 = CARTESIAN_POINT('',(-5.196285175296E+03,-921.703186347,
    897.08065611592));
#2269 = DIRECTION('',(-0.943706545581,1.1E-16,0.330783850614));
#2270 = DIRECTION('',(-0.330783850614,-3.1E-16,-0.943706545581));
#2271 = ORIENTED_EDGE('',*,*,#2233,.F.);
#2272 = ORIENTED_EDGE('',*,*,#1303,.F.);
#2273 = CYLINDRICAL_SURFACE('',#2274,50.);
#2274 = AXIS2_PLACEMENT_3D('',#2275,#2276,#2277);
#2275 = CARTESIAN_POINT('',(-5.243470502575E+03,-921.703186347,
    913.6198486466));
#2276 = DIRECTION('',(-0.943706545581,2.6E-16,0.330783850614));
#2277 = DIRECTION('',(-0.330783850614,-4.9E-16,-0.943706545581));
#2278 = ADVANCED_FACE('',(#2279),#2297,.F.);
#2279 = FACE_BOUND('',#2280,.F.);
#2280 = EDGE_LOOP('',(#2281,#2289,#2295,#2296));
#2281 = ORIENTED_EDGE('',*,*,#2282,.T.);
#2282 = EDGE_CURVE('',#1313,#2283,#2285,.T.);
#2283 = VERTEX_POINT('',#2284);
#2284 = CARTESIAN_POINT('',(-5.212824367827E+03,906.54075315619,
    849.89532883685));
#2285 = LINE('',#2286,#2287);
#2286 = CARTESIAN_POINT('',(-5.260009695106E+03,906.54075315619,
    866.43452136753));
#2287 = VECTOR('',#2288,1.);
#2288 = DIRECTION('',(0.943706545581,-2.6E-16,-0.330783850614));
#2289 = ORIENTED_EDGE('',*,*,#2290,.T.);
#2290 = EDGE_CURVE('',#2283,#2258,#2291,.T.);
#2291 = LINE('',#2292,#2293);
#2292 = CARTESIAN_POINT('',(-5.212824367827E+03,906.54075315619,
    849.89532883685));
#2293 = VECTOR('',#2294,1.);
#2294 = DIRECTION('',(0.,-1.,3.3E-16));
#2295 = ORIENTED_EDGE('',*,*,#2257,.F.);
#2296 = ORIENTED_EDGE('',*,*,#1312,.F.);
#2297 = PLANE('',#2298);
#2298 = AXIS2_PLACEMENT_3D('',#2299,#2300,#2301);
#2299 = CARTESIAN_POINT('',(-5.260009695106E+03,906.54075315619,
    866.43452136753));
#2300 = DIRECTION('',(-0.330783850614,-4.9E-16,-0.943706545581));
#2301 = DIRECTION('',(-8.085206348133E-17,-1.,5.475691138395E-16));
#2302 = ADVANCED_FACE('',(#2303),#2315,.F.);
#2303 = FACE_BOUND('',#2304,.F.);
#2304 = EDGE_LOOP('',(#2305,#2306,#2313,#2314));
#2305 = ORIENTED_EDGE('',*,*,#2144,.T.);
#2306 = ORIENTED_EDGE('',*,*,#2307,.T.);
#2307 = EDGE_CURVE('',#2137,#2283,#2308,.T.);
#2308 = CIRCLE('',#2309,50.);
#2309 = AXIS2_PLACEMENT_3D('',#2310,#2311,#2312);
#2310 = CARTESIAN_POINT('',(-5.196285175296E+03,906.54075315619,
    897.08065611592));
#2311 = DIRECTION('',(-0.943706545581,1.1E-16,0.330783850614));
#2312 = DIRECTION('',(-0.330783850614,-3.1E-16,-0.943706545581));
#2313 = ORIENTED_EDGE('',*,*,#2282,.F.);
#2314 = ORIENTED_EDGE('',*,*,#1320,.F.);
#2315 = CYLINDRICAL_SURFACE('',#2316,50.);
#2316 = AXIS2_PLACEMENT_3D('',#2317,#2318,#2319);
#2317 = CARTESIAN_POINT('',(-5.243470502575E+03,906.54075315619,
    913.6198486466));
#2318 = DIRECTION('',(-0.943706545581,2.6E-16,0.330783850614));
#2319 = DIRECTION('',(-0.330783850614,-4.9E-16,-0.943706545581));
#2320 = ADVANCED_FACE('',(#2321),#2331,.F.);
#2321 = FACE_BOUND('',#2322,.F.);
#2322 = EDGE_LOOP('',(#2323,#2324,#2325,#2326,#2327,#2328,#2329,#2330));
#2323 = ORIENTED_EDGE('',*,*,#1343,.T.);
#2324 = ORIENTED_EDGE('',*,*,#1514,.F.);
#2325 = ORIENTED_EDGE('',*,*,#1497,.T.);
#2326 = ORIENTED_EDGE('',*,*,#1465,.F.);
#2327 = ORIENTED_EDGE('',*,*,#1448,.T.);
#2328 = ORIENTED_EDGE('',*,*,#1416,.F.);
#2329 = ORIENTED_EDGE('',*,*,#1399,.T.);
#2330 = ORIENTED_EDGE('',*,*,#1367,.F.);
#2331 = PLANE('',#2332);
#2332 = AXIS2_PLACEMENT_3D('',#2333,#2334,#2335);
#2333 = CARTESIAN_POINT('',(-4.68898362473E+03,-1.05E+03,760.00082834591
    ));
#2334 = DIRECTION('',(-2.E-17,1.,-5.2E-16));
#2335 = DIRECTION('',(0.,5.2E-16,1.));
#2336 = ADVANCED_FACE('',(#2337),#2347,.F.);
#2337 = FACE_BOUND('',#2338,.F.);
#2338 = EDGE_LOOP('',(#2339,#2340,#2341,#2342,#2343,#2344,#2345,#2346));
#2339 = ORIENTED_EDGE('',*,*,#1539,.T.);
#2340 = ORIENTED_EDGE('',*,*,#1710,.F.);
#2341 = ORIENTED_EDGE('',*,*,#1693,.T.);
#2342 = ORIENTED_EDGE('',*,*,#1661,.F.);
#2343 = ORIENTED_EDGE('',*,*,#1644,.T.);
#2344 = ORIENTED_EDGE('',*,*,#1612,.F.);
#2345 = ORIENTED_EDGE('',*,*,#1595,.T.);
#2346 = ORIENTED_EDGE('',*,*,#1563,.F.);
#2347 = PLANE('',#2348);
#2348 = AXIS2_PLACEMENT_3D('',#2349,#2350,#2351);
#2349 = CARTESIAN_POINT('',(-4.68898362473E+03,-1.05E+03,760.00082834591
    ));
#2350 = DIRECTION('',(-2.E-17,1.,-5.2E-16));
#2351 = DIRECTION('',(0.,5.2E-16,1.));
#2352 = ADVANCED_FACE('',(#2353),#2363,.F.);
#2353 = FACE_BOUND('',#2354,.T.);
#2354 = EDGE_LOOP('',(#2355,#2356,#2357,#2358,#2359,#2360,#2361,#2362));
#2355 = ORIENTED_EDGE('',*,*,#1735,.T.);
#2356 = ORIENTED_EDGE('',*,*,#1907,.F.);
#2357 = ORIENTED_EDGE('',*,*,#1889,.T.);
#2358 = ORIENTED_EDGE('',*,*,#1865,.F.);
#2359 = ORIENTED_EDGE('',*,*,#1840,.T.);
#2360 = ORIENTED_EDGE('',*,*,#1816,.F.);
#2361 = ORIENTED_EDGE('',*,*,#1791,.T.);
#2362 = ORIENTED_EDGE('',*,*,#1767,.F.);
#2363 = PLANE('',#2364);
#2364 = AXIS2_PLACEMENT_3D('',#2365,#2366,#2367);
#2365 = CARTESIAN_POINT('',(-4.68898362473E+03,1.05E+03,760.00082834591)
  );
#2366 = DIRECTION('',(-2.E-17,-1.,1.4E-16));
#2367 = DIRECTION('',(0.,-1.4E-16,-1.));
#2368 = ADVANCED_FACE('',(#2369),#2379,.F.);
#2369 = FACE_BOUND('',#2370,.T.);
#2370 = EDGE_LOOP('',(#2371,#2372,#2373,#2374,#2375,#2376,#2377,#2378));
#2371 = ORIENTED_EDGE('',*,*,#1931,.T.);
#2372 = ORIENTED_EDGE('',*,*,#2103,.F.);
#2373 = ORIENTED_EDGE('',*,*,#2085,.T.);
#2374 = ORIENTED_EDGE('',*,*,#2061,.F.);
#2375 = ORIENTED_EDGE('',*,*,#2036,.T.);
#2376 = ORIENTED_EDGE('',*,*,#2012,.F.);
#2377 = ORIENTED_EDGE('',*,*,#1987,.T.);
#2378 = ORIENTED_EDGE('',*,*,#1963,.F.);
#2379 = PLANE('',#2380);
#2380 = AXIS2_PLACEMENT_3D('',#2381,#2382,#2383);
#2381 = CARTESIAN_POINT('',(-4.68898362473E+03,1.05E+03,760.00082834591)
  );
#2382 = DIRECTION('',(-2.E-17,-1.,1.4E-16));
#2383 = DIRECTION('',(0.,-1.4E-16,-1.));
#2384 = ADVANCED_FACE('',(#2385),#2395,.F.);
#2385 = FACE_BOUND('',#2386,.T.);
#2386 = EDGE_LOOP('',(#2387,#2388,#2389,#2390,#2391,#2392,#2393,#2394));
#2387 = ORIENTED_EDGE('',*,*,#2136,.T.);
#2388 = ORIENTED_EDGE('',*,*,#2307,.T.);
#2389 = ORIENTED_EDGE('',*,*,#2290,.T.);
#2390 = ORIENTED_EDGE('',*,*,#2265,.T.);
#2391 = ORIENTED_EDGE('',*,*,#2241,.T.);
#2392 = ORIENTED_EDGE('',*,*,#2216,.T.);
#2393 = ORIENTED_EDGE('',*,*,#2192,.T.);
#2394 = ORIENTED_EDGE('',*,*,#2167,.T.);
#2395 = PLANE('',#2396);
#2396 = AXIS2_PLACEMENT_3D('',#2397,#2398,#2399);
#2397 = CARTESIAN_POINT('',(-5.119437721658E+03,-7.58121659543,
    1.11632184602E+03));
#2398 = DIRECTION('',(0.943706545581,-1.5E-16,-0.330783850614));
#2399 = DIRECTION('',(0.330783850614,3.1E-16,0.943706545581));
#2400 = ( GEOMETRIC_REPRESENTATION_CONTEXT(3) 
GLOBAL_UNCERTAINTY_ASSIGNED_CONTEXT((#2404)) 
GLOBAL_UNIT_ASSIGNED_CONTEXT((#2401,#2402,#2403)) REPRESENTATION_CONTEXT
('Context #1','3D Context with UNIT and UNCERTAINTY') );
#2401 = ( LENGTH_UNIT() NAMED_UNIT(*) SI_UNIT(.MILLI.,.METRE.) );
#2402 = ( NAMED_UNIT(*) PLANE_ANGLE_UNIT() SI_UNIT($,.RADIAN.) );
#2403 = ( NAMED_UNIT(*) SI_UNIT($,.STERADIAN.) SOLID_ANGLE_UNIT() );
#2404 = UNCERTAINTY_MEASURE_WITH_UNIT(LENGTH_MEASURE(1.E-04),#2401,
  'distance_accuracy_value','confusion accuracy');
#2405 = CONTEXT_DEPENDENT_SHAPE_REPRESENTATION(#2406,#2408);
#2406 = ( REPRESENTATION_RELATIONSHIP('','',#36,#10) 
REPRESENTATION_RELATIONSHIP_WITH_TRANSFORMATION(#2407) 
SHAPE_REPRESENTATION_RELATIONSHIP() );
#2407 = ITEM_DEFINED_TRANSFORMATION('','',#11,#15);
#2408 = PRODUCT_DEFINITION_SHAPE('Placement','Placement of an item',
  #2409);
#2409 = NEXT_ASSEMBLY_USAGE_OCCURRENCE('1','Chassis003','',#5,#31,$);
#2410 = PRODUCT_RELATED_PRODUCT_CATEGORY('part',$,(#33));
#2411 = SHAPE_DEFINITION_REPRESENTATION(#2412,#2418);
#2412 = PRODUCT_DEFINITION_SHAPE('','',#2413);
#2413 = PRODUCT_DEFINITION('design','',#2414,#2417);
#2414 = PRODUCT_DEFINITION_FORMATION('','',#2415);
#2415 = PRODUCT('cylinder_bracket001','cylinder_bracket001','',(#2416));
#2416 = PRODUCT_CONTEXT('',#2,'mechanical');
#2417 = PRODUCT_DEFINITION_CONTEXT('part definition',#2,'design');
#2418 = ADVANCED_BREP_SHAPE_REPRESENTATION('',(#11,#2419),#2945);
#2419 = MANIFOLD_SOLID_BREP('',#2420);
#2420 = CLOSED_SHELL('',(#2421,#2477,#2508,#2539,#2602,#2633,#2650,#2667
    ,#2686,#2722,#2747,#2782,#2806,#2842,#2867,#2895,#2911,#2928));
#2421 = ADVANCED_FACE('',(#2422),#2472,.F.);
#2422 = FACE_BOUND('',#2423,.F.);
#2423 = EDGE_LOOP('',(#2424,#2434,#2442,#2450,#2458,#2466));
#2424 = ORIENTED_EDGE('',*,*,#2425,.T.);
#2425 = EDGE_CURVE('',#2426,#2428,#2430,.T.);
#2426 = VERTEX_POINT('',#2427);
#2427 = CARTESIAN_POINT('',(-101.9797166363,75.,-75.));
#2428 = VERTEX_POINT('',#2429);
#2429 = CARTESIAN_POINT('',(-101.9797166363,-75.,-75.));
#2430 = LINE('',#2431,#2432);
#2431 = CARTESIAN_POINT('',(-101.9797166363,75.,-75.));
#2432 = VECTOR('',#2433,1.);
#2433 = DIRECTION('',(0.,-1.,0.));
#2434 = ORIENTED_EDGE('',*,*,#2435,.T.);
#2435 = EDGE_CURVE('',#2428,#2436,#2438,.T.);
#2436 = VERTEX_POINT('',#2437);
#2437 = CARTESIAN_POINT('',(-76.97971663636,-75.,-75.));
#2438 = LINE('',#2439,#2440);
#2439 = CARTESIAN_POINT('',(-101.9797166363,-75.,-75.));
#2440 = VECTOR('',#2441,1.);
#2441 = DIRECTION('',(1.,0.,0.));
#2442 = ORIENTED_EDGE('',*,*,#2443,.F.);
#2443 = EDGE_CURVE('',#2444,#2436,#2446,.T.);
#2444 = VERTEX_POINT('',#2445);
#2445 = CARTESIAN_POINT('',(-76.97971663636,-30.,-75.));
#2446 = LINE('',#2447,#2448);
#2447 = CARTESIAN_POINT('',(-76.97971663636,75.,-75.));
#2448 = VECTOR('',#2449,1.);
#2449 = DIRECTION('',(0.,-1.,0.));
#2450 = ORIENTED_EDGE('',*,*,#2451,.F.);
#2451 = EDGE_CURVE('',#2452,#2444,#2454,.T.);
#2452 = VERTEX_POINT('',#2453);
#2453 = CARTESIAN_POINT('',(-76.97971663636,30.,-75.));
#2454 = LINE('',#2455,#2456);
#2455 = CARTESIAN_POINT('',(-76.97971663636,30.,-75.));
#2456 = VECTOR('',#2457,1.);
#2457 = DIRECTION('',(0.,-1.,0.));
#2458 = ORIENTED_EDGE('',*,*,#2459,.F.);
#2459 = EDGE_CURVE('',#2460,#2452,#2462,.T.);
#2460 = VERTEX_POINT('',#2461);
#2461 = CARTESIAN_POINT('',(-76.97971663636,75.,-75.));
#2462 = LINE('',#2463,#2464);
#2463 = CARTESIAN_POINT('',(-76.97971663636,75.,-75.));
#2464 = VECTOR('',#2465,1.);
#2465 = DIRECTION('',(0.,-1.,0.));
#2466 = ORIENTED_EDGE('',*,*,#2467,.F.);
#2467 = EDGE_CURVE('',#2426,#2460,#2468,.T.);
#2468 = LINE('',#2469,#2470);
#2469 = CARTESIAN_POINT('',(-101.9797166363,75.,-75.));
#2470 = VECTOR('',#2471,1.);
#2471 = DIRECTION('',(1.,0.,0.));
#2472 = PLANE('',#2473);
#2473 = AXIS2_PLACEMENT_3D('',#2474,#2475,#2476);
#2474 = CARTESIAN_POINT('',(-101.9797166363,75.,-75.));
#2475 = DIRECTION('',(0.,0.,1.));
#2476 = DIRECTION('',(1.,0.,-0.));
#2477 = ADVANCED_FACE('',(#2478),#2503,.F.);
#2478 = FACE_BOUND('',#2479,.F.);
#2479 = EDGE_LOOP('',(#2480,#2490,#2496,#2497));
#2480 = ORIENTED_EDGE('',*,*,#2481,.T.);
#2481 = EDGE_CURVE('',#2482,#2484,#2486,.T.);
#2482 = VERTEX_POINT('',#2483);
#2483 = CARTESIAN_POINT('',(-101.9797166363,75.,75.));
#2484 = VERTEX_POINT('',#2485);
#2485 = CARTESIAN_POINT('',(-101.9797166363,-75.,75.));
#2486 = LINE('',#2487,#2488);
#2487 = CARTESIAN_POINT('',(-101.9797166363,75.,75.));
#2488 = VECTOR('',#2489,1.);
#2489 = DIRECTION('',(0.,-1.,0.));
#2490 = ORIENTED_EDGE('',*,*,#2491,.T.);
#2491 = EDGE_CURVE('',#2484,#2428,#2492,.T.);
#2492 = LINE('',#2493,#2494);
#2493 = CARTESIAN_POINT('',(-101.9797166363,-75.,75.));
#2494 = VECTOR('',#2495,1.);
#2495 = DIRECTION('',(0.,2.2E-16,-1.));
#2496 = ORIENTED_EDGE('',*,*,#2425,.F.);
#2497 = ORIENTED_EDGE('',*,*,#2498,.F.);
#2498 = EDGE_CURVE('',#2482,#2426,#2499,.T.);
#2499 = LINE('',#2500,#2501);
#2500 = CARTESIAN_POINT('',(-101.9797166363,75.,75.));
#2501 = VECTOR('',#2502,1.);
#2502 = DIRECTION('',(0.,2.2E-16,-1.));
#2503 = PLANE('',#2504);
#2504 = AXIS2_PLACEMENT_3D('',#2505,#2506,#2507);
#2505 = CARTESIAN_POINT('',(-101.9797166363,75.,75.));
#2506 = DIRECTION('',(1.,0.,0.));
#2507 = DIRECTION('',(0.,2.2E-16,-1.));
#2508 = ADVANCED_FACE('',(#2509),#2534,.F.);
#2509 = FACE_BOUND('',#2510,.F.);
#2510 = EDGE_LOOP('',(#2511,#2519,#2520,#2528));
#2511 = ORIENTED_EDGE('',*,*,#2512,.F.);
#2512 = EDGE_CURVE('',#2460,#2513,#2515,.T.);
#2513 = VERTEX_POINT('',#2514);
#2514 = CARTESIAN_POINT('',(-76.97971663636,75.,75.));
#2515 = LINE('',#2516,#2517);
#2516 = CARTESIAN_POINT('',(-76.97971663636,75.,-75.));
#2517 = VECTOR('',#2518,1.);
#2518 = DIRECTION('',(0.,-2.2E-16,1.));
#2519 = ORIENTED_EDGE('',*,*,#2459,.T.);
#2520 = ORIENTED_EDGE('',*,*,#2521,.F.);
#2521 = EDGE_CURVE('',#2522,#2452,#2524,.T.);
#2522 = VERTEX_POINT('',#2523);
#2523 = CARTESIAN_POINT('',(-76.97971663636,30.,75.));
#2524 = LINE('',#2525,#2526);
#2525 = CARTESIAN_POINT('',(-76.97971663636,30.,75.));
#2526 = VECTOR('',#2527,1.);
#2527 = DIRECTION('',(0.,2.2E-16,-1.));
#2528 = ORIENTED_EDGE('',*,*,#2529,.F.);
#2529 = EDGE_CURVE('',#2513,#2522,#2530,.T.);
#2530 = LINE('',#2531,#2532);
#2531 = CARTESIAN_POINT('',(-76.97971663636,75.,75.));
#2532 = VECTOR('',#2533,1.);
#2533 = DIRECTION('',(0.,-1.,0.));
#2534 = PLANE('',#2535);
#2535 = AXIS2_PLACEMENT_3D('',#2536,#2537,#2538);
#2536 = CARTESIAN_POINT('',(-76.97971663636,75.,-75.));
#2537 = DIRECTION('',(-1.,0.,0.));
#2538 = DIRECTION('',(0.,-2.2E-16,1.));
#2539 = ADVANCED_FACE('',(#2540),#2597,.F.);
#2540 = FACE_BOUND('',#2541,.F.);
#2541 = EDGE_LOOP('',(#2542,#2550,#2551,#2559,#2567,#2575,#2583,#2591));
#2542 = ORIENTED_EDGE('',*,*,#2543,.F.);
#2543 = EDGE_CURVE('',#2452,#2544,#2546,.T.);
#2544 = VERTEX_POINT('',#2545);
#2545 = CARTESIAN_POINT('',(15.245136910266,30.,-36.98088425913));
#2546 = LINE('',#2547,#2548);
#2547 = CARTESIAN_POINT('',(-76.97971663636,30.,-75.));
#2548 = VECTOR('',#2549,1.);
#2549 = DIRECTION('',(0.924522106478,-8.E-17,0.381128422757));
#2550 = ORIENTED_EDGE('',*,*,#2451,.T.);
#2551 = ORIENTED_EDGE('',*,*,#2552,.T.);
#2552 = EDGE_CURVE('',#2444,#2553,#2555,.T.);
#2553 = VERTEX_POINT('',#2554);
#2554 = CARTESIAN_POINT('',(15.245136910266,-30.,-36.98088425913));
#2555 = LINE('',#2556,#2557);
#2556 = CARTESIAN_POINT('',(-76.97971663636,-30.,-75.));
#2557 = VECTOR('',#2558,1.);
#2558 = DIRECTION('',(0.924522106478,-8.E-17,0.381128422757));
#2559 = ORIENTED_EDGE('',*,*,#2560,.F.);
#2560 = EDGE_CURVE('',#2561,#2553,#2563,.T.);
#2561 = VERTEX_POINT('',#2562);
#2562 = CARTESIAN_POINT('',(15.245136910266,-15.,-36.98088425913));
#2563 = LINE('',#2564,#2565);
#2564 = CARTESIAN_POINT('',(15.245136910266,30.,-36.98088425913));
#2565 = VECTOR('',#2566,1.);
#2566 = DIRECTION('',(0.,-1.,0.));
#2567 = ORIENTED_EDGE('',*,*,#2568,.T.);
#2568 = EDGE_CURVE('',#2561,#2569,#2571,.T.);
#2569 = VERTEX_POINT('',#2570);
#2570 = CARTESIAN_POINT('',(-59.366302,-15.,-67.73898061206));
#2571 = LINE('',#2572,#2573);
#2572 = CARTESIAN_POINT('',(7.354984017395,-15.,-40.23355015678));
#2573 = VECTOR('',#2574,1.);
#2574 = DIRECTION('',(-0.924522106478,-0.,-0.381128422757));
#2575 = ORIENTED_EDGE('',*,*,#2576,.T.);
#2576 = EDGE_CURVE('',#2569,#2577,#2579,.T.);
#2577 = VERTEX_POINT('',#2578);
#2578 = CARTESIAN_POINT('',(-59.366302,15.,-67.73898061206));
#2579 = LINE('',#2580,#2581);
#2580 = CARTESIAN_POINT('',(-59.366302,7.5,-67.73898061206));
#2581 = VECTOR('',#2582,1.);
#2582 = DIRECTION('',(0.,1.,-0.));
#2583 = ORIENTED_EDGE('',*,*,#2584,.T.);
#2584 = EDGE_CURVE('',#2577,#2585,#2587,.T.);
#2585 = VERTEX_POINT('',#2586);
#2586 = CARTESIAN_POINT('',(15.245136910266,15.,-36.98088425913));
#2587 = LINE('',#2588,#2589);
#2588 = CARTESIAN_POINT('',(-38.62061714094,15.,-59.18670252813));
#2589 = VECTOR('',#2590,1.);
#2590 = DIRECTION('',(0.924522106478,0.,0.381128422757));
#2591 = ORIENTED_EDGE('',*,*,#2592,.F.);
#2592 = EDGE_CURVE('',#2544,#2585,#2593,.T.);
#2593 = LINE('',#2594,#2595);
#2594 = CARTESIAN_POINT('',(15.245136910266,30.,-36.98088425913));
#2595 = VECTOR('',#2596,1.);
#2596 = DIRECTION('',(0.,-1.,0.));
#2597 = PLANE('',#2598);
#2598 = AXIS2_PLACEMENT_3D('',#2599,#2600,#2601);
#2599 = CARTESIAN_POINT('',(-76.97971663636,30.,-75.));
#2600 = DIRECTION('',(-0.381128422757,0.,0.924522106478));
#2601 = DIRECTION('',(0.924522106478,-8.E-17,0.381128422757));
#2602 = ADVANCED_FACE('',(#2603),#2628,.F.);
#2603 = FACE_BOUND('',#2604,.F.);
#2604 = EDGE_LOOP('',(#2605,#2613,#2614,#2622));
#2605 = ORIENTED_EDGE('',*,*,#2606,.T.);
#2606 = EDGE_CURVE('',#2607,#2444,#2609,.T.);
#2607 = VERTEX_POINT('',#2608);
#2608 = CARTESIAN_POINT('',(-76.97971663636,-30.,75.));
#2609 = LINE('',#2610,#2611);
#2610 = CARTESIAN_POINT('',(-76.97971663636,-30.,75.));
#2611 = VECTOR('',#2612,1.);
#2612 = DIRECTION('',(0.,2.2E-16,-1.));
#2613 = ORIENTED_EDGE('',*,*,#2443,.T.);
#2614 = ORIENTED_EDGE('',*,*,#2615,.T.);
#2615 = EDGE_CURVE('',#2436,#2616,#2618,.T.);
#2616 = VERTEX_POINT('',#2617);
#2617 = CARTESIAN_POINT('',(-76.97971663636,-75.,75.));
#2618 = LINE('',#2619,#2620);
#2619 = CARTESIAN_POINT('',(-76.97971663636,-75.,-75.));
#2620 = VECTOR('',#2621,1.);
#2621 = DIRECTION('',(0.,-2.2E-16,1.));
#2622 = ORIENTED_EDGE('',*,*,#2623,.F.);
#2623 = EDGE_CURVE('',#2607,#2616,#2624,.T.);
#2624 = LINE('',#2625,#2626);
#2625 = CARTESIAN_POINT('',(-76.97971663636,75.,75.));
#2626 = VECTOR('',#2627,1.);
#2627 = DIRECTION('',(0.,-1.,0.));
#2628 = PLANE('',#2629);
#2629 = AXIS2_PLACEMENT_3D('',#2630,#2631,#2632);
#2630 = CARTESIAN_POINT('',(-76.97971663636,75.,-75.));
#2631 = DIRECTION('',(-1.,0.,0.));
#2632 = DIRECTION('',(0.,-2.2E-16,1.));
#2633 = ADVANCED_FACE('',(#2634),#2645,.T.);
#2634 = FACE_BOUND('',#2635,.F.);
#2635 = EDGE_LOOP('',(#2636,#2637,#2638,#2644));
#2636 = ORIENTED_EDGE('',*,*,#2467,.T.);
#2637 = ORIENTED_EDGE('',*,*,#2512,.T.);
#2638 = ORIENTED_EDGE('',*,*,#2639,.T.);
#2639 = EDGE_CURVE('',#2513,#2482,#2640,.T.);
#2640 = LINE('',#2641,#2642);
#2641 = CARTESIAN_POINT('',(-76.97971663636,75.,75.));
#2642 = VECTOR('',#2643,1.);
#2643 = DIRECTION('',(-1.,0.,0.));
#2644 = ORIENTED_EDGE('',*,*,#2498,.T.);
#2645 = PLANE('',#2646);
#2646 = AXIS2_PLACEMENT_3D('',#2647,#2648,#2649);
#2647 = CARTESIAN_POINT('',(-89.47971663636,75.,2.842E-14));
#2648 = DIRECTION('',(0.,1.,4.4E-16));
#2649 = DIRECTION('',(0.,-4.4E-16,1.));
#2650 = ADVANCED_FACE('',(#2651),#2662,.F.);
#2651 = FACE_BOUND('',#2652,.T.);
#2652 = EDGE_LOOP('',(#2653,#2654,#2655,#2661));
#2653 = ORIENTED_EDGE('',*,*,#2435,.T.);
#2654 = ORIENTED_EDGE('',*,*,#2615,.T.);
#2655 = ORIENTED_EDGE('',*,*,#2656,.T.);
#2656 = EDGE_CURVE('',#2616,#2484,#2657,.T.);
#2657 = LINE('',#2658,#2659);
#2658 = CARTESIAN_POINT('',(-76.97971663636,-75.,75.));
#2659 = VECTOR('',#2660,1.);
#2660 = DIRECTION('',(-1.,0.,0.));
#2661 = ORIENTED_EDGE('',*,*,#2491,.T.);
#2662 = PLANE('',#2663);
#2663 = AXIS2_PLACEMENT_3D('',#2664,#2665,#2666);
#2664 = CARTESIAN_POINT('',(-89.47971663636,-75.,0.));
#2665 = DIRECTION('',(0.,1.,4.4E-16));
#2666 = DIRECTION('',(0.,-4.4E-16,1.));
#2667 = ADVANCED_FACE('',(#2668),#2681,.F.);
#2668 = FACE_BOUND('',#2669,.F.);
#2669 = EDGE_LOOP('',(#2670,#2671,#2677,#2678,#2679,#2680));
#2670 = ORIENTED_EDGE('',*,*,#2529,.T.);
#2671 = ORIENTED_EDGE('',*,*,#2672,.T.);
#2672 = EDGE_CURVE('',#2522,#2607,#2673,.T.);
#2673 = LINE('',#2674,#2675);
#2674 = CARTESIAN_POINT('',(-76.97971663636,30.,75.));
#2675 = VECTOR('',#2676,1.);
#2676 = DIRECTION('',(0.,-1.,0.));
#2677 = ORIENTED_EDGE('',*,*,#2623,.T.);
#2678 = ORIENTED_EDGE('',*,*,#2656,.T.);
#2679 = ORIENTED_EDGE('',*,*,#2481,.F.);
#2680 = ORIENTED_EDGE('',*,*,#2639,.F.);
#2681 = PLANE('',#2682);
#2682 = AXIS2_PLACEMENT_3D('',#2683,#2684,#2685);
#2683 = CARTESIAN_POINT('',(-76.97971663636,75.,75.));
#2684 = DIRECTION('',(0.,0.,-1.));
#2685 = DIRECTION('',(-1.,0.,0.));
#2686 = ADVANCED_FACE('',(#2687,#2706),#2717,.T.);
#2687 = FACE_BOUND('',#2688,.F.);
#2688 = EDGE_LOOP('',(#2689,#2698,#2704,#2705));
#2689 = ORIENTED_EDGE('',*,*,#2690,.T.);
#2690 = EDGE_CURVE('',#2544,#2691,#2693,.T.);
#2691 = VERTEX_POINT('',#2692);
#2692 = CARTESIAN_POINT('',(15.245136910266,30.,36.980884259131));
#2693 = CIRCLE('',#2694,40.);
#2694 = AXIS2_PLACEMENT_3D('',#2695,#2696,#2697);
#2695 = CARTESIAN_POINT('',(0.,30.,-7.11E-15));
#2696 = DIRECTION('',(0.,-1.,-2.2E-16));
#2697 = DIRECTION('',(1.,0.,0.));
#2698 = ORIENTED_EDGE('',*,*,#2699,.T.);
#2699 = EDGE_CURVE('',#2691,#2522,#2700,.T.);
#2700 = LINE('',#2701,#2702);
#2701 = CARTESIAN_POINT('',(15.245136910266,30.,36.980884259131));
#2702 = VECTOR('',#2703,1.);
#2703 = DIRECTION('',(-0.924522106478,-8.E-17,0.381128422757));
#2704 = ORIENTED_EDGE('',*,*,#2521,.T.);
#2705 = ORIENTED_EDGE('',*,*,#2543,.T.);
#2706 = FACE_BOUND('',#2707,.T.);
#2707 = EDGE_LOOP('',(#2708));
#2708 = ORIENTED_EDGE('',*,*,#2709,.T.);
#2709 = EDGE_CURVE('',#2710,#2710,#2712,.T.);
#2710 = VERTEX_POINT('',#2711);
#2711 = CARTESIAN_POINT('',(20.,30.,7.E-15));
#2712 = CIRCLE('',#2713,20.);
#2713 = AXIS2_PLACEMENT_3D('',#2714,#2715,#2716);
#2714 = CARTESIAN_POINT('',(0.,30.,-7.11E-15));
#2715 = DIRECTION('',(0.,-1.,-2.2E-16));
#2716 = DIRECTION('',(1.,0.,0.));
#2717 = PLANE('',#2718);
#2718 = AXIS2_PLACEMENT_3D('',#2719,#2720,#2721);
#2719 = CARTESIAN_POINT('',(-27.45253062726,30.,-4.263E-14));
#2720 = DIRECTION('',(0.,1.,4.4E-16));
#2721 = DIRECTION('',(0.,-4.4E-16,1.));
#2722 = ADVANCED_FACE('',(#2723),#2742,.T.);
#2723 = FACE_BOUND('',#2724,.T.);
#2724 = EDGE_LOOP('',(#2725,#2733,#2740,#2741));
#2725 = ORIENTED_EDGE('',*,*,#2726,.T.);
#2726 = EDGE_CURVE('',#2691,#2727,#2729,.T.);
#2727 = VERTEX_POINT('',#2728);
#2728 = CARTESIAN_POINT('',(15.245136910266,15.,36.980884259131));
#2729 = LINE('',#2730,#2731);
#2730 = CARTESIAN_POINT('',(15.245136910266,30.,36.980884259131));
#2731 = VECTOR('',#2732,1.);
#2732 = DIRECTION('',(0.,-1.,0.));
#2733 = ORIENTED_EDGE('',*,*,#2734,.T.);
#2734 = EDGE_CURVE('',#2727,#2585,#2735,.T.);
#2735 = CIRCLE('',#2736,40.);
#2736 = AXIS2_PLACEMENT_3D('',#2737,#2738,#2739);
#2737 = CARTESIAN_POINT('',(0.,15.,-3.33E-15));
#2738 = DIRECTION('',(-0.,1.,2.2E-16));
#2739 = DIRECTION('',(1.,0.,0.));
#2740 = ORIENTED_EDGE('',*,*,#2592,.F.);
#2741 = ORIENTED_EDGE('',*,*,#2690,.T.);
#2742 = CYLINDRICAL_SURFACE('',#2743,40.);
#2743 = AXIS2_PLACEMENT_3D('',#2744,#2745,#2746);
#2744 = CARTESIAN_POINT('',(0.,30.,0.));
#2745 = DIRECTION('',(0.,1.,2.2E-16));
#2746 = DIRECTION('',(1.,0.,-0.));
#2747 = ADVANCED_FACE('',(#2748,#2766),#2777,.T.);
#2748 = FACE_BOUND('',#2749,.T.);
#2749 = EDGE_LOOP('',(#2750,#2758,#2764,#2765));
#2750 = ORIENTED_EDGE('',*,*,#2751,.T.);
#2751 = EDGE_CURVE('',#2727,#2752,#2754,.T.);
#2752 = VERTEX_POINT('',#2753);
#2753 = CARTESIAN_POINT('',(-59.366302,15.,67.738980612063));
#2754 = LINE('',#2755,#2756);
#2755 = CARTESIAN_POINT('',(-27.74435559219,15.,54.703032120999));
#2756 = VECTOR('',#2757,1.);
#2757 = DIRECTION('',(-0.924522106478,0.,0.381128422757));
#2758 = ORIENTED_EDGE('',*,*,#2759,.T.);
#2759 = EDGE_CURVE('',#2752,#2577,#2760,.T.);
#2760 = LINE('',#2761,#2762);
#2761 = CARTESIAN_POINT('',(-59.366302,15.,100.));
#2762 = VECTOR('',#2763,1.);
#2763 = DIRECTION('',(0.,-0.,-1.));
#2764 = ORIENTED_EDGE('',*,*,#2584,.T.);
#2765 = ORIENTED_EDGE('',*,*,#2734,.F.);
#2766 = FACE_BOUND('',#2767,.T.);
#2767 = EDGE_LOOP('',(#2768));
#2768 = ORIENTED_EDGE('',*,*,#2769,.T.);
#2769 = EDGE_CURVE('',#2770,#2770,#2772,.T.);
#2770 = VERTEX_POINT('',#2771);
#2771 = CARTESIAN_POINT('',(20.,15.,3.E-15));
#2772 = CIRCLE('',#2773,20.);
#2773 = AXIS2_PLACEMENT_3D('',#2774,#2775,#2776);
#2774 = CARTESIAN_POINT('',(0.,15.,-3.33E-15));
#2775 = DIRECTION('',(-0.,1.,2.2E-16));
#2776 = DIRECTION('',(1.,0.,0.));
#2777 = PLANE('',#2778);
#2778 = AXIS2_PLACEMENT_3D('',#2779,#2780,#2781);
#2779 = CARTESIAN_POINT('',(-59.366302,15.,100.));
#2780 = DIRECTION('',(0.,-1.,0.));
#2781 = DIRECTION('',(1.,0.,0.));
#2782 = ADVANCED_FACE('',(#2783),#2801,.T.);
#2783 = FACE_BOUND('',#2784,.T.);
#2784 = EDGE_LOOP('',(#2785,#2793,#2799,#2800));
#2785 = ORIENTED_EDGE('',*,*,#2786,.T.);
#2786 = EDGE_CURVE('',#2752,#2787,#2789,.T.);
#2787 = VERTEX_POINT('',#2788);
#2788 = CARTESIAN_POINT('',(-59.366302,-15.,67.738980612063));
#2789 = LINE('',#2790,#2791);
#2790 = CARTESIAN_POINT('',(-59.366302,7.5,67.738980612063));
#2791 = VECTOR('',#2792,1.);
#2792 = DIRECTION('',(0.,-1.,0.));
#2793 = ORIENTED_EDGE('',*,*,#2794,.T.);
#2794 = EDGE_CURVE('',#2787,#2569,#2795,.T.);
#2795 = LINE('',#2796,#2797);
#2796 = CARTESIAN_POINT('',(-59.366302,-15.,100.));
#2797 = VECTOR('',#2798,1.);
#2798 = DIRECTION('',(0.,-0.,-1.));
#2799 = ORIENTED_EDGE('',*,*,#2576,.T.);
#2800 = ORIENTED_EDGE('',*,*,#2759,.F.);
#2801 = PLANE('',#2802);
#2802 = AXIS2_PLACEMENT_3D('',#2803,#2804,#2805);
#2803 = CARTESIAN_POINT('',(-59.366302,-15.,100.));
#2804 = DIRECTION('',(1.,0.,0.));
#2805 = DIRECTION('',(0.,1.,-0.));
#2806 = ADVANCED_FACE('',(#2807,#2826),#2837,.T.);
#2807 = FACE_BOUND('',#2808,.T.);
#2808 = EDGE_LOOP('',(#2809,#2810,#2818,#2825));
#2809 = ORIENTED_EDGE('',*,*,#2794,.F.);
#2810 = ORIENTED_EDGE('',*,*,#2811,.T.);
#2811 = EDGE_CURVE('',#2787,#2812,#2814,.T.);
#2812 = VERTEX_POINT('',#2813);
#2813 = CARTESIAN_POINT('',(15.245136910266,-15.,36.980884259131));
#2814 = LINE('',#2815,#2816);
#2815 = CARTESIAN_POINT('',(18.231245566136,-15.,35.749879749648));
#2816 = VECTOR('',#2817,1.);
#2817 = DIRECTION('',(0.924522106478,-0.,-0.381128422757));
#2818 = ORIENTED_EDGE('',*,*,#2819,.T.);
#2819 = EDGE_CURVE('',#2812,#2561,#2820,.T.);
#2820 = CIRCLE('',#2821,40.);
#2821 = AXIS2_PLACEMENT_3D('',#2822,#2823,#2824);
#2822 = CARTESIAN_POINT('',(0.,-15.,-9.99E-15));
#2823 = DIRECTION('',(-0.,1.,2.2E-16));
#2824 = DIRECTION('',(1.,0.,0.));
#2825 = ORIENTED_EDGE('',*,*,#2568,.T.);
#2826 = FACE_BOUND('',#2827,.T.);
#2827 = EDGE_LOOP('',(#2828));
#2828 = ORIENTED_EDGE('',*,*,#2829,.F.);
#2829 = EDGE_CURVE('',#2830,#2830,#2832,.T.);
#2830 = VERTEX_POINT('',#2831);
#2831 = CARTESIAN_POINT('',(20.,-15.,-3.E-15));
#2832 = CIRCLE('',#2833,20.);
#2833 = AXIS2_PLACEMENT_3D('',#2834,#2835,#2836);
#2834 = CARTESIAN_POINT('',(0.,-15.,-9.99E-15));
#2835 = DIRECTION('',(-0.,1.,2.2E-16));
#2836 = DIRECTION('',(1.,0.,0.));
#2837 = PLANE('',#2838);
#2838 = AXIS2_PLACEMENT_3D('',#2839,#2840,#2841);
#2839 = CARTESIAN_POINT('',(48.211536,-15.,100.));
#2840 = DIRECTION('',(0.,1.,-0.));
#2841 = DIRECTION('',(-1.,0.,0.));
#2842 = ADVANCED_FACE('',(#2843),#2862,.T.);
#2843 = FACE_BOUND('',#2844,.T.);
#2844 = EDGE_LOOP('',(#2845,#2853,#2860,#2861));
#2845 = ORIENTED_EDGE('',*,*,#2846,.T.);
#2846 = EDGE_CURVE('',#2812,#2847,#2849,.T.);
#2847 = VERTEX_POINT('',#2848);
#2848 = CARTESIAN_POINT('',(15.245136910266,-30.,36.980884259131));
#2849 = LINE('',#2850,#2851);
#2850 = CARTESIAN_POINT('',(15.245136910266,30.,36.980884259131));
#2851 = VECTOR('',#2852,1.);
#2852 = DIRECTION('',(0.,-1.,0.));
#2853 = ORIENTED_EDGE('',*,*,#2854,.F.);
#2854 = EDGE_CURVE('',#2553,#2847,#2855,.T.);
#2855 = CIRCLE('',#2856,40.);
#2856 = AXIS2_PLACEMENT_3D('',#2857,#2858,#2859);
#2857 = CARTESIAN_POINT('',(0.,-30.,7.11E-15));
#2858 = DIRECTION('',(0.,-1.,-2.2E-16));
#2859 = DIRECTION('',(1.,0.,0.));
#2860 = ORIENTED_EDGE('',*,*,#2560,.F.);
#2861 = ORIENTED_EDGE('',*,*,#2819,.F.);
#2862 = CYLINDRICAL_SURFACE('',#2863,40.);
#2863 = AXIS2_PLACEMENT_3D('',#2864,#2865,#2866);
#2864 = CARTESIAN_POINT('',(0.,30.,0.));
#2865 = DIRECTION('',(0.,1.,2.2E-16));
#2866 = DIRECTION('',(1.,0.,-0.));
#2867 = ADVANCED_FACE('',(#2868,#2879),#2890,.F.);
#2868 = FACE_BOUND('',#2869,.T.);
#2869 = EDGE_LOOP('',(#2870,#2871,#2877,#2878));
#2870 = ORIENTED_EDGE('',*,*,#2854,.T.);
#2871 = ORIENTED_EDGE('',*,*,#2872,.T.);
#2872 = EDGE_CURVE('',#2847,#2607,#2873,.T.);
#2873 = LINE('',#2874,#2875);
#2874 = CARTESIAN_POINT('',(15.245136910266,-30.,36.980884259131));
#2875 = VECTOR('',#2876,1.);
#2876 = DIRECTION('',(-0.924522106478,-8.E-17,0.381128422757));
#2877 = ORIENTED_EDGE('',*,*,#2606,.T.);
#2878 = ORIENTED_EDGE('',*,*,#2552,.T.);
#2879 = FACE_BOUND('',#2880,.F.);
#2880 = EDGE_LOOP('',(#2881));
#2881 = ORIENTED_EDGE('',*,*,#2882,.T.);
#2882 = EDGE_CURVE('',#2883,#2883,#2885,.T.);
#2883 = VERTEX_POINT('',#2884);
#2884 = CARTESIAN_POINT('',(20.,-30.,-7.E-15));
#2885 = CIRCLE('',#2886,20.);
#2886 = AXIS2_PLACEMENT_3D('',#2887,#2888,#2889);
#2887 = CARTESIAN_POINT('',(0.,-30.,7.11E-15));
#2888 = DIRECTION('',(0.,-1.,-2.2E-16));
#2889 = DIRECTION('',(1.,0.,0.));
#2890 = PLANE('',#2891);
#2891 = AXIS2_PLACEMENT_3D('',#2892,#2893,#2894);
#2892 = CARTESIAN_POINT('',(-27.45253062726,-30.,-5.684E-14));
#2893 = DIRECTION('',(0.,1.,4.4E-16));
#2894 = DIRECTION('',(0.,-4.4E-16,1.));
#2895 = ADVANCED_FACE('',(#2896),#2906,.F.);
#2896 = FACE_BOUND('',#2897,.F.);
#2897 = EDGE_LOOP('',(#2898,#2899,#2900,#2901,#2902,#2903,#2904,#2905));
#2898 = ORIENTED_EDGE('',*,*,#2699,.F.);
#2899 = ORIENTED_EDGE('',*,*,#2726,.T.);
#2900 = ORIENTED_EDGE('',*,*,#2751,.T.);
#2901 = ORIENTED_EDGE('',*,*,#2786,.T.);
#2902 = ORIENTED_EDGE('',*,*,#2811,.T.);
#2903 = ORIENTED_EDGE('',*,*,#2846,.T.);
#2904 = ORIENTED_EDGE('',*,*,#2872,.T.);
#2905 = ORIENTED_EDGE('',*,*,#2672,.F.);
#2906 = PLANE('',#2907);
#2907 = AXIS2_PLACEMENT_3D('',#2908,#2909,#2910);
#2908 = CARTESIAN_POINT('',(15.245136910266,30.,36.980884259131));
#2909 = DIRECTION('',(-0.381128422757,-0.,-0.924522106478));
#2910 = DIRECTION('',(-0.924522106478,-8.E-17,0.381128422757));
#2911 = ADVANCED_FACE('',(#2912),#2923,.F.);
#2912 = FACE_BOUND('',#2913,.F.);
#2913 = EDGE_LOOP('',(#2914,#2920,#2921,#2922));
#2914 = ORIENTED_EDGE('',*,*,#2915,.T.);
#2915 = EDGE_CURVE('',#2710,#2770,#2916,.T.);
#2916 = LINE('',#2917,#2918);
#2917 = CARTESIAN_POINT('',(20.,30.,0.));
#2918 = VECTOR('',#2919,1.);
#2919 = DIRECTION('',(0.,-1.,0.));
#2920 = ORIENTED_EDGE('',*,*,#2769,.T.);
#2921 = ORIENTED_EDGE('',*,*,#2915,.F.);
#2922 = ORIENTED_EDGE('',*,*,#2709,.T.);
#2923 = CYLINDRICAL_SURFACE('',#2924,20.);
#2924 = AXIS2_PLACEMENT_3D('',#2925,#2926,#2927);
#2925 = CARTESIAN_POINT('',(0.,30.,0.));
#2926 = DIRECTION('',(0.,1.,2.2E-16));
#2927 = DIRECTION('',(1.,0.,-0.));
#2928 = ADVANCED_FACE('',(#2929),#2940,.F.);
#2929 = FACE_BOUND('',#2930,.F.);
#2930 = EDGE_LOOP('',(#2931,#2937,#2938,#2939));
#2931 = ORIENTED_EDGE('',*,*,#2932,.T.);
#2932 = EDGE_CURVE('',#2830,#2883,#2933,.T.);
#2933 = LINE('',#2934,#2935);
#2934 = CARTESIAN_POINT('',(20.,30.,0.));
#2935 = VECTOR('',#2936,1.);
#2936 = DIRECTION('',(0.,-1.,0.));
#2937 = ORIENTED_EDGE('',*,*,#2882,.F.);
#2938 = ORIENTED_EDGE('',*,*,#2932,.F.);
#2939 = ORIENTED_EDGE('',*,*,#2829,.F.);
#2940 = CYLINDRICAL_SURFACE('',#2941,20.);
#2941 = AXIS2_PLACEMENT_3D('',#2942,#2943,#2944);
#2942 = CARTESIAN_POINT('',(0.,30.,0.));
#2943 = DIRECTION('',(0.,1.,2.2E-16));
#2944 = DIRECTION('',(1.,0.,-0.));
#2945 = ( GEOMETRIC_REPRESENTATION_CONTEXT(3) 
GLOBAL_UNCERTAINTY_ASSIGNED_CONTEXT((#2949)) 
GLOBAL_UNIT_ASSIGNED_CONTEXT((#2946,#2947,#2948)) REPRESENTATION_CONTEXT
('Context #1','3D Context with UNIT and UNCERTAINTY') );
#2946 = ( LENGTH_UNIT() NAMED_UNIT(*) SI_UNIT(.MILLI.,.METRE.) );
#2947 = ( NAMED_UNIT(*) PLANE_ANGLE_UNIT() SI_UNIT($,.RADIAN.) );
#2948 = ( NAMED_UNIT(*) SI_UNIT($,.STERADIAN.) SOLID_ANGLE_UNIT() );
#2949 = UNCERTAINTY_MEASURE_WITH_UNIT(LENGTH_MEASURE(1.E-07),#2946,
  'distance_accuracy_value','confusion accuracy');
#2950 = CONTEXT_DEPENDENT_SHAPE_REPRESENTATION(#2951,#2953);
#2951 = ( REPRESENTATION_RELATIONSHIP('','',#2418,#10) 
REPRESENTATION_RELATIONSHIP_WITH_TRANSFORMATION(#2952) 
SHAPE_REPRESENTATION_RELATIONSHIP() );
#2952 = ITEM_DEFINED_TRANSFORMATION('','',#11,#19);
#2953 = PRODUCT_DEFINITION_SHAPE('Placement','Placement of an item',
  #2954);
#2954 = NEXT_ASSEMBLY_USAGE_OCCURRENCE('2','cylinder_bracket001','',#5,
  #2413,$);
#2955 = PRODUCT_RELATED_PRODUCT_CATEGORY('part',$,(#2415));
#2956 = MECHANICAL_DESIGN_GEOMETRIC_PRESENTATION_REPRESENTATION('',(
    #2957),#2945);
#2957 = STYLED_ITEM('color',(#2958),#2419);
#2958 = PRESENTATION_STYLE_ASSIGNMENT((#2959,#2965));
#2959 = SURFACE_STYLE_USAGE(.BOTH.,#2960);
#2960 = SURFACE_SIDE_STYLE('',(#2961));
#2961 = SURFACE_STYLE_FILL_AREA(#2962);
#2962 = FILL_AREA_STYLE('',(#2963));
#2963 = FILL_AREA_STYLE_COLOUR('',#2964);
#2964 = DRAUGHTING_PRE_DEFINED_COLOUR('red');
#2965 = CURVE_STYLE('',#2966,POSITIVE_LENGTH_MEASURE(0.1),#2967);
#2966 = DRAUGHTING_PRE_DEFINED_CURVE_FONT('continuous');
#2967 = COLOUR_RGB('',9.803921802644E-02,9.803921802644E-02,
  9.803921802644E-02);
#2968 = MECHANICAL_DESIGN_GEOMETRIC_PRESENTATION_REPRESENTATION('',(
    #2969,#2981,#2990,#2999,#3008,#3017,#3026,#3035,#3044,#3053,#3062,
    #3071,#3080,#3089,#3098,#3107,#3116,#3125,#3134,#3143,#3152,#3161,
    #3170,#3179,#3188,#3197,#3206,#3215,#3224,#3233,#3242,#3251,#3260,
    #3269,#3278,#3287,#3296,#3305,#3314,#3323,#3332,#3341,#3350,#3359,
    #3368,#3377,#3386,#3395,#3404,#3413,#3422,#3431,#3440,#3449,#3458,
    #3467,#3476,#3485,#3494,#3503,#3512,#3521,#3530,#3539,#3548,#3557,
    #3566,#3575,#3584,#3593,#3602,#3611,#3620),#2400);
#2969 = STYLED_ITEM('color',(#2970),#37);
#2970 = PRESENTATION_STYLE_ASSIGNMENT((#2971,#2979));
#2971 = SURFACE_STYLE_USAGE(.BOTH.,#2972);
#2972 = SURFACE_SIDE_STYLE('',(#2973,#2977));
#2973 = SURFACE_STYLE_FILL_AREA(#2974);
#2974 = FILL_AREA_STYLE('',(#2975));
#2975 = FILL_AREA_STYLE_COLOUR('',#2976);
#2976 = COLOUR_RGB('',0.800000010877,0.800000010877,0.800000010877);
#2977 = SURFACE_STYLE_RENDERING_WITH_PROPERTIES(.NORMAL_SHADING.,#2976,(
    #2978));
#2978 = SURFACE_STYLE_TRANSPARENT(0.5);
#2979 = CURVE_STYLE('',#2980,POSITIVE_LENGTH_MEASURE(0.1),#2967);
#2980 = DRAUGHTING_PRE_DEFINED_CURVE_FONT('continuous');
#2981 = OVER_RIDING_STYLED_ITEM('overriding color',(#2982),#141,#2969);
#2982 = PRESENTATION_STYLE_ASSIGNMENT((#2983));
#2983 = SURFACE_STYLE_USAGE(.BOTH.,#2984);
#2984 = SURFACE_SIDE_STYLE('',(#2985,#2988));
#2985 = SURFACE_STYLE_FILL_AREA(#2986);
#2986 = FILL_AREA_STYLE('',(#2987));
#2987 = FILL_AREA_STYLE_COLOUR('',#2976);
#2988 = SURFACE_STYLE_RENDERING_WITH_PROPERTIES(.NORMAL_SHADING.,#2976,(
    #2989));
#2989 = SURFACE_STYLE_TRANSPARENT(0.501960813999);
#2990 = OVER_RIDING_STYLED_ITEM('overriding color',(#2991),#221,#2969);
#2991 = PRESENTATION_STYLE_ASSIGNMENT((#2992));
#2992 = SURFACE_STYLE_USAGE(.BOTH.,#2993);
#2993 = SURFACE_SIDE_STYLE('',(#2994,#2997));
#2994 = SURFACE_STYLE_FILL_AREA(#2995);
#2995 = FILL_AREA_STYLE('',(#2996));
#2996 = FILL_AREA_STYLE_COLOUR('',#2976);
#2997 = SURFACE_STYLE_RENDERING_WITH_PROPERTIES(.NORMAL_SHADING.,#2976,(
    #2998));
#2998 = SURFACE_STYLE_TRANSPARENT(0.501960813999);
#2999 = OVER_RIDING_STYLED_ITEM('overriding color',(#3000),#286,#2969);
#3000 = PRESENTATION_STYLE_ASSIGNMENT((#3001));
#3001 = SURFACE_STYLE_USAGE(.BOTH.,#3002);
#3002 = SURFACE_SIDE_STYLE('',(#3003,#3006));
#3003 = SURFACE_STYLE_FILL_AREA(#3004);
#3004 = FILL_AREA_STYLE('',(#3005));
#3005 = FILL_AREA_STYLE_COLOUR('',#2976);
#3006 = SURFACE_STYLE_RENDERING_WITH_PROPERTIES(.NORMAL_SHADING.,#2976,(
    #3007));
#3007 = SURFACE_STYLE_TRANSPARENT(0.501960813999);
#3008 = OVER_RIDING_STYLED_ITEM('overriding color',(#3009),#310,#2969);
#3009 = PRESENTATION_STYLE_ASSIGNMENT((#3010));
#3010 = SURFACE_STYLE_USAGE(.BOTH.,#3011);
#3011 = SURFACE_SIDE_STYLE('',(#3012,#3015));
#3012 = SURFACE_STYLE_FILL_AREA(#3013);
#3013 = FILL_AREA_STYLE('',(#3014));
#3014 = FILL_AREA_STYLE_COLOUR('',#2976);
#3015 = SURFACE_STYLE_RENDERING_WITH_PROPERTIES(.NORMAL_SHADING.,#2976,(
    #3016));
#3016 = SURFACE_STYLE_TRANSPARENT(0.501960813999);
#3017 = OVER_RIDING_STYLED_ITEM('overriding color',(#3018),#334,#2969);
#3018 = PRESENTATION_STYLE_ASSIGNMENT((#3019));
#3019 = SURFACE_STYLE_USAGE(.BOTH.,#3020);
#3020 = SURFACE_SIDE_STYLE('',(#3021,#3024));
#3021 = SURFACE_STYLE_FILL_AREA(#3022);
#3022 = FILL_AREA_STYLE('',(#3023));
#3023 = FILL_AREA_STYLE_COLOUR('',#2976);
#3024 = SURFACE_STYLE_RENDERING_WITH_PROPERTIES(.NORMAL_SHADING.,#2976,(
    #3025));
#3025 = SURFACE_STYLE_TRANSPARENT(0.501960813999);
#3026 = OVER_RIDING_STYLED_ITEM('overriding color',(#3027),#385,#2969);
#3027 = PRESENTATION_STYLE_ASSIGNMENT((#3028));
#3028 = SURFACE_STYLE_USAGE(.BOTH.,#3029);
#3029 = SURFACE_SIDE_STYLE('',(#3030,#3033));
#3030 = SURFACE_STYLE_FILL_AREA(#3031);
#3031 = FILL_AREA_STYLE('',(#3032));
#3032 = FILL_AREA_STYLE_COLOUR('',#2976);
#3033 = SURFACE_STYLE_RENDERING_WITH_PROPERTIES(.NORMAL_SHADING.,#2976,(
    #3034));
#3034 = SURFACE_STYLE_TRANSPARENT(0.501960813999);
#3035 = OVER_RIDING_STYLED_ITEM('overriding color',(#3036),#427,#2969);
#3036 = PRESENTATION_STYLE_ASSIGNMENT((#3037));
#3037 = SURFACE_STYLE_USAGE(.BOTH.,#3038);
#3038 = SURFACE_SIDE_STYLE('',(#3039,#3042));
#3039 = SURFACE_STYLE_FILL_AREA(#3040);
#3040 = FILL_AREA_STYLE('',(#3041));
#3041 = FILL_AREA_STYLE_COLOUR('',#2976);
#3042 = SURFACE_STYLE_RENDERING_WITH_PROPERTIES(.NORMAL_SHADING.,#2976,(
    #3043));
#3043 = SURFACE_STYLE_TRANSPARENT(0.501960813999);
#3044 = OVER_RIDING_STYLED_ITEM('overriding color',(#3045),#444,#2969);
#3045 = PRESENTATION_STYLE_ASSIGNMENT((#3046));
#3046 = SURFACE_STYLE_USAGE(.BOTH.,#3047);
#3047 = SURFACE_SIDE_STYLE('',(#3048,#3051));
#3048 = SURFACE_STYLE_FILL_AREA(#3049);
#3049 = FILL_AREA_STYLE('',(#3050));
#3050 = FILL_AREA_STYLE_COLOUR('',#2976);
#3051 = SURFACE_STYLE_RENDERING_WITH_PROPERTIES(.NORMAL_SHADING.,#2976,(
    #3052));
#3052 = SURFACE_STYLE_TRANSPARENT(0.501960813999);
#3053 = OVER_RIDING_STYLED_ITEM('overriding color',(#3054),#503,#2969);
#3054 = PRESENTATION_STYLE_ASSIGNMENT((#3055));
#3055 = SURFACE_STYLE_USAGE(.BOTH.,#3056);
#3056 = SURFACE_SIDE_STYLE('',(#3057,#3060));
#3057 = SURFACE_STYLE_FILL_AREA(#3058);
#3058 = FILL_AREA_STYLE('',(#3059));
#3059 = FILL_AREA_STYLE_COLOUR('',#2976);
#3060 = SURFACE_STYLE_RENDERING_WITH_PROPERTIES(.NORMAL_SHADING.,#2976,(
    #3061));
#3061 = SURFACE_STYLE_TRANSPARENT(0.501960813999);
#3062 = OVER_RIDING_STYLED_ITEM('overriding color',(#3063),#532,#2969);
#3063 = PRESENTATION_STYLE_ASSIGNMENT((#3064));
#3064 = SURFACE_STYLE_USAGE(.BOTH.,#3065);
#3065 = SURFACE_SIDE_STYLE('',(#3066,#3069));
#3066 = SURFACE_STYLE_FILL_AREA(#3067);
#3067 = FILL_AREA_STYLE('',(#3068));
#3068 = FILL_AREA_STYLE_COLOUR('',#2976);
#3069 = SURFACE_STYLE_RENDERING_WITH_PROPERTIES(.NORMAL_SHADING.,#2976,(
    #3070));
#3070 = SURFACE_STYLE_TRANSPARENT(0.501960813999);
#3071 = OVER_RIDING_STYLED_ITEM('overriding color',(#3072),#544,#2969);
#3072 = PRESENTATION_STYLE_ASSIGNMENT((#3073));
#3073 = SURFACE_STYLE_USAGE(.BOTH.,#3074);
#3074 = SURFACE_SIDE_STYLE('',(#3075,#3078));
#3075 = SURFACE_STYLE_FILL_AREA(#3076);
#3076 = FILL_AREA_STYLE('',(#3077));
#3077 = FILL_AREA_STYLE_COLOUR('',#2976);
#3078 = SURFACE_STYLE_RENDERING_WITH_PROPERTIES(.NORMAL_SHADING.,#2976,(
    #3079));
#3079 = SURFACE_STYLE_TRANSPARENT(0.501960813999);
#3080 = OVER_RIDING_STYLED_ITEM('overriding color',(#3081),#579,#2969);
#3081 = PRESENTATION_STYLE_ASSIGNMENT((#3082));
#3082 = SURFACE_STYLE_USAGE(.BOTH.,#3083);
#3083 = SURFACE_SIDE_STYLE('',(#3084,#3087));
#3084 = SURFACE_STYLE_FILL_AREA(#3085);
#3085 = FILL_AREA_STYLE('',(#3086));
#3086 = FILL_AREA_STYLE_COLOUR('',#2976);
#3087 = SURFACE_STYLE_RENDERING_WITH_PROPERTIES(.NORMAL_SHADING.,#2976,(
    #3088));
#3088 = SURFACE_STYLE_TRANSPARENT(0.501960813999);
#3089 = OVER_RIDING_STYLED_ITEM('overriding color',(#3090),#604,#2969);
#3090 = PRESENTATION_STYLE_ASSIGNMENT((#3091));
#3091 = SURFACE_STYLE_USAGE(.BOTH.,#3092);
#3092 = SURFACE_SIDE_STYLE('',(#3093,#3096));
#3093 = SURFACE_STYLE_FILL_AREA(#3094);
#3094 = FILL_AREA_STYLE('',(#3095));
#3095 = FILL_AREA_STYLE_COLOUR('',#2976);
#3096 = SURFACE_STYLE_RENDERING_WITH_PROPERTIES(.NORMAL_SHADING.,#2976,(
    #3097));
#3097 = SURFACE_STYLE_TRANSPARENT(0.501960813999);
#3098 = OVER_RIDING_STYLED_ITEM('overriding color',(#3099),#833,#2969);
#3099 = PRESENTATION_STYLE_ASSIGNMENT((#3100));
#3100 = SURFACE_STYLE_USAGE(.BOTH.,#3101);
#3101 = SURFACE_SIDE_STYLE('',(#3102,#3105));
#3102 = SURFACE_STYLE_FILL_AREA(#3103);
#3103 = FILL_AREA_STYLE('',(#3104));
#3104 = FILL_AREA_STYLE_COLOUR('',#2976);
#3105 = SURFACE_STYLE_RENDERING_WITH_PROPERTIES(.NORMAL_SHADING.,#2976,(
    #3106));
#3106 = SURFACE_STYLE_TRANSPARENT(0.501960813999);
#3107 = OVER_RIDING_STYLED_ITEM('overriding color',(#3108),#857,#2969);
#3108 = PRESENTATION_STYLE_ASSIGNMENT((#3109));
#3109 = SURFACE_STYLE_USAGE(.BOTH.,#3110);
#3110 = SURFACE_SIDE_STYLE('',(#3111,#3114));
#3111 = SURFACE_STYLE_FILL_AREA(#3112);
#3112 = FILL_AREA_STYLE('',(#3113));
#3113 = FILL_AREA_STYLE_COLOUR('',#2976);
#3114 = SURFACE_STYLE_RENDERING_WITH_PROPERTIES(.NORMAL_SHADING.,#2976,(
    #3115));
#3115 = SURFACE_STYLE_TRANSPARENT(0.501960813999);
#3116 = OVER_RIDING_STYLED_ITEM('overriding color',(#3117),#1079,#2969);
#3117 = PRESENTATION_STYLE_ASSIGNMENT((#3118));
#3118 = SURFACE_STYLE_USAGE(.BOTH.,#3119);
#3119 = SURFACE_SIDE_STYLE('',(#3120,#3123));
#3120 = SURFACE_STYLE_FILL_AREA(#3121);
#3121 = FILL_AREA_STYLE('',(#3122));
#3122 = FILL_AREA_STYLE_COLOUR('',#2976);
#3123 = SURFACE_STYLE_RENDERING_WITH_PROPERTIES(.NORMAL_SHADING.,#2976,(
    #3124));
#3124 = SURFACE_STYLE_TRANSPARENT(0.501960813999);
#3125 = OVER_RIDING_STYLED_ITEM('overriding color',(#3126),#1104,#2969);
#3126 = PRESENTATION_STYLE_ASSIGNMENT((#3127));
#3127 = SURFACE_STYLE_USAGE(.BOTH.,#3128);
#3128 = SURFACE_SIDE_STYLE('',(#3129,#3132));
#3129 = SURFACE_STYLE_FILL_AREA(#3130);
#3130 = FILL_AREA_STYLE('',(#3131));
#3131 = FILL_AREA_STYLE_COLOUR('',#2976);
#3132 = SURFACE_STYLE_RENDERING_WITH_PROPERTIES(.NORMAL_SHADING.,#2976,(
    #3133));
#3133 = SURFACE_STYLE_TRANSPARENT(0.501960813999);
#3134 = OVER_RIDING_STYLED_ITEM('overriding color',(#3135),#1121,#2969);
#3135 = PRESENTATION_STYLE_ASSIGNMENT((#3136));
#3136 = SURFACE_STYLE_USAGE(.BOTH.,#3137);
#3137 = SURFACE_SIDE_STYLE('',(#3138,#3141));
#3138 = SURFACE_STYLE_FILL_AREA(#3139);
#3139 = FILL_AREA_STYLE('',(#3140));
#3140 = FILL_AREA_STYLE_COLOUR('',#2976);
#3141 = SURFACE_STYLE_RENDERING_WITH_PROPERTIES(.NORMAL_SHADING.,#2976,(
    #3142));
#3142 = SURFACE_STYLE_TRANSPARENT(0.501960813999);
#3143 = OVER_RIDING_STYLED_ITEM('overriding color',(#3144),#1130,#2969);
#3144 = PRESENTATION_STYLE_ASSIGNMENT((#3145));
#3145 = SURFACE_STYLE_USAGE(.BOTH.,#3146);
#3146 = SURFACE_SIDE_STYLE('',(#3147,#3150));
#3147 = SURFACE_STYLE_FILL_AREA(#3148);
#3148 = FILL_AREA_STYLE('',(#3149));
#3149 = FILL_AREA_STYLE_COLOUR('',#2976);
#3150 = SURFACE_STYLE_RENDERING_WITH_PROPERTIES(.NORMAL_SHADING.,#2976,(
    #3151));
#3151 = SURFACE_STYLE_TRANSPARENT(0.501960813999);
#3152 = OVER_RIDING_STYLED_ITEM('overriding color',(#3153),#1152,#2969);
#3153 = PRESENTATION_STYLE_ASSIGNMENT((#3154));
#3154 = SURFACE_STYLE_USAGE(.BOTH.,#3155);
#3155 = SURFACE_SIDE_STYLE('',(#3156,#3159));
#3156 = SURFACE_STYLE_FILL_AREA(#3157);
#3157 = FILL_AREA_STYLE('',(#3158));
#3158 = FILL_AREA_STYLE_COLOUR('',#2976);
#3159 = SURFACE_STYLE_RENDERING_WITH_PROPERTIES(.NORMAL_SHADING.,#2976,(
    #3160));
#3160 = SURFACE_STYLE_TRANSPARENT(0.501960813999);
#3161 = OVER_RIDING_STYLED_ITEM('overriding color',(#3162),#1169,#2969);
#3162 = PRESENTATION_STYLE_ASSIGNMENT((#3163));
#3163 = SURFACE_STYLE_USAGE(.BOTH.,#3164);
#3164 = SURFACE_SIDE_STYLE('',(#3165,#3168));
#3165 = SURFACE_STYLE_FILL_AREA(#3166);
#3166 = FILL_AREA_STYLE('',(#3167));
#3167 = FILL_AREA_STYLE_COLOUR('',#2976);
#3168 = SURFACE_STYLE_RENDERING_WITH_PROPERTIES(.NORMAL_SHADING.,#2976,(
    #3169));
#3169 = SURFACE_STYLE_TRANSPARENT(0.501960813999);
#3170 = OVER_RIDING_STYLED_ITEM('overriding color',(#3171),#1181,#2969);
#3171 = PRESENTATION_STYLE_ASSIGNMENT((#3172));
#3172 = SURFACE_STYLE_USAGE(.BOTH.,#3173);
#3173 = SURFACE_SIDE_STYLE('',(#3174,#3177));
#3174 = SURFACE_STYLE_FILL_AREA(#3175);
#3175 = FILL_AREA_STYLE('',(#3176));
#3176 = FILL_AREA_STYLE_COLOUR('',#2976);
#3177 = SURFACE_STYLE_RENDERING_WITH_PROPERTIES(.NORMAL_SHADING.,#2976,(
    #3178));
#3178 = SURFACE_STYLE_TRANSPARENT(0.501960813999);
#3179 = OVER_RIDING_STYLED_ITEM('overriding color',(#3180),#1198,#2969);
#3180 = PRESENTATION_STYLE_ASSIGNMENT((#3181));
#3181 = SURFACE_STYLE_USAGE(.BOTH.,#3182);
#3182 = SURFACE_SIDE_STYLE('',(#3183,#3186));
#3183 = SURFACE_STYLE_FILL_AREA(#3184);
#3184 = FILL_AREA_STYLE('',(#3185));
#3185 = FILL_AREA_STYLE_COLOUR('',#2976);
#3186 = SURFACE_STYLE_RENDERING_WITH_PROPERTIES(.NORMAL_SHADING.,#2976,(
    #3187));
#3187 = SURFACE_STYLE_TRANSPARENT(0.501960813999);
#3188 = OVER_RIDING_STYLED_ITEM('overriding color',(#3189),#1215,#2969);
#3189 = PRESENTATION_STYLE_ASSIGNMENT((#3190));
#3190 = SURFACE_STYLE_USAGE(.BOTH.,#3191);
#3191 = SURFACE_SIDE_STYLE('',(#3192,#3195));
#3192 = SURFACE_STYLE_FILL_AREA(#3193);
#3193 = FILL_AREA_STYLE('',(#3194));
#3194 = FILL_AREA_STYLE_COLOUR('',#2976);
#3195 = SURFACE_STYLE_RENDERING_WITH_PROPERTIES(.NORMAL_SHADING.,#2976,(
    #3196));
#3196 = SURFACE_STYLE_TRANSPARENT(0.501960813999);
#3197 = OVER_RIDING_STYLED_ITEM('overriding color',(#3198),#1232,#2969);
#3198 = PRESENTATION_STYLE_ASSIGNMENT((#3199));
#3199 = SURFACE_STYLE_USAGE(.BOTH.,#3200);
#3200 = SURFACE_SIDE_STYLE('',(#3201,#3204));
#3201 = SURFACE_STYLE_FILL_AREA(#3202);
#3202 = FILL_AREA_STYLE('',(#3203));
#3203 = FILL_AREA_STYLE_COLOUR('',#2976);
#3204 = SURFACE_STYLE_RENDERING_WITH_PROPERTIES(.NORMAL_SHADING.,#2976,(
    #3205));
#3205 = SURFACE_STYLE_TRANSPARENT(0.501960813999);
#3206 = OVER_RIDING_STYLED_ITEM('overriding color',(#3207),#1249,#2969);
#3207 = PRESENTATION_STYLE_ASSIGNMENT((#3208));
#3208 = SURFACE_STYLE_USAGE(.BOTH.,#3209);
#3209 = SURFACE_SIDE_STYLE('',(#3210,#3213));
#3210 = SURFACE_STYLE_FILL_AREA(#3211);
#3211 = FILL_AREA_STYLE('',(#3212));
#3212 = FILL_AREA_STYLE_COLOUR('',#2976);
#3213 = SURFACE_STYLE_RENDERING_WITH_PROPERTIES(.NORMAL_SHADING.,#2976,(
    #3214));
#3214 = SURFACE_STYLE_TRANSPARENT(0.501960813999);
#3215 = OVER_RIDING_STYLED_ITEM('overriding color',(#3216),#1331,#2969);
#3216 = PRESENTATION_STYLE_ASSIGNMENT((#3217));
#3217 = SURFACE_STYLE_USAGE(.BOTH.,#3218);
#3218 = SURFACE_SIDE_STYLE('',(#3219,#3222));
#3219 = SURFACE_STYLE_FILL_AREA(#3220);
#3220 = FILL_AREA_STYLE('',(#3221));
#3221 = FILL_AREA_STYLE_COLOUR('',#2976);
#3222 = SURFACE_STYLE_RENDERING_WITH_PROPERTIES(.NORMAL_SHADING.,#2976,(
    #3223));
#3223 = SURFACE_STYLE_TRANSPARENT(0.501960813999);
#3224 = OVER_RIDING_STYLED_ITEM('overriding color',(#3225),#1362,#2969);
#3225 = PRESENTATION_STYLE_ASSIGNMENT((#3226));
#3226 = SURFACE_STYLE_USAGE(.BOTH.,#3227);
#3227 = SURFACE_SIDE_STYLE('',(#3228,#3231));
#3228 = SURFACE_STYLE_FILL_AREA(#3229);
#3229 = FILL_AREA_STYLE('',(#3230));
#3230 = FILL_AREA_STYLE_COLOUR('',#2976);
#3231 = SURFACE_STYLE_RENDERING_WITH_PROPERTIES(.NORMAL_SHADING.,#2976,(
    #3232));
#3232 = SURFACE_STYLE_TRANSPARENT(0.501960813999);
#3233 = OVER_RIDING_STYLED_ITEM('overriding color',(#3234),#1387,#2969);
#3234 = PRESENTATION_STYLE_ASSIGNMENT((#3235));
#3235 = SURFACE_STYLE_USAGE(.BOTH.,#3236);
#3236 = SURFACE_SIDE_STYLE('',(#3237,#3240));
#3237 = SURFACE_STYLE_FILL_AREA(#3238);
#3238 = FILL_AREA_STYLE('',(#3239));
#3239 = FILL_AREA_STYLE_COLOUR('',#2976);
#3240 = SURFACE_STYLE_RENDERING_WITH_PROPERTIES(.NORMAL_SHADING.,#2976,(
    #3241));
#3241 = SURFACE_STYLE_TRANSPARENT(0.501960813999);
#3242 = OVER_RIDING_STYLED_ITEM('overriding color',(#3243),#1411,#2969);
#3243 = PRESENTATION_STYLE_ASSIGNMENT((#3244));
#3244 = SURFACE_STYLE_USAGE(.BOTH.,#3245);
#3245 = SURFACE_SIDE_STYLE('',(#3246,#3249));
#3246 = SURFACE_STYLE_FILL_AREA(#3247);
#3247 = FILL_AREA_STYLE('',(#3248));
#3248 = FILL_AREA_STYLE_COLOUR('',#2976);
#3249 = SURFACE_STYLE_RENDERING_WITH_PROPERTIES(.NORMAL_SHADING.,#2976,(
    #3250));
#3250 = SURFACE_STYLE_TRANSPARENT(0.501960813999);
#3251 = OVER_RIDING_STYLED_ITEM('overriding color',(#3252),#1436,#2969);
#3252 = PRESENTATION_STYLE_ASSIGNMENT((#3253));
#3253 = SURFACE_STYLE_USAGE(.BOTH.,#3254);
#3254 = SURFACE_SIDE_STYLE('',(#3255,#3258));
#3255 = SURFACE_STYLE_FILL_AREA(#3256);
#3256 = FILL_AREA_STYLE('',(#3257));
#3257 = FILL_AREA_STYLE_COLOUR('',#2976);
#3258 = SURFACE_STYLE_RENDERING_WITH_PROPERTIES(.NORMAL_SHADING.,#2976,(
    #3259));
#3259 = SURFACE_STYLE_TRANSPARENT(0.501960813999);
#3260 = OVER_RIDING_STYLED_ITEM('overriding color',(#3261),#1460,#2969);
#3261 = PRESENTATION_STYLE_ASSIGNMENT((#3262));
#3262 = SURFACE_STYLE_USAGE(.BOTH.,#3263);
#3263 = SURFACE_SIDE_STYLE('',(#3264,#3267));
#3264 = SURFACE_STYLE_FILL_AREA(#3265);
#3265 = FILL_AREA_STYLE('',(#3266));
#3266 = FILL_AREA_STYLE_COLOUR('',#2976);
#3267 = SURFACE_STYLE_RENDERING_WITH_PROPERTIES(.NORMAL_SHADING.,#2976,(
    #3268));
#3268 = SURFACE_STYLE_TRANSPARENT(0.501960813999);
#3269 = OVER_RIDING_STYLED_ITEM('overriding color',(#3270),#1485,#2969);
#3270 = PRESENTATION_STYLE_ASSIGNMENT((#3271));
#3271 = SURFACE_STYLE_USAGE(.BOTH.,#3272);
#3272 = SURFACE_SIDE_STYLE('',(#3273,#3276));
#3273 = SURFACE_STYLE_FILL_AREA(#3274);
#3274 = FILL_AREA_STYLE('',(#3275));
#3275 = FILL_AREA_STYLE_COLOUR('',#2976);
#3276 = SURFACE_STYLE_RENDERING_WITH_PROPERTIES(.NORMAL_SHADING.,#2976,(
    #3277));
#3277 = SURFACE_STYLE_TRANSPARENT(0.501960813999);
#3278 = OVER_RIDING_STYLED_ITEM('overriding color',(#3279),#1509,#2969);
#3279 = PRESENTATION_STYLE_ASSIGNMENT((#3280));
#3280 = SURFACE_STYLE_USAGE(.BOTH.,#3281);
#3281 = SURFACE_SIDE_STYLE('',(#3282,#3285));
#3282 = SURFACE_STYLE_FILL_AREA(#3283);
#3283 = FILL_AREA_STYLE('',(#3284));
#3284 = FILL_AREA_STYLE_COLOUR('',#2976);
#3285 = SURFACE_STYLE_RENDERING_WITH_PROPERTIES(.NORMAL_SHADING.,#2976,(
    #3286));
#3286 = SURFACE_STYLE_TRANSPARENT(0.501960813999);
#3287 = OVER_RIDING_STYLED_ITEM('overriding color',(#3288),#1527,#2969);
#3288 = PRESENTATION_STYLE_ASSIGNMENT((#3289));
#3289 = SURFACE_STYLE_USAGE(.BOTH.,#3290);
#3290 = SURFACE_SIDE_STYLE('',(#3291,#3294));
#3291 = SURFACE_STYLE_FILL_AREA(#3292);
#3292 = FILL_AREA_STYLE('',(#3293));
#3293 = FILL_AREA_STYLE_COLOUR('',#2976);
#3294 = SURFACE_STYLE_RENDERING_WITH_PROPERTIES(.NORMAL_SHADING.,#2976,(
    #3295));
#3295 = SURFACE_STYLE_TRANSPARENT(0.501960813999);
#3296 = OVER_RIDING_STYLED_ITEM('overriding color',(#3297),#1558,#2969);
#3297 = PRESENTATION_STYLE_ASSIGNMENT((#3298));
#3298 = SURFACE_STYLE_USAGE(.BOTH.,#3299);
#3299 = SURFACE_SIDE_STYLE('',(#3300,#3303));
#3300 = SURFACE_STYLE_FILL_AREA(#3301);
#3301 = FILL_AREA_STYLE('',(#3302));
#3302 = FILL_AREA_STYLE_COLOUR('',#2976);
#3303 = SURFACE_STYLE_RENDERING_WITH_PROPERTIES(.NORMAL_SHADING.,#2976,(
    #3304));
#3304 = SURFACE_STYLE_TRANSPARENT(0.501960813999);
#3305 = OVER_RIDING_STYLED_ITEM('overriding color',(#3306),#1583,#2969);
#3306 = PRESENTATION_STYLE_ASSIGNMENT((#3307));
#3307 = SURFACE_STYLE_USAGE(.BOTH.,#3308);
#3308 = SURFACE_SIDE_STYLE('',(#3309,#3312));
#3309 = SURFACE_STYLE_FILL_AREA(#3310);
#3310 = FILL_AREA_STYLE('',(#3311));
#3311 = FILL_AREA_STYLE_COLOUR('',#2976);
#3312 = SURFACE_STYLE_RENDERING_WITH_PROPERTIES(.NORMAL_SHADING.,#2976,(
    #3313));
#3313 = SURFACE_STYLE_TRANSPARENT(0.501960813999);
#3314 = OVER_RIDING_STYLED_ITEM('overriding color',(#3315),#1607,#2969);
#3315 = PRESENTATION_STYLE_ASSIGNMENT((#3316));
#3316 = SURFACE_STYLE_USAGE(.BOTH.,#3317);
#3317 = SURFACE_SIDE_STYLE('',(#3318,#3321));
#3318 = SURFACE_STYLE_FILL_AREA(#3319);
#3319 = FILL_AREA_STYLE('',(#3320));
#3320 = FILL_AREA_STYLE_COLOUR('',#2976);
#3321 = SURFACE_STYLE_RENDERING_WITH_PROPERTIES(.NORMAL_SHADING.,#2976,(
    #3322));
#3322 = SURFACE_STYLE_TRANSPARENT(0.501960813999);
#3323 = OVER_RIDING_STYLED_ITEM('overriding color',(#3324),#1632,#2969);
#3324 = PRESENTATION_STYLE_ASSIGNMENT((#3325));
#3325 = SURFACE_STYLE_USAGE(.BOTH.,#3326);
#3326 = SURFACE_SIDE_STYLE('',(#3327,#3330));
#3327 = SURFACE_STYLE_FILL_AREA(#3328);
#3328 = FILL_AREA_STYLE('',(#3329));
#3329 = FILL_AREA_STYLE_COLOUR('',#2976);
#3330 = SURFACE_STYLE_RENDERING_WITH_PROPERTIES(.NORMAL_SHADING.,#2976,(
    #3331));
#3331 = SURFACE_STYLE_TRANSPARENT(0.501960813999);
#3332 = OVER_RIDING_STYLED_ITEM('overriding color',(#3333),#1656,#2969);
#3333 = PRESENTATION_STYLE_ASSIGNMENT((#3334));
#3334 = SURFACE_STYLE_USAGE(.BOTH.,#3335);
#3335 = SURFACE_SIDE_STYLE('',(#3336,#3339));
#3336 = SURFACE_STYLE_FILL_AREA(#3337);
#3337 = FILL_AREA_STYLE('',(#3338));
#3338 = FILL_AREA_STYLE_COLOUR('',#2976);
#3339 = SURFACE_STYLE_RENDERING_WITH_PROPERTIES(.NORMAL_SHADING.,#2976,(
    #3340));
#3340 = SURFACE_STYLE_TRANSPARENT(0.501960813999);
#3341 = OVER_RIDING_STYLED_ITEM('overriding color',(#3342),#1681,#2969);
#3342 = PRESENTATION_STYLE_ASSIGNMENT((#3343));
#3343 = SURFACE_STYLE_USAGE(.BOTH.,#3344);
#3344 = SURFACE_SIDE_STYLE('',(#3345,#3348));
#3345 = SURFACE_STYLE_FILL_AREA(#3346);
#3346 = FILL_AREA_STYLE('',(#3347));
#3347 = FILL_AREA_STYLE_COLOUR('',#2976);
#3348 = SURFACE_STYLE_RENDERING_WITH_PROPERTIES(.NORMAL_SHADING.,#2976,(
    #3349));
#3349 = SURFACE_STYLE_TRANSPARENT(0.501960813999);
#3350 = OVER_RIDING_STYLED_ITEM('overriding color',(#3351),#1705,#2969);
#3351 = PRESENTATION_STYLE_ASSIGNMENT((#3352));
#3352 = SURFACE_STYLE_USAGE(.BOTH.,#3353);
#3353 = SURFACE_SIDE_STYLE('',(#3354,#3357));
#3354 = SURFACE_STYLE_FILL_AREA(#3355);
#3355 = FILL_AREA_STYLE('',(#3356));
#3356 = FILL_AREA_STYLE_COLOUR('',#2976);
#3357 = SURFACE_STYLE_RENDERING_WITH_PROPERTIES(.NORMAL_SHADING.,#2976,(
    #3358));
#3358 = SURFACE_STYLE_TRANSPARENT(0.501960813999);
#3359 = OVER_RIDING_STYLED_ITEM('overriding color',(#3360),#1723,#2969);
#3360 = PRESENTATION_STYLE_ASSIGNMENT((#3361));
#3361 = SURFACE_STYLE_USAGE(.BOTH.,#3362);
#3362 = SURFACE_SIDE_STYLE('',(#3363,#3366));
#3363 = SURFACE_STYLE_FILL_AREA(#3364);
#3364 = FILL_AREA_STYLE('',(#3365));
#3365 = FILL_AREA_STYLE_COLOUR('',#2976);
#3366 = SURFACE_STYLE_RENDERING_WITH_PROPERTIES(.NORMAL_SHADING.,#2976,(
    #3367));
#3367 = SURFACE_STYLE_TRANSPARENT(0.501960813999);
#3368 = OVER_RIDING_STYLED_ITEM('overriding color',(#3369),#1754,#2969);
#3369 = PRESENTATION_STYLE_ASSIGNMENT((#3370));
#3370 = SURFACE_STYLE_USAGE(.BOTH.,#3371);
#3371 = SURFACE_SIDE_STYLE('',(#3372,#3375));
#3372 = SURFACE_STYLE_FILL_AREA(#3373);
#3373 = FILL_AREA_STYLE('',(#3374));
#3374 = FILL_AREA_STYLE_COLOUR('',#2976);
#3375 = SURFACE_STYLE_RENDERING_WITH_PROPERTIES(.NORMAL_SHADING.,#2976,(
    #3376));
#3376 = SURFACE_STYLE_TRANSPARENT(0.501960813999);
#3377 = OVER_RIDING_STYLED_ITEM('overriding color',(#3378),#1779,#2969);
#3378 = PRESENTATION_STYLE_ASSIGNMENT((#3379));
#3379 = SURFACE_STYLE_USAGE(.BOTH.,#3380);
#3380 = SURFACE_SIDE_STYLE('',(#3381,#3384));
#3381 = SURFACE_STYLE_FILL_AREA(#3382);
#3382 = FILL_AREA_STYLE('',(#3383));
#3383 = FILL_AREA_STYLE_COLOUR('',#2976);
#3384 = SURFACE_STYLE_RENDERING_WITH_PROPERTIES(.NORMAL_SHADING.,#2976,(
    #3385));
#3385 = SURFACE_STYLE_TRANSPARENT(0.501960813999);
#3386 = OVER_RIDING_STYLED_ITEM('overriding color',(#3387),#1803,#2969);
#3387 = PRESENTATION_STYLE_ASSIGNMENT((#3388));
#3388 = SURFACE_STYLE_USAGE(.BOTH.,#3389);
#3389 = SURFACE_SIDE_STYLE('',(#3390,#3393));
#3390 = SURFACE_STYLE_FILL_AREA(#3391);
#3391 = FILL_AREA_STYLE('',(#3392));
#3392 = FILL_AREA_STYLE_COLOUR('',#2976);
#3393 = SURFACE_STYLE_RENDERING_WITH_PROPERTIES(.NORMAL_SHADING.,#2976,(
    #3394));
#3394 = SURFACE_STYLE_TRANSPARENT(0.501960813999);
#3395 = OVER_RIDING_STYLED_ITEM('overriding color',(#3396),#1828,#2969);
#3396 = PRESENTATION_STYLE_ASSIGNMENT((#3397));
#3397 = SURFACE_STYLE_USAGE(.BOTH.,#3398);
#3398 = SURFACE_SIDE_STYLE('',(#3399,#3402));
#3399 = SURFACE_STYLE_FILL_AREA(#3400);
#3400 = FILL_AREA_STYLE('',(#3401));
#3401 = FILL_AREA_STYLE_COLOUR('',#2976);
#3402 = SURFACE_STYLE_RENDERING_WITH_PROPERTIES(.NORMAL_SHADING.,#2976,(
    #3403));
#3403 = SURFACE_STYLE_TRANSPARENT(0.501960813999);
#3404 = OVER_RIDING_STYLED_ITEM('overriding color',(#3405),#1852,#2969);
#3405 = PRESENTATION_STYLE_ASSIGNMENT((#3406));
#3406 = SURFACE_STYLE_USAGE(.BOTH.,#3407);
#3407 = SURFACE_SIDE_STYLE('',(#3408,#3411));
#3408 = SURFACE_STYLE_FILL_AREA(#3409);
#3409 = FILL_AREA_STYLE('',(#3410));
#3410 = FILL_AREA_STYLE_COLOUR('',#2976);
#3411 = SURFACE_STYLE_RENDERING_WITH_PROPERTIES(.NORMAL_SHADING.,#2976,(
    #3412));
#3412 = SURFACE_STYLE_TRANSPARENT(0.501960813999);
#3413 = OVER_RIDING_STYLED_ITEM('overriding color',(#3414),#1877,#2969);
#3414 = PRESENTATION_STYLE_ASSIGNMENT((#3415));
#3415 = SURFACE_STYLE_USAGE(.BOTH.,#3416);
#3416 = SURFACE_SIDE_STYLE('',(#3417,#3420));
#3417 = SURFACE_STYLE_FILL_AREA(#3418);
#3418 = FILL_AREA_STYLE('',(#3419));
#3419 = FILL_AREA_STYLE_COLOUR('',#2976);
#3420 = SURFACE_STYLE_RENDERING_WITH_PROPERTIES(.NORMAL_SHADING.,#2976,(
    #3421));
#3421 = SURFACE_STYLE_TRANSPARENT(0.501960813999);
#3422 = OVER_RIDING_STYLED_ITEM('overriding color',(#3423),#1901,#2969);
#3423 = PRESENTATION_STYLE_ASSIGNMENT((#3424));
#3424 = SURFACE_STYLE_USAGE(.BOTH.,#3425);
#3425 = SURFACE_SIDE_STYLE('',(#3426,#3429));
#3426 = SURFACE_STYLE_FILL_AREA(#3427);
#3427 = FILL_AREA_STYLE('',(#3428));
#3428 = FILL_AREA_STYLE_COLOUR('',#2976);
#3429 = SURFACE_STYLE_RENDERING_WITH_PROPERTIES(.NORMAL_SHADING.,#2976,(
    #3430));
#3430 = SURFACE_STYLE_TRANSPARENT(0.501960813999);
#3431 = OVER_RIDING_STYLED_ITEM('overriding color',(#3432),#1919,#2969);
#3432 = PRESENTATION_STYLE_ASSIGNMENT((#3433));
#3433 = SURFACE_STYLE_USAGE(.BOTH.,#3434);
#3434 = SURFACE_SIDE_STYLE('',(#3435,#3438));
#3435 = SURFACE_STYLE_FILL_AREA(#3436);
#3436 = FILL_AREA_STYLE('',(#3437));
#3437 = FILL_AREA_STYLE_COLOUR('',#2976);
#3438 = SURFACE_STYLE_RENDERING_WITH_PROPERTIES(.NORMAL_SHADING.,#2976,(
    #3439));
#3439 = SURFACE_STYLE_TRANSPARENT(0.501960813999);
#3440 = OVER_RIDING_STYLED_ITEM('overriding color',(#3441),#1950,#2969);
#3441 = PRESENTATION_STYLE_ASSIGNMENT((#3442));
#3442 = SURFACE_STYLE_USAGE(.BOTH.,#3443);
#3443 = SURFACE_SIDE_STYLE('',(#3444,#3447));
#3444 = SURFACE_STYLE_FILL_AREA(#3445);
#3445 = FILL_AREA_STYLE('',(#3446));
#3446 = FILL_AREA_STYLE_COLOUR('',#2976);
#3447 = SURFACE_STYLE_RENDERING_WITH_PROPERTIES(.NORMAL_SHADING.,#2976,(
    #3448));
#3448 = SURFACE_STYLE_TRANSPARENT(0.501960813999);
#3449 = OVER_RIDING_STYLED_ITEM('overriding color',(#3450),#1975,#2969);
#3450 = PRESENTATION_STYLE_ASSIGNMENT((#3451));
#3451 = SURFACE_STYLE_USAGE(.BOTH.,#3452);
#3452 = SURFACE_SIDE_STYLE('',(#3453,#3456));
#3453 = SURFACE_STYLE_FILL_AREA(#3454);
#3454 = FILL_AREA_STYLE('',(#3455));
#3455 = FILL_AREA_STYLE_COLOUR('',#2976);
#3456 = SURFACE_STYLE_RENDERING_WITH_PROPERTIES(.NORMAL_SHADING.,#2976,(
    #3457));
#3457 = SURFACE_STYLE_TRANSPARENT(0.501960813999);
#3458 = OVER_RIDING_STYLED_ITEM('overriding color',(#3459),#1999,#2969);
#3459 = PRESENTATION_STYLE_ASSIGNMENT((#3460));
#3460 = SURFACE_STYLE_USAGE(.BOTH.,#3461);
#3461 = SURFACE_SIDE_STYLE('',(#3462,#3465));
#3462 = SURFACE_STYLE_FILL_AREA(#3463);
#3463 = FILL_AREA_STYLE('',(#3464));
#3464 = FILL_AREA_STYLE_COLOUR('',#2976);
#3465 = SURFACE_STYLE_RENDERING_WITH_PROPERTIES(.NORMAL_SHADING.,#2976,(
    #3466));
#3466 = SURFACE_STYLE_TRANSPARENT(0.501960813999);
#3467 = OVER_RIDING_STYLED_ITEM('overriding color',(#3468),#2024,#2969);
#3468 = PRESENTATION_STYLE_ASSIGNMENT((#3469));
#3469 = SURFACE_STYLE_USAGE(.BOTH.,#3470);
#3470 = SURFACE_SIDE_STYLE('',(#3471,#3474));
#3471 = SURFACE_STYLE_FILL_AREA(#3472);
#3472 = FILL_AREA_STYLE('',(#3473));
#3473 = FILL_AREA_STYLE_COLOUR('',#2976);
#3474 = SURFACE_STYLE_RENDERING_WITH_PROPERTIES(.NORMAL_SHADING.,#2976,(
    #3475));
#3475 = SURFACE_STYLE_TRANSPARENT(0.501960813999);
#3476 = OVER_RIDING_STYLED_ITEM('overriding color',(#3477),#2048,#2969);
#3477 = PRESENTATION_STYLE_ASSIGNMENT((#3478));
#3478 = SURFACE_STYLE_USAGE(.BOTH.,#3479);
#3479 = SURFACE_SIDE_STYLE('',(#3480,#3483));
#3480 = SURFACE_STYLE_FILL_AREA(#3481);
#3481 = FILL_AREA_STYLE('',(#3482));
#3482 = FILL_AREA_STYLE_COLOUR('',#2976);
#3483 = SURFACE_STYLE_RENDERING_WITH_PROPERTIES(.NORMAL_SHADING.,#2976,(
    #3484));
#3484 = SURFACE_STYLE_TRANSPARENT(0.501960813999);
#3485 = OVER_RIDING_STYLED_ITEM('overriding color',(#3486),#2073,#2969);
#3486 = PRESENTATION_STYLE_ASSIGNMENT((#3487));
#3487 = SURFACE_STYLE_USAGE(.BOTH.,#3488);
#3488 = SURFACE_SIDE_STYLE('',(#3489,#3492));
#3489 = SURFACE_STYLE_FILL_AREA(#3490);
#3490 = FILL_AREA_STYLE('',(#3491));
#3491 = FILL_AREA_STYLE_COLOUR('',#2976);
#3492 = SURFACE_STYLE_RENDERING_WITH_PROPERTIES(.NORMAL_SHADING.,#2976,(
    #3493));
#3493 = SURFACE_STYLE_TRANSPARENT(0.501960813999);
#3494 = OVER_RIDING_STYLED_ITEM('overriding color',(#3495),#2097,#2969);
#3495 = PRESENTATION_STYLE_ASSIGNMENT((#3496));
#3496 = SURFACE_STYLE_USAGE(.BOTH.,#3497);
#3497 = SURFACE_SIDE_STYLE('',(#3498,#3501));
#3498 = SURFACE_STYLE_FILL_AREA(#3499);
#3499 = FILL_AREA_STYLE('',(#3500));
#3500 = FILL_AREA_STYLE_COLOUR('',#2976);
#3501 = SURFACE_STYLE_RENDERING_WITH_PROPERTIES(.NORMAL_SHADING.,#2976,(
    #3502));
#3502 = SURFACE_STYLE_TRANSPARENT(0.501960813999);
#3503 = OVER_RIDING_STYLED_ITEM('overriding color',(#3504),#2115,#2969);
#3504 = PRESENTATION_STYLE_ASSIGNMENT((#3505));
#3505 = SURFACE_STYLE_USAGE(.BOTH.,#3506);
#3506 = SURFACE_SIDE_STYLE('',(#3507,#3510));
#3507 = SURFACE_STYLE_FILL_AREA(#3508);
#3508 = FILL_AREA_STYLE('',(#3509));
#3509 = FILL_AREA_STYLE_COLOUR('',#2976);
#3510 = SURFACE_STYLE_RENDERING_WITH_PROPERTIES(.NORMAL_SHADING.,#2976,(
    #3511));
#3511 = SURFACE_STYLE_TRANSPARENT(0.501960813999);
#3512 = OVER_RIDING_STYLED_ITEM('overriding color',(#3513),#2124,#2969);
#3513 = PRESENTATION_STYLE_ASSIGNMENT((#3514));
#3514 = SURFACE_STYLE_USAGE(.BOTH.,#3515);
#3515 = SURFACE_SIDE_STYLE('',(#3516,#3519));
#3516 = SURFACE_STYLE_FILL_AREA(#3517);
#3517 = FILL_AREA_STYLE('',(#3518));
#3518 = FILL_AREA_STYLE_COLOUR('',#2976);
#3519 = SURFACE_STYLE_RENDERING_WITH_PROPERTIES(.NORMAL_SHADING.,#2976,(
    #3520));
#3520 = SURFACE_STYLE_TRANSPARENT(0.501960813999);
#3521 = OVER_RIDING_STYLED_ITEM('overriding color',(#3522),#2155,#2969);
#3522 = PRESENTATION_STYLE_ASSIGNMENT((#3523));
#3523 = SURFACE_STYLE_USAGE(.BOTH.,#3524);
#3524 = SURFACE_SIDE_STYLE('',(#3525,#3528));
#3525 = SURFACE_STYLE_FILL_AREA(#3526);
#3526 = FILL_AREA_STYLE('',(#3527));
#3527 = FILL_AREA_STYLE_COLOUR('',#2976);
#3528 = SURFACE_STYLE_RENDERING_WITH_PROPERTIES(.NORMAL_SHADING.,#2976,(
    #3529));
#3529 = SURFACE_STYLE_TRANSPARENT(0.501960813999);
#3530 = OVER_RIDING_STYLED_ITEM('overriding color',(#3531),#2180,#2969);
#3531 = PRESENTATION_STYLE_ASSIGNMENT((#3532));
#3532 = SURFACE_STYLE_USAGE(.BOTH.,#3533);
#3533 = SURFACE_SIDE_STYLE('',(#3534,#3537));
#3534 = SURFACE_STYLE_FILL_AREA(#3535);
#3535 = FILL_AREA_STYLE('',(#3536));
#3536 = FILL_AREA_STYLE_COLOUR('',#2976);
#3537 = SURFACE_STYLE_RENDERING_WITH_PROPERTIES(.NORMAL_SHADING.,#2976,(
    #3538));
#3538 = SURFACE_STYLE_TRANSPARENT(0.501960813999);
#3539 = OVER_RIDING_STYLED_ITEM('overriding color',(#3540),#2204,#2969);
#3540 = PRESENTATION_STYLE_ASSIGNMENT((#3541));
#3541 = SURFACE_STYLE_USAGE(.BOTH.,#3542);
#3542 = SURFACE_SIDE_STYLE('',(#3543,#3546));
#3543 = SURFACE_STYLE_FILL_AREA(#3544);
#3544 = FILL_AREA_STYLE('',(#3545));
#3545 = FILL_AREA_STYLE_COLOUR('',#2976);
#3546 = SURFACE_STYLE_RENDERING_WITH_PROPERTIES(.NORMAL_SHADING.,#2976,(
    #3547));
#3547 = SURFACE_STYLE_TRANSPARENT(0.501960813999);
#3548 = OVER_RIDING_STYLED_ITEM('overriding color',(#3549),#2229,#2969);
#3549 = PRESENTATION_STYLE_ASSIGNMENT((#3550));
#3550 = SURFACE_STYLE_USAGE(.BOTH.,#3551);
#3551 = SURFACE_SIDE_STYLE('',(#3552,#3555));
#3552 = SURFACE_STYLE_FILL_AREA(#3553);
#3553 = FILL_AREA_STYLE('',(#3554));
#3554 = FILL_AREA_STYLE_COLOUR('',#2976);
#3555 = SURFACE_STYLE_RENDERING_WITH_PROPERTIES(.NORMAL_SHADING.,#2976,(
    #3556));
#3556 = SURFACE_STYLE_TRANSPARENT(0.501960813999);
#3557 = OVER_RIDING_STYLED_ITEM('overriding color',(#3558),#2253,#2969);
#3558 = PRESENTATION_STYLE_ASSIGNMENT((#3559));
#3559 = SURFACE_STYLE_USAGE(.BOTH.,#3560);
#3560 = SURFACE_SIDE_STYLE('',(#3561,#3564));
#3561 = SURFACE_STYLE_FILL_AREA(#3562);
#3562 = FILL_AREA_STYLE('',(#3563));
#3563 = FILL_AREA_STYLE_COLOUR('',#2976);
#3564 = SURFACE_STYLE_RENDERING_WITH_PROPERTIES(.NORMAL_SHADING.,#2976,(
    #3565));
#3565 = SURFACE_STYLE_TRANSPARENT(0.501960813999);
#3566 = OVER_RIDING_STYLED_ITEM('overriding color',(#3567),#2278,#2969);
#3567 = PRESENTATION_STYLE_ASSIGNMENT((#3568));
#3568 = SURFACE_STYLE_USAGE(.BOTH.,#3569);
#3569 = SURFACE_SIDE_STYLE('',(#3570,#3573));
#3570 = SURFACE_STYLE_FILL_AREA(#3571);
#3571 = FILL_AREA_STYLE('',(#3572));
#3572 = FILL_AREA_STYLE_COLOUR('',#2976);
#3573 = SURFACE_STYLE_RENDERING_WITH_PROPERTIES(.NORMAL_SHADING.,#2976,(
    #3574));
#3574 = SURFACE_STYLE_TRANSPARENT(0.501960813999);
#3575 = OVER_RIDING_STYLED_ITEM('overriding color',(#3576),#2302,#2969);
#3576 = PRESENTATION_STYLE_ASSIGNMENT((#3577));
#3577 = SURFACE_STYLE_USAGE(.BOTH.,#3578);
#3578 = SURFACE_SIDE_STYLE('',(#3579,#3582));
#3579 = SURFACE_STYLE_FILL_AREA(#3580);
#3580 = FILL_AREA_STYLE('',(#3581));
#3581 = FILL_AREA_STYLE_COLOUR('',#2976);
#3582 = SURFACE_STYLE_RENDERING_WITH_PROPERTIES(.NORMAL_SHADING.,#2976,(
    #3583));
#3583 = SURFACE_STYLE_TRANSPARENT(0.501960813999);
#3584 = OVER_RIDING_STYLED_ITEM('overriding color',(#3585),#2320,#2969);
#3585 = PRESENTATION_STYLE_ASSIGNMENT((#3586));
#3586 = SURFACE_STYLE_USAGE(.BOTH.,#3587);
#3587 = SURFACE_SIDE_STYLE('',(#3588,#3591));
#3588 = SURFACE_STYLE_FILL_AREA(#3589);
#3589 = FILL_AREA_STYLE('',(#3590));
#3590 = FILL_AREA_STYLE_COLOUR('',#2976);
#3591 = SURFACE_STYLE_RENDERING_WITH_PROPERTIES(.NORMAL_SHADING.,#2976,(
    #3592));
#3592 = SURFACE_STYLE_TRANSPARENT(0.501960813999);
#3593 = OVER_RIDING_STYLED_ITEM('overriding color',(#3594),#2336,#2969);
#3594 = PRESENTATION_STYLE_ASSIGNMENT((#3595));
#3595 = SURFACE_STYLE_USAGE(.BOTH.,#3596);
#3596 = SURFACE_SIDE_STYLE('',(#3597,#3600));
#3597 = SURFACE_STYLE_FILL_AREA(#3598);
#3598 = FILL_AREA_STYLE('',(#3599));
#3599 = FILL_AREA_STYLE_COLOUR('',#2976);
#3600 = SURFACE_STYLE_RENDERING_WITH_PROPERTIES(.NORMAL_SHADING.,#2976,(
    #3601));
#3601 = SURFACE_STYLE_TRANSPARENT(0.501960813999);
#3602 = OVER_RIDING_STYLED_ITEM('overriding color',(#3603),#2352,#2969);
#3603 = PRESENTATION_STYLE_ASSIGNMENT((#3604));
#3604 = SURFACE_STYLE_USAGE(.BOTH.,#3605);
#3605 = SURFACE_SIDE_STYLE('',(#3606,#3609));
#3606 = SURFACE_STYLE_FILL_AREA(#3607);
#3607 = FILL_AREA_STYLE('',(#3608));
#3608 = FILL_AREA_STYLE_COLOUR('',#2976);
#3609 = SURFACE_STYLE_RENDERING_WITH_PROPERTIES(.NORMAL_SHADING.,#2976,(
    #3610));
#3610 = SURFACE_STYLE_TRANSPARENT(0.501960813999);
#3611 = OVER_RIDING_STYLED_ITEM('overriding color',(#3612),#2368,#2969);
#3612 = PRESENTATION_STYLE_ASSIGNMENT((#3613));
#3613 = SURFACE_STYLE_USAGE(.BOTH.,#3614);
#3614 = SURFACE_SIDE_STYLE('',(#3615,#3618));
#3615 = SURFACE_STYLE_FILL_AREA(#3616);
#3616 = FILL_AREA_STYLE('',(#3617));
#3617 = FILL_AREA_STYLE_COLOUR('',#2976);
#3618 = SURFACE_STYLE_RENDERING_WITH_PROPERTIES(.NORMAL_SHADING.,#2976,(
    #3619));
#3619 = SURFACE_STYLE_TRANSPARENT(0.501960813999);
#3620 = OVER_RIDING_STYLED_ITEM('overriding color',(#3621),#2384,#2969);
#3621 = PRESENTATION_STYLE_ASSIGNMENT((#3622));
#3622 = SURFACE_STYLE_USAGE(.BOTH.,#3623);
#3623 = SURFACE_SIDE_STYLE('',(#3624,#3627));
#3624 = SURFACE_STYLE_FILL_AREA(#3625);
#3625 = FILL_AREA_STYLE('',(#3626));
#3626 = FILL_AREA_STYLE_COLOUR('',#2976);
#3627 = SURFACE_STYLE_RENDERING_WITH_PROPERTIES(.NORMAL_SHADING.,#2976,(
    #3628));
#3628 = SURFACE_STYLE_TRANSPARENT(0.501960813999);
ENDSEC;
END-ISO-10303-21;
