ISO-10303-21;
HEADER;
FILE_DESCRIPTION(('FreeCAD Model'),'2;1');
FILE_NAME('Open CASCADE Shape Model','2026-08-02T12:33:19',(''),(''),
  'Open CASCADE STEP processor 7.8','FreeCAD','Unknown');
FILE_SCHEMA(('AUTOMOTIVE_DESIGN { 1 0 10303 214 1 1 1 1 }'));
ENDSEC;
DATA;
#1 = APPLICATION_PROTOCOL_DEFINITION('international standard',
  'automotive_design',2000,#2);
#2 = APPLICATION_CONTEXT(
  'core data for automotive mechanical design processes');
#3 = SHAPE_DEFINITION_REPRESENTATION(#4,#10);
#4 = PRODUCT_DEFINITION_SHAPE('','',#5);
#5 = PRODUCT_DEFINITION('design','',#6,#9);
#6 = PRODUCT_DEFINITION_FORMATION('','',#7);
#7 = PRODUCT('mainFrame','mainFrame','',(#8));
#8 = PRODUCT_CONTEXT('',#2,'mechanical');
#9 = PRODUCT_DEFINITION_CONTEXT('part definition',#2,'design');
#10 = SHAPE_REPRESENTATION('',(#11,#15,#19,#23,#27,#31,#35,#39,#43,#47,
    #51,#55),#59);
#11 = AXIS2_PLACEMENT_3D('',#12,#13,#14);
#12 = CARTESIAN_POINT('',(0.,0.,0.));
#13 = DIRECTION('',(0.,0.,1.));
#14 = DIRECTION('',(1.,0.,-0.));
#15 = AXIS2_PLACEMENT_3D('',#16,#17,#18);
#16 = CARTESIAN_POINT('',(-6.19881884E-07,2.838905415917E-03,
    -1.44875664E-07));
#17 = DIRECTION('',(0.,0.,1.));
#18 = DIRECTION('',(1.,0.,0.));
#19 = AXIS2_PLACEMENT_3D('',#20,#21,#22);
#20 = CARTESIAN_POINT('',(-6.19881884E-07,2.838905415917E-03,
    -1.44875664E-07));
#21 = DIRECTION('',(0.,0.,1.));
#22 = DIRECTION('',(1.,0.,0.));
#23 = AXIS2_PLACEMENT_3D('',#24,#25,#26);
#24 = CARTESIAN_POINT('',(-6.19881884E-07,2.838905415917E-03,
    -1.44875664E-07));
#25 = DIRECTION('',(0.,0.,1.));
#26 = DIRECTION('',(1.,0.,0.));
#27 = AXIS2_PLACEMENT_3D('',#28,#29,#30);
#28 = CARTESIAN_POINT('',(-6.19881884E-07,2.838905415917E-03,
    -1.44875664E-07));
#29 = DIRECTION('',(0.,0.,1.));
#30 = DIRECTION('',(1.,0.,0.));
#31 = AXIS2_PLACEMENT_3D('',#32,#33,#34);
#32 = CARTESIAN_POINT('',(-6.19881884E-07,2.838905415917E-03,
    -1.44875664E-07));
#33 = DIRECTION('',(0.,0.,1.));
#34 = DIRECTION('',(1.,0.,0.));
#35 = AXIS2_PLACEMENT_3D('',#36,#37,#38);
#36 = CARTESIAN_POINT('',(-6.19881884E-07,2.838905415917E-03,
    -1.44875664E-07));
#37 = DIRECTION('',(0.,0.,1.));
#38 = DIRECTION('',(1.,0.,0.));
#39 = AXIS2_PLACEMENT_3D('',#40,#41,#42);
#40 = CARTESIAN_POINT('',(-6.19881884E-07,2.838905415917E-03,
    -1.44875664E-07));
#41 = DIRECTION('',(0.,0.,1.));
#42 = DIRECTION('',(1.,0.,0.));
#43 = AXIS2_PLACEMENT_3D('',#44,#45,#46);
#44 = CARTESIAN_POINT('',(-6.19881884E-07,2.838905415917E-03,
    -1.44875664E-07));
#45 = DIRECTION('',(0.,0.,1.));
#46 = DIRECTION('',(1.,0.,0.));
#47 = AXIS2_PLACEMENT_3D('',#48,#49,#50);
#48 = CARTESIAN_POINT('',(0.,0.,25.));
#49 = DIRECTION('',(0.,0.,1.));
#50 = DIRECTION('',(1.,0.,0.));
#51 = AXIS2_PLACEMENT_3D('',#52,#53,#54);
#52 = CARTESIAN_POINT('',(-1.170369750835E+03,0.537,-22.58628179551));
#53 = DIRECTION('',(1.,1.E-16,4.440892098501E-16));
#54 = DIRECTION('',(4.440892098501E-16,-7.E-16,-1.));
#55 = AXIS2_PLACEMENT_3D('',#56,#57,#58);
#56 = CARTESIAN_POINT('',(0.,0.,0.));
#57 = DIRECTION('',(0.,0.,1.));
#58 = DIRECTION('',(1.,0.,0.));
#59 = ( GEOMETRIC_REPRESENTATION_CONTEXT(3) 
GLOBAL_UNCERTAINTY_ASSIGNED_CONTEXT((#63)) GLOBAL_UNIT_ASSIGNED_CONTEXT(
(#60,#61,#62)) REPRESENTATION_CONTEXT('Context #1',
  '3D Context with UNIT and UNCERTAINTY') );
#60 = ( LENGTH_UNIT() NAMED_UNIT(*) SI_UNIT(.MILLI.,.METRE.) );
#61 = ( NAMED_UNIT(*) PLANE_ANGLE_UNIT() SI_UNIT($,.RADIAN.) );
#62 = ( NAMED_UNIT(*) SI_UNIT($,.STERADIAN.) SOLID_ANGLE_UNIT() );
#63 = UNCERTAINTY_MEASURE_WITH_UNIT(LENGTH_MEASURE(1.E-07),#60,
  'distance_accuracy_value','confusion accuracy');
#64 = PRODUCT_RELATED_PRODUCT_CATEGORY('part',$,(#7));
#65 = SHAPE_DEFINITION_REPRESENTATION(#66,#72);
#66 = PRODUCT_DEFINITION_SHAPE('','',#67);
#67 = PRODUCT_DEFINITION('design','',#68,#71);
#68 = PRODUCT_DEFINITION_FORMATION('','',#69);
#69 = PRODUCT('Body004','Body004','',(#70));
#70 = PRODUCT_CONTEXT('',#2,'mechanical');
#71 = PRODUCT_DEFINITION_CONTEXT('part definition',#2,'design');
#72 = ADVANCED_BREP_SHAPE_REPRESENTATION('',(#11,#73),#223);
#73 = MANIFOLD_SOLID_BREP('',#74);
#74 = CLOSED_SHELL('',(#75,#115,#146,#177,#199,#211));
#75 = ADVANCED_FACE('',(#76),#110,.F.);
#76 = FACE_BOUND('',#77,.F.);
#77 = EDGE_LOOP('',(#78,#88,#96,#104));
#78 = ORIENTED_EDGE('',*,*,#79,.T.);
#79 = EDGE_CURVE('',#80,#82,#84,.T.);
#80 = VERTEX_POINT('',#81);
#81 = CARTESIAN_POINT('',(-1.245369750835E+03,75.,89.393434840786));
#82 = VERTEX_POINT('',#83);
#83 = CARTESIAN_POINT('',(-1.245369750835E+03,75.,79.393434840786));
#84 = LINE('',#85,#86);
#85 = CARTESIAN_POINT('',(-1.245369750835E+03,75.,89.393434840786));
#86 = VECTOR('',#87,1.);
#87 = DIRECTION('',(0.,-6.6E-16,-1.));
#88 = ORIENTED_EDGE('',*,*,#89,.T.);
#89 = EDGE_CURVE('',#82,#90,#92,.T.);
#90 = VERTEX_POINT('',#91);
#91 = CARTESIAN_POINT('',(-1.095369750835E+03,75.,79.393434840786));
#92 = LINE('',#93,#94);
#93 = CARTESIAN_POINT('',(-1.245369750835E+03,75.,79.393434840786));
#94 = VECTOR('',#95,1.);
#95 = DIRECTION('',(1.,0.,0.));
#96 = ORIENTED_EDGE('',*,*,#97,.F.);
#97 = EDGE_CURVE('',#98,#90,#100,.T.);
#98 = VERTEX_POINT('',#99);
#99 = CARTESIAN_POINT('',(-1.095369750835E+03,75.,89.393434840786));
#100 = LINE('',#101,#102);
#101 = CARTESIAN_POINT('',(-1.095369750835E+03,75.,89.393434840786));
#102 = VECTOR('',#103,1.);
#103 = DIRECTION('',(0.,-6.6E-16,-1.));
#104 = ORIENTED_EDGE('',*,*,#105,.F.);
#105 = EDGE_CURVE('',#80,#98,#106,.T.);
#106 = LINE('',#107,#108);
#107 = CARTESIAN_POINT('',(-1.245369750835E+03,75.,89.393434840786));
#108 = VECTOR('',#109,1.);
#109 = DIRECTION('',(1.,0.,0.));
#110 = PLANE('',#111);
#111 = AXIS2_PLACEMENT_3D('',#112,#113,#114);
#112 = CARTESIAN_POINT('',(-1.245369750835E+03,75.,89.393434840786));
#113 = DIRECTION('',(0.,-1.,6.6E-16));
#114 = DIRECTION('',(1.,0.,0.));
#115 = ADVANCED_FACE('',(#116),#141,.F.);
#116 = FACE_BOUND('',#117,.F.);
#117 = EDGE_LOOP('',(#118,#119,#127,#135));
#118 = ORIENTED_EDGE('',*,*,#97,.T.);
#119 = ORIENTED_EDGE('',*,*,#120,.T.);
#120 = EDGE_CURVE('',#90,#121,#123,.T.);
#121 = VERTEX_POINT('',#122);
#122 = CARTESIAN_POINT('',(-1.095369750835E+03,-75.,79.393434840786));
#123 = LINE('',#124,#125);
#124 = CARTESIAN_POINT('',(-1.095369750835E+03,75.,79.393434840786));
#125 = VECTOR('',#126,1.);
#126 = DIRECTION('',(0.,-1.,1.E-15));
#127 = ORIENTED_EDGE('',*,*,#128,.F.);
#128 = EDGE_CURVE('',#129,#121,#131,.T.);
#129 = VERTEX_POINT('',#130);
#130 = CARTESIAN_POINT('',(-1.095369750835E+03,-75.,89.393434840786));
#131 = LINE('',#132,#133);
#132 = CARTESIAN_POINT('',(-1.095369750835E+03,-75.,89.393434840786));
#133 = VECTOR('',#134,1.);
#134 = DIRECTION('',(0.,-6.6E-16,-1.));
#135 = ORIENTED_EDGE('',*,*,#136,.F.);
#136 = EDGE_CURVE('',#98,#129,#137,.T.);
#137 = LINE('',#138,#139);
#138 = CARTESIAN_POINT('',(-1.095369750835E+03,75.,89.393434840786));
#139 = VECTOR('',#140,1.);
#140 = DIRECTION('',(0.,-1.,1.E-15));
#141 = PLANE('',#142);
#142 = AXIS2_PLACEMENT_3D('',#143,#144,#145);
#143 = CARTESIAN_POINT('',(-1.095369750835E+03,75.,89.393434840786));
#144 = DIRECTION('',(-1.,0.,0.));
#145 = DIRECTION('',(0.,-1.,6.6E-16));
#146 = ADVANCED_FACE('',(#147),#172,.F.);
#147 = FACE_BOUND('',#148,.F.);
#148 = EDGE_LOOP('',(#149,#150,#158,#166));
#149 = ORIENTED_EDGE('',*,*,#128,.T.);
#150 = ORIENTED_EDGE('',*,*,#151,.T.);
#151 = EDGE_CURVE('',#121,#152,#154,.T.);
#152 = VERTEX_POINT('',#153);
#153 = CARTESIAN_POINT('',(-1.245369750835E+03,-75.,79.393434840786));
#154 = LINE('',#155,#156);
#155 = CARTESIAN_POINT('',(-1.095369750835E+03,-75.,79.393434840786));
#156 = VECTOR('',#157,1.);
#157 = DIRECTION('',(-1.,0.,0.));
#158 = ORIENTED_EDGE('',*,*,#159,.F.);
#159 = EDGE_CURVE('',#160,#152,#162,.T.);
#160 = VERTEX_POINT('',#161);
#161 = CARTESIAN_POINT('',(-1.245369750835E+03,-75.,89.393434840786));
#162 = LINE('',#163,#164);
#163 = CARTESIAN_POINT('',(-1.245369750835E+03,-75.,89.393434840786));
#164 = VECTOR('',#165,1.);
#165 = DIRECTION('',(0.,-6.6E-16,-1.));
#166 = ORIENTED_EDGE('',*,*,#167,.F.);
#167 = EDGE_CURVE('',#129,#160,#168,.T.);
#168 = LINE('',#169,#170);
#169 = CARTESIAN_POINT('',(-1.095369750835E+03,-75.,89.393434840786));
#170 = VECTOR('',#171,1.);
#171 = DIRECTION('',(-1.,0.,0.));
#172 = PLANE('',#173);
#173 = AXIS2_PLACEMENT_3D('',#174,#175,#176);
#174 = CARTESIAN_POINT('',(-1.095369750835E+03,-75.,89.393434840786));
#175 = DIRECTION('',(0.,1.,-6.6E-16));
#176 = DIRECTION('',(-1.,0.,0.));
#177 = ADVANCED_FACE('',(#178),#194,.F.);
#178 = FACE_BOUND('',#179,.F.);
#179 = EDGE_LOOP('',(#180,#181,#187,#188));
#180 = ORIENTED_EDGE('',*,*,#159,.T.);
#181 = ORIENTED_EDGE('',*,*,#182,.T.);
#182 = EDGE_CURVE('',#152,#82,#183,.T.);
#183 = LINE('',#184,#185);
#184 = CARTESIAN_POINT('',(-1.245369750835E+03,-75.,79.393434840786));
#185 = VECTOR('',#186,1.);
#186 = DIRECTION('',(0.,1.,-1.E-15));
#187 = ORIENTED_EDGE('',*,*,#79,.F.);
#188 = ORIENTED_EDGE('',*,*,#189,.F.);
#189 = EDGE_CURVE('',#160,#80,#190,.T.);
#190 = LINE('',#191,#192);
#191 = CARTESIAN_POINT('',(-1.245369750835E+03,-75.,89.393434840786));
#192 = VECTOR('',#193,1.);
#193 = DIRECTION('',(0.,1.,-1.E-15));
#194 = PLANE('',#195);
#195 = AXIS2_PLACEMENT_3D('',#196,#197,#198);
#196 = CARTESIAN_POINT('',(-1.245369750835E+03,-75.,89.393434840786));
#197 = DIRECTION('',(1.,0.,0.));
#198 = DIRECTION('',(0.,1.,-6.6E-16));
#199 = ADVANCED_FACE('',(#200),#206,.T.);
#200 = FACE_BOUND('',#201,.F.);
#201 = EDGE_LOOP('',(#202,#203,#204,#205));
#202 = ORIENTED_EDGE('',*,*,#105,.T.);
#203 = ORIENTED_EDGE('',*,*,#136,.T.);
#204 = ORIENTED_EDGE('',*,*,#167,.T.);
#205 = ORIENTED_EDGE('',*,*,#189,.T.);
#206 = PLANE('',#207);
#207 = AXIS2_PLACEMENT_3D('',#208,#209,#210);
#208 = CARTESIAN_POINT('',(-1.170369750835E+03,6.063E-14,89.393434840786
    ));
#209 = DIRECTION('',(0.,5.7E-16,1.));
#210 = DIRECTION('',(0.,1.,-5.7E-16));
#211 = ADVANCED_FACE('',(#212),#218,.F.);
#212 = FACE_BOUND('',#213,.T.);
#213 = EDGE_LOOP('',(#214,#215,#216,#217));
#214 = ORIENTED_EDGE('',*,*,#89,.T.);
#215 = ORIENTED_EDGE('',*,*,#120,.T.);
#216 = ORIENTED_EDGE('',*,*,#151,.T.);
#217 = ORIENTED_EDGE('',*,*,#182,.T.);
#218 = PLANE('',#219);
#219 = AXIS2_PLACEMENT_3D('',#220,#221,#222);
#220 = CARTESIAN_POINT('',(-1.170369750835E+03,5.363E-14,79.393434840786
    ));
#221 = DIRECTION('',(0.,5.7E-16,1.));
#222 = DIRECTION('',(0.,1.,-5.7E-16));
#223 = ( GEOMETRIC_REPRESENTATION_CONTEXT(3) 
GLOBAL_UNCERTAINTY_ASSIGNED_CONTEXT((#227)) GLOBAL_UNIT_ASSIGNED_CONTEXT
((#224,#225,#226)) REPRESENTATION_CONTEXT('Context #1',
  '3D Context with UNIT and UNCERTAINTY') );
#224 = ( LENGTH_UNIT() NAMED_UNIT(*) SI_UNIT(.MILLI.,.METRE.) );
#225 = ( NAMED_UNIT(*) PLANE_ANGLE_UNIT() SI_UNIT($,.RADIAN.) );
#226 = ( NAMED_UNIT(*) SI_UNIT($,.STERADIAN.) SOLID_ANGLE_UNIT() );
#227 = UNCERTAINTY_MEASURE_WITH_UNIT(LENGTH_MEASURE(1.E-07),#224,
  'distance_accuracy_value','confusion accuracy');
#228 = CONTEXT_DEPENDENT_SHAPE_REPRESENTATION(#229,#231);
#229 = ( REPRESENTATION_RELATIONSHIP('','',#72,#10) 
REPRESENTATION_RELATIONSHIP_WITH_TRANSFORMATION(#230) 
SHAPE_REPRESENTATION_RELATIONSHIP() );
#230 = ITEM_DEFINED_TRANSFORMATION('','',#11,#15);
#231 = PRODUCT_DEFINITION_SHAPE('Placement','Placement of an item',#232
  );
#232 = NEXT_ASSEMBLY_USAGE_OCCURRENCE('1','Body004','',#5,#67,$);
#233 = PRODUCT_RELATED_PRODUCT_CATEGORY('part',$,(#69));
#234 = SHAPE_DEFINITION_REPRESENTATION(#235,#241);
#235 = PRODUCT_DEFINITION_SHAPE('','',#236);
#236 = PRODUCT_DEFINITION('design','',#237,#240);
#237 = PRODUCT_DEFINITION_FORMATION('','',#238);
#238 = PRODUCT('Body008','Body008','',(#239));
#239 = PRODUCT_CONTEXT('',#2,'mechanical');
#240 = PRODUCT_DEFINITION_CONTEXT('part definition',#2,'design');
#241 = ADVANCED_BREP_SHAPE_REPRESENTATION('',(#11,#242),#433);
#242 = MANIFOLD_SOLID_BREP('',#243);
#243 = CLOSED_SHELL('',(#244,#284,#315,#348,#370,#403,#418));
#244 = ADVANCED_FACE('',(#245),#279,.F.);
#245 = FACE_BOUND('',#246,.F.);
#246 = EDGE_LOOP('',(#247,#257,#265,#273));
#247 = ORIENTED_EDGE('',*,*,#248,.T.);
#248 = EDGE_CURVE('',#249,#251,#253,.T.);
#249 = VERTEX_POINT('',#250);
#250 = CARTESIAN_POINT('',(540.10205098519,899.,1.393916506066E+03));
#251 = VERTEX_POINT('',#252);
#252 = CARTESIAN_POINT('',(540.10205098519,849.,1.393916506066E+03));
#253 = LINE('',#254,#255);
#254 = CARTESIAN_POINT('',(540.10205098519,899.,1.393916506066E+03));
#255 = VECTOR('',#256,1.);
#256 = DIRECTION('',(0.,-1.,-3.3E-16));
#257 = ORIENTED_EDGE('',*,*,#258,.T.);
#258 = EDGE_CURVE('',#251,#259,#261,.T.);
#259 = VERTEX_POINT('',#260);
#260 = CARTESIAN_POINT('',(540.10205098519,849.,1.345916506066E+03));
#261 = LINE('',#262,#263);
#262 = CARTESIAN_POINT('',(540.10205098519,849.,1.393916506066E+03));
#263 = VECTOR('',#264,1.);
#264 = DIRECTION('',(0.,0.,-1.));
#265 = ORIENTED_EDGE('',*,*,#266,.F.);
#266 = EDGE_CURVE('',#267,#259,#269,.T.);
#267 = VERTEX_POINT('',#268);
#268 = CARTESIAN_POINT('',(540.10205098519,899.,1.345916506066E+03));
#269 = LINE('',#270,#271);
#270 = CARTESIAN_POINT('',(540.10205098519,899.,1.345916506066E+03));
#271 = VECTOR('',#272,1.);
#272 = DIRECTION('',(0.,-1.,-3.3E-16));
#273 = ORIENTED_EDGE('',*,*,#274,.F.);
#274 = EDGE_CURVE('',#249,#267,#275,.T.);
#275 = LINE('',#276,#277);
#276 = CARTESIAN_POINT('',(540.10205098519,899.,1.393916506066E+03));
#277 = VECTOR('',#278,1.);
#278 = DIRECTION('',(0.,0.,-1.));
#279 = PLANE('',#280);
#280 = AXIS2_PLACEMENT_3D('',#281,#282,#283);
#281 = CARTESIAN_POINT('',(540.10205098519,899.,1.393916506066E+03));
#282 = DIRECTION('',(1.,0.,0.));
#283 = DIRECTION('',(0.,2.2E-16,-1.));
#284 = ADVANCED_FACE('',(#285),#310,.F.);
#285 = FACE_BOUND('',#286,.F.);
#286 = EDGE_LOOP('',(#287,#288,#296,#304));
#287 = ORIENTED_EDGE('',*,*,#266,.T.);
#288 = ORIENTED_EDGE('',*,*,#289,.T.);
#289 = EDGE_CURVE('',#259,#290,#292,.T.);
#290 = VERTEX_POINT('',#291);
#291 = CARTESIAN_POINT('',(565.2274711275,849.,1.345916506066E+03));
#292 = LINE('',#293,#294);
#293 = CARTESIAN_POINT('',(540.10205098519,849.,1.345916506066E+03));
#294 = VECTOR('',#295,1.);
#295 = DIRECTION('',(1.,0.,0.));
#296 = ORIENTED_EDGE('',*,*,#297,.F.);
#297 = EDGE_CURVE('',#298,#290,#300,.T.);
#298 = VERTEX_POINT('',#299);
#299 = CARTESIAN_POINT('',(565.2274711275,899.,1.345916506066E+03));
#300 = LINE('',#301,#302);
#301 = CARTESIAN_POINT('',(565.2274711275,899.,1.345916506066E+03));
#302 = VECTOR('',#303,1.);
#303 = DIRECTION('',(0.,-1.,-3.3E-16));
#304 = ORIENTED_EDGE('',*,*,#305,.F.);
#305 = EDGE_CURVE('',#267,#298,#306,.T.);
#306 = LINE('',#307,#308);
#307 = CARTESIAN_POINT('',(540.10205098519,899.,1.345916506066E+03));
#308 = VECTOR('',#309,1.);
#309 = DIRECTION('',(1.,0.,0.));
#310 = PLANE('',#311);
#311 = AXIS2_PLACEMENT_3D('',#312,#313,#314);
#312 = CARTESIAN_POINT('',(540.10205098519,899.,1.345916506066E+03));
#313 = DIRECTION('',(0.,-3.3E-16,1.));
#314 = DIRECTION('',(1.,0.,0.));
#315 = ADVANCED_FACE('',(#316),#343,.T.);
#316 = FACE_BOUND('',#317,.T.);
#317 = EDGE_LOOP('',(#318,#327,#335,#342));
#318 = ORIENTED_EDGE('',*,*,#319,.T.);
#319 = EDGE_CURVE('',#298,#320,#322,.T.);
#320 = VERTEX_POINT('',#321);
#321 = CARTESIAN_POINT('',(565.2274711275,899.,1.393916506066E+03));
#322 = CIRCLE('',#323,24.);
#323 = AXIS2_PLACEMENT_3D('',#324,#325,#326);
#324 = CARTESIAN_POINT('',(565.2274711275,899.,1.369916506066E+03));
#325 = DIRECTION('',(0.,-1.,0.));
#326 = DIRECTION('',(1.,0.,0.));
#327 = ORIENTED_EDGE('',*,*,#328,.T.);
#328 = EDGE_CURVE('',#320,#329,#331,.T.);
#329 = VERTEX_POINT('',#330);
#330 = CARTESIAN_POINT('',(565.2274711275,849.,1.393916506066E+03));
#331 = LINE('',#332,#333);
#332 = CARTESIAN_POINT('',(565.2274711275,899.,1.393916506066E+03));
#333 = VECTOR('',#334,1.);
#334 = DIRECTION('',(0.,-1.,-3.3E-16));
#335 = ORIENTED_EDGE('',*,*,#336,.F.);
#336 = EDGE_CURVE('',#290,#329,#337,.T.);
#337 = CIRCLE('',#338,24.);
#338 = AXIS2_PLACEMENT_3D('',#339,#340,#341);
#339 = CARTESIAN_POINT('',(565.2274711275,849.,1.369916506066E+03));
#340 = DIRECTION('',(0.,-1.,0.));
#341 = DIRECTION('',(1.,0.,0.));
#342 = ORIENTED_EDGE('',*,*,#297,.F.);
#343 = CYLINDRICAL_SURFACE('',#344,24.);
#344 = AXIS2_PLACEMENT_3D('',#345,#346,#347);
#345 = CARTESIAN_POINT('',(565.2274711275,899.,1.369916506066E+03));
#346 = DIRECTION('',(0.,1.,2.2E-16));
#347 = DIRECTION('',(1.,0.,-0.));
#348 = ADVANCED_FACE('',(#349),#365,.T.);
#349 = FACE_BOUND('',#350,.T.);
#350 = EDGE_LOOP('',(#351,#352,#358,#359));
#351 = ORIENTED_EDGE('',*,*,#248,.T.);
#352 = ORIENTED_EDGE('',*,*,#353,.T.);
#353 = EDGE_CURVE('',#251,#329,#354,.T.);
#354 = LINE('',#355,#356);
#355 = CARTESIAN_POINT('',(540.10205098519,849.,1.393916506066E+03));
#356 = VECTOR('',#357,1.);
#357 = DIRECTION('',(1.,0.,0.));
#358 = ORIENTED_EDGE('',*,*,#328,.F.);
#359 = ORIENTED_EDGE('',*,*,#360,.F.);
#360 = EDGE_CURVE('',#249,#320,#361,.T.);
#361 = LINE('',#362,#363);
#362 = CARTESIAN_POINT('',(540.10205098519,899.,1.393916506066E+03));
#363 = VECTOR('',#364,1.);
#364 = DIRECTION('',(1.,0.,0.));
#365 = PLANE('',#366);
#366 = AXIS2_PLACEMENT_3D('',#367,#368,#369);
#367 = CARTESIAN_POINT('',(540.10205098519,899.,1.393916506066E+03));
#368 = DIRECTION('',(0.,-3.3E-16,1.));
#369 = DIRECTION('',(1.,0.,0.));
#370 = ADVANCED_FACE('',(#371),#398,.F.);
#371 = FACE_BOUND('',#372,.F.);
#372 = EDGE_LOOP('',(#373,#382,#390,#397));
#373 = ORIENTED_EDGE('',*,*,#374,.T.);
#374 = EDGE_CURVE('',#375,#375,#377,.T.);
#375 = VERTEX_POINT('',#376);
#376 = CARTESIAN_POINT('',(577.2274711275,899.,1.369916506066E+03));
#377 = CIRCLE('',#378,12.);
#378 = AXIS2_PLACEMENT_3D('',#379,#380,#381);
#379 = CARTESIAN_POINT('',(565.2274711275,899.,1.369916506066E+03));
#380 = DIRECTION('',(0.,-1.,0.));
#381 = DIRECTION('',(1.,0.,0.));
#382 = ORIENTED_EDGE('',*,*,#383,.T.);
#383 = EDGE_CURVE('',#375,#384,#386,.T.);
#384 = VERTEX_POINT('',#385);
#385 = CARTESIAN_POINT('',(577.2274711275,849.,1.369916506066E+03));
#386 = LINE('',#387,#388);
#387 = CARTESIAN_POINT('',(577.2274711275,899.,1.369916506066E+03));
#388 = VECTOR('',#389,1.);
#389 = DIRECTION('',(0.,-1.,-3.3E-16));
#390 = ORIENTED_EDGE('',*,*,#391,.F.);
#391 = EDGE_CURVE('',#384,#384,#392,.T.);
#392 = CIRCLE('',#393,12.);
#393 = AXIS2_PLACEMENT_3D('',#394,#395,#396);
#394 = CARTESIAN_POINT('',(565.2274711275,849.,1.369916506066E+03));
#395 = DIRECTION('',(0.,-1.,0.));
#396 = DIRECTION('',(1.,0.,0.));
#397 = ORIENTED_EDGE('',*,*,#383,.F.);
#398 = CYLINDRICAL_SURFACE('',#399,12.);
#399 = AXIS2_PLACEMENT_3D('',#400,#401,#402);
#400 = CARTESIAN_POINT('',(565.2274711275,899.,1.369916506066E+03));
#401 = DIRECTION('',(0.,1.,2.2E-16));
#402 = DIRECTION('',(1.,0.,-0.));
#403 = ADVANCED_FACE('',(#404,#410),#413,.T.);
#404 = FACE_BOUND('',#405,.F.);
#405 = EDGE_LOOP('',(#406,#407,#408,#409));
#406 = ORIENTED_EDGE('',*,*,#274,.T.);
#407 = ORIENTED_EDGE('',*,*,#305,.T.);
#408 = ORIENTED_EDGE('',*,*,#319,.T.);
#409 = ORIENTED_EDGE('',*,*,#360,.F.);
#410 = FACE_BOUND('',#411,.T.);
#411 = EDGE_LOOP('',(#412));
#412 = ORIENTED_EDGE('',*,*,#374,.T.);
#413 = PLANE('',#414);
#414 = AXIS2_PLACEMENT_3D('',#415,#416,#417);
#415 = CARTESIAN_POINT('',(561.61771711302,899.,1.369916506066E+03));
#416 = DIRECTION('',(1.E-17,1.,2.1E-16));
#417 = DIRECTION('',(0.,-2.1E-16,1.));
#418 = ADVANCED_FACE('',(#419,#425),#428,.F.);
#419 = FACE_BOUND('',#420,.T.);
#420 = EDGE_LOOP('',(#421,#422,#423,#424));
#421 = ORIENTED_EDGE('',*,*,#258,.T.);
#422 = ORIENTED_EDGE('',*,*,#289,.T.);
#423 = ORIENTED_EDGE('',*,*,#336,.T.);
#424 = ORIENTED_EDGE('',*,*,#353,.F.);
#425 = FACE_BOUND('',#426,.F.);
#426 = EDGE_LOOP('',(#427));
#427 = ORIENTED_EDGE('',*,*,#391,.T.);
#428 = PLANE('',#429);
#429 = AXIS2_PLACEMENT_3D('',#430,#431,#432);
#430 = CARTESIAN_POINT('',(561.61771711302,849.,1.369916506066E+03));
#431 = DIRECTION('',(1.E-17,1.,2.1E-16));
#432 = DIRECTION('',(0.,-2.1E-16,1.));
#433 = ( GEOMETRIC_REPRESENTATION_CONTEXT(3) 
GLOBAL_UNCERTAINTY_ASSIGNED_CONTEXT((#437)) GLOBAL_UNIT_ASSIGNED_CONTEXT
((#434,#435,#436)) REPRESENTATION_CONTEXT('Context #1',
  '3D Context with UNIT and UNCERTAINTY') );
#434 = ( LENGTH_UNIT() NAMED_UNIT(*) SI_UNIT(.MILLI.,.METRE.) );
#435 = ( NAMED_UNIT(*) PLANE_ANGLE_UNIT() SI_UNIT($,.RADIAN.) );
#436 = ( NAMED_UNIT(*) SI_UNIT($,.STERADIAN.) SOLID_ANGLE_UNIT() );
#437 = UNCERTAINTY_MEASURE_WITH_UNIT(LENGTH_MEASURE(1.E-07),#434,
  'distance_accuracy_value','confusion accuracy');
#438 = CONTEXT_DEPENDENT_SHAPE_REPRESENTATION(#439,#441);
#439 = ( REPRESENTATION_RELATIONSHIP('','',#241,#10) 
REPRESENTATION_RELATIONSHIP_WITH_TRANSFORMATION(#440) 
SHAPE_REPRESENTATION_RELATIONSHIP() );
#440 = ITEM_DEFINED_TRANSFORMATION('','',#11,#19);
#441 = PRODUCT_DEFINITION_SHAPE('Placement','Placement of an item',#442
  );
#442 = NEXT_ASSEMBLY_USAGE_OCCURRENCE('2','Body008','',#5,#236,$);
#443 = PRODUCT_RELATED_PRODUCT_CATEGORY('part',$,(#238));
#444 = SHAPE_DEFINITION_REPRESENTATION(#445,#451);
#445 = PRODUCT_DEFINITION_SHAPE('','',#446);
#446 = PRODUCT_DEFINITION('design','',#447,#450);
#447 = PRODUCT_DEFINITION_FORMATION('','',#448);
#448 = PRODUCT('Body009','Body009','',(#449));
#449 = PRODUCT_CONTEXT('',#2,'mechanical');
#450 = PRODUCT_DEFINITION_CONTEXT('part definition',#2,'design');
#451 = ADVANCED_BREP_SHAPE_REPRESENTATION('',(#11,#452),#505);
#452 = MANIFOLD_SOLID_BREP('',#453);
#453 = CLOSED_SHELL('',(#454,#487,#496));
#454 = ADVANCED_FACE('',(#455),#482,.T.);
#455 = FACE_BOUND('',#456,.T.);
#456 = EDGE_LOOP('',(#457,#466,#474,#481));
#457 = ORIENTED_EDGE('',*,*,#458,.T.);
#458 = EDGE_CURVE('',#459,#459,#461,.T.);
#459 = VERTEX_POINT('',#460);
#460 = CARTESIAN_POINT('',(577.2274711275,898.93,1.369916506066E+03));
#461 = CIRCLE('',#462,12.);
#462 = AXIS2_PLACEMENT_3D('',#463,#464,#465);
#463 = CARTESIAN_POINT('',(565.2274711275,898.93,1.369916506066E+03));
#464 = DIRECTION('',(0.,-1.,1.11E-15));
#465 = DIRECTION('',(1.,0.,0.));
#466 = ORIENTED_EDGE('',*,*,#467,.T.);
#467 = EDGE_CURVE('',#459,#468,#470,.T.);
#468 = VERTEX_POINT('',#469);
#469 = CARTESIAN_POINT('',(577.2274711275,-951.07,1.369916506066E+03));
#470 = LINE('',#471,#472);
#471 = CARTESIAN_POINT('',(577.2274711275,898.93,1.369916506066E+03));
#472 = VECTOR('',#473,1.);
#473 = DIRECTION('',(0.,-1.,1.11E-15));
#474 = ORIENTED_EDGE('',*,*,#475,.F.);
#475 = EDGE_CURVE('',#468,#468,#476,.T.);
#476 = CIRCLE('',#477,12.);
#477 = AXIS2_PLACEMENT_3D('',#478,#479,#480);
#478 = CARTESIAN_POINT('',(565.2274711275,-951.07,1.369916506066E+03));
#479 = DIRECTION('',(0.,-1.,1.11E-15));
#480 = DIRECTION('',(1.,0.,0.));
#481 = ORIENTED_EDGE('',*,*,#467,.F.);
#482 = CYLINDRICAL_SURFACE('',#483,12.);
#483 = AXIS2_PLACEMENT_3D('',#484,#485,#486);
#484 = CARTESIAN_POINT('',(565.2274711275,898.93,1.369916506066E+03));
#485 = DIRECTION('',(-0.,1.,-1.11E-15));
#486 = DIRECTION('',(1.,0.,0.));
#487 = ADVANCED_FACE('',(#488),#491,.F.);
#488 = FACE_BOUND('',#489,.T.);
#489 = EDGE_LOOP('',(#490));
#490 = ORIENTED_EDGE('',*,*,#458,.F.);
#491 = PLANE('',#492);
#492 = AXIS2_PLACEMENT_3D('',#493,#494,#495);
#493 = CARTESIAN_POINT('',(565.2274711275,898.93,1.369916506066E+03));
#494 = DIRECTION('',(0.,-1.,1.11E-15));
#495 = DIRECTION('',(1.,0.,0.));
#496 = ADVANCED_FACE('',(#497),#500,.T.);
#497 = FACE_BOUND('',#498,.F.);
#498 = EDGE_LOOP('',(#499));
#499 = ORIENTED_EDGE('',*,*,#475,.F.);
#500 = PLANE('',#501);
#501 = AXIS2_PLACEMENT_3D('',#502,#503,#504);
#502 = CARTESIAN_POINT('',(565.2274711275,-951.07,1.369916506066E+03));
#503 = DIRECTION('',(0.,-1.,1.11E-15));
#504 = DIRECTION('',(1.,0.,0.));
#505 = ( GEOMETRIC_REPRESENTATION_CONTEXT(3) 
GLOBAL_UNCERTAINTY_ASSIGNED_CONTEXT((#509)) GLOBAL_UNIT_ASSIGNED_CONTEXT
((#506,#507,#508)) REPRESENTATION_CONTEXT('Context #1',
  '3D Context with UNIT and UNCERTAINTY') );
#506 = ( LENGTH_UNIT() NAMED_UNIT(*) SI_UNIT(.MILLI.,.METRE.) );
#507 = ( NAMED_UNIT(*) PLANE_ANGLE_UNIT() SI_UNIT($,.RADIAN.) );
#508 = ( NAMED_UNIT(*) SI_UNIT($,.STERADIAN.) SOLID_ANGLE_UNIT() );
#509 = UNCERTAINTY_MEASURE_WITH_UNIT(LENGTH_MEASURE(1.E-07),#506,
  'distance_accuracy_value','confusion accuracy');
#510 = CONTEXT_DEPENDENT_SHAPE_REPRESENTATION(#511,#513);
#511 = ( REPRESENTATION_RELATIONSHIP('','',#451,#10) 
REPRESENTATION_RELATIONSHIP_WITH_TRANSFORMATION(#512) 
SHAPE_REPRESENTATION_RELATIONSHIP() );
#512 = ITEM_DEFINED_TRANSFORMATION('','',#11,#23);
#513 = PRODUCT_DEFINITION_SHAPE('Placement','Placement of an item',#514
  );
#514 = NEXT_ASSEMBLY_USAGE_OCCURRENCE('3','Body009','',#5,#446,$);
#515 = PRODUCT_RELATED_PRODUCT_CATEGORY('part',$,(#448));
#516 = SHAPE_DEFINITION_REPRESENTATION(#517,#523);
#517 = PRODUCT_DEFINITION_SHAPE('','',#518);
#518 = PRODUCT_DEFINITION('design','',#519,#522);
#519 = PRODUCT_DEFINITION_FORMATION('','',#520);
#520 = PRODUCT('Body003','Body003','',(#521));
#521 = PRODUCT_CONTEXT('',#2,'mechanical');
#522 = PRODUCT_DEFINITION_CONTEXT('part definition',#2,'design');
#523 = ADVANCED_BREP_SHAPE_REPRESENTATION('',(#11,#524),#1037);
#524 = MANIFOLD_SOLID_BREP('',#525);
#525 = CLOSED_SHELL('',(#526,#566,#647,#694,#718,#758,#789,#827,#844,
    #871,#893,#905,#944,#973,#995,#1009,#1022));
#526 = ADVANCED_FACE('',(#527),#561,.T.);
#527 = FACE_BOUND('',#528,.T.);
#528 = EDGE_LOOP('',(#529,#539,#547,#555));
#529 = ORIENTED_EDGE('',*,*,#530,.T.);
#530 = EDGE_CURVE('',#531,#533,#535,.T.);
#531 = VERTEX_POINT('',#532);
#532 = CARTESIAN_POINT('',(539.80505364733,1.1E+03,89.393434840786));
#533 = VERTEX_POINT('',#534);
#534 = CARTESIAN_POINT('',(539.80505364733,-1.1E+03,89.393434840787));
#535 = LINE('',#536,#537);
#536 = CARTESIAN_POINT('',(539.80505364733,1.1E+03,89.393434840786));
#537 = VECTOR('',#538,1.);
#538 = DIRECTION('',(0.,-1.,4.4E-16));
#539 = ORIENTED_EDGE('',*,*,#540,.T.);
#540 = EDGE_CURVE('',#533,#541,#543,.T.);
#541 = VERTEX_POINT('',#542);
#542 = CARTESIAN_POINT('',(-3.213774016353E+03,-1.1E+03,89.393434840787)
  );
#543 = LINE('',#544,#545);
#544 = CARTESIAN_POINT('',(539.80505364733,-1.1E+03,89.393434840787));
#545 = VECTOR('',#546,1.);
#546 = DIRECTION('',(-1.,0.,0.));
#547 = ORIENTED_EDGE('',*,*,#548,.F.);
#548 = EDGE_CURVE('',#549,#541,#551,.T.);
#549 = VERTEX_POINT('',#550);
#550 = CARTESIAN_POINT('',(-3.213774016353E+03,1.1E+03,89.393434840786)
  );
#551 = LINE('',#552,#553);
#552 = CARTESIAN_POINT('',(-3.213774016353E+03,1.1E+03,89.393434840786)
  );
#553 = VECTOR('',#554,1.);
#554 = DIRECTION('',(0.,-1.,4.4E-16));
#555 = ORIENTED_EDGE('',*,*,#556,.F.);
#556 = EDGE_CURVE('',#531,#549,#557,.T.);
#557 = LINE('',#558,#559);
#558 = CARTESIAN_POINT('',(539.80505364733,1.1E+03,89.393434840786));
#559 = VECTOR('',#560,1.);
#560 = DIRECTION('',(-1.,0.,0.));
#561 = PLANE('',#562);
#562 = AXIS2_PLACEMENT_3D('',#563,#564,#565);
#563 = CARTESIAN_POINT('',(539.80505364733,1.1E+03,89.393434840786));
#564 = DIRECTION('',(0.,-4.4E-16,-1.));
#565 = DIRECTION('',(-1.,-0.,0.));
#566 = ADVANCED_FACE('',(#567,#608),#642,.T.);
#567 = FACE_BOUND('',#568,.T.);
#568 = EDGE_LOOP('',(#569,#570,#578,#586,#594,#602));
#569 = ORIENTED_EDGE('',*,*,#530,.F.);
#570 = ORIENTED_EDGE('',*,*,#571,.F.);
#571 = EDGE_CURVE('',#572,#531,#574,.T.);
#572 = VERTEX_POINT('',#573);
#573 = CARTESIAN_POINT('',(539.80505364733,1.1E+03,1.333486693E+03));
#574 = LINE('',#575,#576);
#575 = CARTESIAN_POINT('',(539.80505364733,1.1E+03,1.333486693E+03));
#576 = VECTOR('',#577,1.);
#577 = DIRECTION('',(0.,-2.2E-16,-1.));
#578 = ORIENTED_EDGE('',*,*,#579,.T.);
#579 = EDGE_CURVE('',#572,#580,#582,.T.);
#580 = VERTEX_POINT('',#581);
#581 = CARTESIAN_POINT('',(539.80505364733,0.,1.527446371779E+03));
#582 = LINE('',#583,#584);
#583 = CARTESIAN_POINT('',(539.80505364733,1.1E+03,1.333486693E+03));
#584 = VECTOR('',#585,1.);
#585 = DIRECTION('',(0.,-0.984807753012,0.173648177667));
#586 = ORIENTED_EDGE('',*,*,#587,.T.);
#587 = EDGE_CURVE('',#580,#588,#590,.T.);
#588 = VERTEX_POINT('',#589);
#589 = CARTESIAN_POINT('',(539.80505364733,-1.098451450463E+03,
    1.333486693E+03));
#590 = LINE('',#591,#592);
#591 = CARTESIAN_POINT('',(539.80505364733,0.,1.527446371779E+03));
#592 = VECTOR('',#593,1.);
#593 = DIRECTION('',(0.,-0.984765862617,-0.173885582568));
#594 = ORIENTED_EDGE('',*,*,#595,.T.);
#595 = EDGE_CURVE('',#588,#596,#598,.T.);
#596 = VERTEX_POINT('',#597);
#597 = CARTESIAN_POINT('',(539.80505364733,-1.1E+03,1.333486693E+03));
#598 = LINE('',#599,#600);
#599 = CARTESIAN_POINT('',(539.80505364733,1.1E+03,1.333486693E+03));
#600 = VECTOR('',#601,1.);
#601 = DIRECTION('',(0.,-1.,4.4E-16));
#602 = ORIENTED_EDGE('',*,*,#603,.T.);
#603 = EDGE_CURVE('',#596,#533,#604,.T.);
#604 = LINE('',#605,#606);
#605 = CARTESIAN_POINT('',(539.80505364733,-1.1E+03,1.333486693E+03));
#606 = VECTOR('',#607,1.);
#607 = DIRECTION('',(0.,-2.2E-16,-1.));
#608 = FACE_BOUND('',#609,.T.);
#609 = EDGE_LOOP('',(#610,#620,#628,#636));
#610 = ORIENTED_EDGE('',*,*,#611,.F.);
#611 = EDGE_CURVE('',#612,#614,#616,.T.);
#612 = VERTEX_POINT('',#613);
#613 = CARTESIAN_POINT('',(539.80505364733,-1.05E+03,1.140453979E+03));
#614 = VERTEX_POINT('',#615);
#615 = CARTESIAN_POINT('',(539.80505364733,-1.05E+03,139.39343484078));
#616 = LINE('',#617,#618);
#617 = CARTESIAN_POINT('',(539.80505364733,-1.05E+03,1.333486693E+03));
#618 = VECTOR('',#619,1.);
#619 = DIRECTION('',(0.,-2.2E-16,-1.));
#620 = ORIENTED_EDGE('',*,*,#621,.T.);
#621 = EDGE_CURVE('',#612,#622,#624,.T.);
#622 = VERTEX_POINT('',#623);
#623 = CARTESIAN_POINT('',(539.80505364733,1.05E+03,1.140453979E+03));
#624 = LINE('',#625,#626);
#625 = CARTESIAN_POINT('',(539.80505364733,-1.1E+03,1.140453979E+03));
#626 = VECTOR('',#627,1.);
#627 = DIRECTION('',(0.,1.,0.));
#628 = ORIENTED_EDGE('',*,*,#629,.T.);
#629 = EDGE_CURVE('',#622,#630,#632,.T.);
#630 = VERTEX_POINT('',#631);
#631 = CARTESIAN_POINT('',(539.80505364733,1.05E+03,139.39343484078));
#632 = LINE('',#633,#634);
#633 = CARTESIAN_POINT('',(539.80505364733,1.05E+03,1.333486693E+03));
#634 = VECTOR('',#635,1.);
#635 = DIRECTION('',(0.,-2.2E-16,-1.));
#636 = ORIENTED_EDGE('',*,*,#637,.T.);
#637 = EDGE_CURVE('',#630,#614,#638,.T.);
#638 = LINE('',#639,#640);
#639 = CARTESIAN_POINT('',(539.80505364733,1.1E+03,139.39343484078));
#640 = VECTOR('',#641,1.);
#641 = DIRECTION('',(0.,-1.,4.4E-16));
#642 = PLANE('',#643);
#643 = AXIS2_PLACEMENT_3D('',#644,#645,#646);
#644 = CARTESIAN_POINT('',(539.80505364733,2.889606691506E-05,
    745.76829546445));
#645 = DIRECTION('',(1.,0.,0.));
#646 = DIRECTION('',(0.,0.,1.));
#647 = ADVANCED_FACE('',(#648),#689,.T.);
#648 = FACE_BOUND('',#649,.T.);
#649 = EDGE_LOOP('',(#650,#660,#668,#676,#682,#683));
#650 = ORIENTED_EDGE('',*,*,#651,.F.);
#651 = EDGE_CURVE('',#652,#654,#656,.T.);
#652 = VERTEX_POINT('',#653);
#653 = CARTESIAN_POINT('',(-3.163774016353E+03,-1.05E+03,1.333486693E+03
    ));
#654 = VERTEX_POINT('',#655);
#655 = CARTESIAN_POINT('',(-3.163774016353E+03,-1.05E+03,139.39343484078
    ));
#656 = LINE('',#657,#658);
#657 = CARTESIAN_POINT('',(-3.163774016353E+03,-1.05E+03,400.41674938059
    ));
#658 = VECTOR('',#659,1.);
#659 = DIRECTION('',(-0.,-4.4E-16,-1.));
#660 = ORIENTED_EDGE('',*,*,#661,.T.);
#661 = EDGE_CURVE('',#652,#662,#664,.T.);
#662 = VERTEX_POINT('',#663);
#663 = CARTESIAN_POINT('',(489.80505364733,-1.05E+03,1.333486693E+03));
#664 = LINE('',#665,#666);
#665 = CARTESIAN_POINT('',(-3.213774016353E+03,-1.05E+03,1.333486693E+03
    ));
#666 = VECTOR('',#667,1.);
#667 = DIRECTION('',(1.,0.,0.));
#668 = ORIENTED_EDGE('',*,*,#669,.T.);
#669 = EDGE_CURVE('',#662,#670,#672,.T.);
#670 = VERTEX_POINT('',#671);
#671 = CARTESIAN_POINT('',(489.80505364733,-1.05E+03,1.140453979E+03));
#672 = LINE('',#673,#674);
#673 = CARTESIAN_POINT('',(489.80505364733,-1.05E+03,997.0021781304));
#674 = VECTOR('',#675,1.);
#675 = DIRECTION('',(-0.,-4.4E-16,-1.));
#676 = ORIENTED_EDGE('',*,*,#677,.F.);
#677 = EDGE_CURVE('',#612,#670,#678,.T.);
#678 = LINE('',#679,#680);
#679 = CARTESIAN_POINT('',(-398.5897138526,-1.05E+03,1.140453979E+03));
#680 = VECTOR('',#681,1.);
#681 = DIRECTION('',(-1.,0.,0.));
#682 = ORIENTED_EDGE('',*,*,#611,.T.);
#683 = ORIENTED_EDGE('',*,*,#684,.F.);
#684 = EDGE_CURVE('',#654,#614,#685,.T.);
#685 = LINE('',#686,#687);
#686 = CARTESIAN_POINT('',(-398.5897138526,-1.05E+03,139.39343484078));
#687 = VECTOR('',#688,1.);
#688 = DIRECTION('',(1.,0.,0.));
#689 = PLANE('',#690);
#690 = AXIS2_PLACEMENT_3D('',#691,#692,#693);
#691 = CARTESIAN_POINT('',(-1.336984481353E+03,-1.05E+03,711.44006392039
    ));
#692 = DIRECTION('',(0.,1.,-2.2E-16));
#693 = DIRECTION('',(0.,2.2E-16,1.));
#694 = ADVANCED_FACE('',(#695),#713,.F.);
#695 = FACE_BOUND('',#696,.F.);
#696 = EDGE_LOOP('',(#697,#698,#699,#707));
#697 = ORIENTED_EDGE('',*,*,#637,.T.);
#698 = ORIENTED_EDGE('',*,*,#684,.F.);
#699 = ORIENTED_EDGE('',*,*,#700,.T.);
#700 = EDGE_CURVE('',#654,#701,#703,.T.);
#701 = VERTEX_POINT('',#702);
#702 = CARTESIAN_POINT('',(-3.163774016353E+03,1.05E+03,139.39343484078)
  );
#703 = LINE('',#704,#705);
#704 = CARTESIAN_POINT('',(-3.163774016353E+03,1.1E+03,139.39343484078)
  );
#705 = VECTOR('',#706,1.);
#706 = DIRECTION('',(0.,1.,-6.6E-16));
#707 = ORIENTED_EDGE('',*,*,#708,.T.);
#708 = EDGE_CURVE('',#701,#630,#709,.T.);
#709 = LINE('',#710,#711);
#710 = CARTESIAN_POINT('',(-398.5897138526,1.05E+03,139.39343484078));
#711 = VECTOR('',#712,1.);
#712 = DIRECTION('',(1.,0.,0.));
#713 = PLANE('',#714);
#714 = AXIS2_PLACEMENT_3D('',#715,#716,#717);
#715 = CARTESIAN_POINT('',(539.80505364733,1.1E+03,139.39343484078));
#716 = DIRECTION('',(0.,-4.4E-16,-1.));
#717 = DIRECTION('',(-1.,-0.,0.));
#718 = ADVANCED_FACE('',(#719),#753,.F.);
#719 = FACE_BOUND('',#720,.F.);
#720 = EDGE_LOOP('',(#721,#729,#737,#745,#751,#752));
#721 = ORIENTED_EDGE('',*,*,#722,.F.);
#722 = EDGE_CURVE('',#723,#701,#725,.T.);
#723 = VERTEX_POINT('',#724);
#724 = CARTESIAN_POINT('',(-3.163774016353E+03,1.05E+03,1.333486693E+03)
  );
#725 = LINE('',#726,#727);
#726 = CARTESIAN_POINT('',(-3.163774016353E+03,1.05E+03,400.41674938058)
  );
#727 = VECTOR('',#728,1.);
#728 = DIRECTION('',(-0.,-4.4E-16,-1.));
#729 = ORIENTED_EDGE('',*,*,#730,.T.);
#730 = EDGE_CURVE('',#723,#731,#733,.T.);
#731 = VERTEX_POINT('',#732);
#732 = CARTESIAN_POINT('',(489.80505364733,1.05E+03,1.333486693E+03));
#733 = LINE('',#734,#735);
#734 = CARTESIAN_POINT('',(-3.213774016353E+03,1.05E+03,1.333486693E+03)
  );
#735 = VECTOR('',#736,1.);
#736 = DIRECTION('',(1.,0.,0.));
#737 = ORIENTED_EDGE('',*,*,#738,.T.);
#738 = EDGE_CURVE('',#731,#739,#741,.T.);
#739 = VERTEX_POINT('',#740);
#740 = CARTESIAN_POINT('',(489.80505364733,1.05E+03,1.140453979E+03));
#741 = LINE('',#742,#743);
#742 = CARTESIAN_POINT('',(489.80505364733,1.05E+03,997.0021781304));
#743 = VECTOR('',#744,1.);
#744 = DIRECTION('',(-0.,-4.4E-16,-1.));
#745 = ORIENTED_EDGE('',*,*,#746,.F.);
#746 = EDGE_CURVE('',#622,#739,#747,.T.);
#747 = LINE('',#748,#749);
#748 = CARTESIAN_POINT('',(-398.5897138526,1.05E+03,1.140453979E+03));
#749 = VECTOR('',#750,1.);
#750 = DIRECTION('',(-1.,0.,0.));
#751 = ORIENTED_EDGE('',*,*,#629,.T.);
#752 = ORIENTED_EDGE('',*,*,#708,.F.);
#753 = PLANE('',#754);
#754 = AXIS2_PLACEMENT_3D('',#755,#756,#757);
#755 = CARTESIAN_POINT('',(-1.336984481353E+03,1.05E+03,711.44006392039)
  );
#756 = DIRECTION('',(0.,1.,-2.2E-16));
#757 = DIRECTION('',(0.,2.2E-16,1.));
#758 = ADVANCED_FACE('',(#759),#784,.T.);
#759 = FACE_BOUND('',#760,.T.);
#760 = EDGE_LOOP('',(#761,#769,#777,#783));
#761 = ORIENTED_EDGE('',*,*,#762,.T.);
#762 = EDGE_CURVE('',#731,#763,#765,.T.);
#763 = VERTEX_POINT('',#764);
#764 = CARTESIAN_POINT('',(489.80505364733,1.1E+03,1.333486693E+03));
#765 = LINE('',#766,#767);
#766 = CARTESIAN_POINT('',(489.80505364733,550.02849164736,
    1.333486693E+03));
#767 = VECTOR('',#768,1.);
#768 = DIRECTION('',(0.,1.,-6.6E-16));
#769 = ORIENTED_EDGE('',*,*,#770,.F.);
#770 = EDGE_CURVE('',#771,#763,#773,.T.);
#771 = VERTEX_POINT('',#772);
#772 = CARTESIAN_POINT('',(-3.163774016353E+03,1.1E+03,1.333486693E+03)
  );
#773 = LINE('',#774,#775);
#774 = CARTESIAN_POINT('',(-3.213774016353E+03,1.1E+03,1.333486693E+03)
  );
#775 = VECTOR('',#776,1.);
#776 = DIRECTION('',(1.,0.,0.));
#777 = ORIENTED_EDGE('',*,*,#778,.F.);
#778 = EDGE_CURVE('',#723,#771,#779,.T.);
#779 = LINE('',#780,#781);
#780 = CARTESIAN_POINT('',(-3.163774016353E+03,-1.1E+03,1.333486693E+03)
  );
#781 = VECTOR('',#782,1.);
#782 = DIRECTION('',(0.,1.,-2.1E-16));
#783 = ORIENTED_EDGE('',*,*,#730,.T.);
#784 = PLANE('',#785);
#785 = AXIS2_PLACEMENT_3D('',#786,#787,#788);
#786 = CARTESIAN_POINT('',(-3.213774016353E+03,1.1E+03,1.333486693E+03)
  );
#787 = DIRECTION('',(0.,4.4E-16,1.));
#788 = DIRECTION('',(1.,0.,-0.));
#789 = ADVANCED_FACE('',(#790),#822,.T.);
#790 = FACE_BOUND('',#791,.T.);
#791 = EDGE_LOOP('',(#792,#793,#801,#807,#808,#816));
#792 = ORIENTED_EDGE('',*,*,#661,.F.);
#793 = ORIENTED_EDGE('',*,*,#794,.F.);
#794 = EDGE_CURVE('',#795,#652,#797,.T.);
#795 = VERTEX_POINT('',#796);
#796 = CARTESIAN_POINT('',(-3.163774016353E+03,-1.1E+03,1.333486693E+03)
  );
#797 = LINE('',#798,#799);
#798 = CARTESIAN_POINT('',(-3.163774016353E+03,-1.1E+03,1.333486693E+03)
  );
#799 = VECTOR('',#800,1.);
#800 = DIRECTION('',(0.,1.,-2.1E-16));
#801 = ORIENTED_EDGE('',*,*,#802,.T.);
#802 = EDGE_CURVE('',#795,#596,#803,.T.);
#803 = LINE('',#804,#805);
#804 = CARTESIAN_POINT('',(-3.213774016353E+03,-1.1E+03,1.333486693E+03)
  );
#805 = VECTOR('',#806,1.);
#806 = DIRECTION('',(1.,0.,0.));
#807 = ORIENTED_EDGE('',*,*,#595,.F.);
#808 = ORIENTED_EDGE('',*,*,#809,.F.);
#809 = EDGE_CURVE('',#810,#588,#812,.T.);
#810 = VERTEX_POINT('',#811);
#811 = CARTESIAN_POINT('',(489.80505364733,-1.098451450463E+03,
    1.333486693E+03));
#812 = LINE('',#813,#814);
#813 = CARTESIAN_POINT('',(-1.336984481353E+03,-1.098451450463E+03,
    1.333486693E+03));
#814 = VECTOR('',#815,1.);
#815 = DIRECTION('',(1.,0.,0.));
#816 = ORIENTED_EDGE('',*,*,#817,.T.);
#817 = EDGE_CURVE('',#810,#662,#818,.T.);
#818 = LINE('',#819,#820);
#819 = CARTESIAN_POINT('',(489.80505364733,550.02849164736,
    1.333486693E+03));
#820 = VECTOR('',#821,1.);
#821 = DIRECTION('',(0.,1.,-6.6E-16));
#822 = PLANE('',#823);
#823 = AXIS2_PLACEMENT_3D('',#824,#825,#826);
#824 = CARTESIAN_POINT('',(-3.213774016353E+03,1.1E+03,1.333486693E+03)
  );
#825 = DIRECTION('',(0.,4.4E-16,1.));
#826 = DIRECTION('',(1.,0.,-0.));
#827 = ADVANCED_FACE('',(#828),#839,.T.);
#828 = FACE_BOUND('',#829,.T.);
#829 = EDGE_LOOP('',(#830,#831,#832,#838));
#830 = ORIENTED_EDGE('',*,*,#621,.F.);
#831 = ORIENTED_EDGE('',*,*,#677,.T.);
#832 = ORIENTED_EDGE('',*,*,#833,.T.);
#833 = EDGE_CURVE('',#670,#739,#834,.T.);
#834 = LINE('',#835,#836);
#835 = CARTESIAN_POINT('',(489.80505364733,-1.1E+03,1.140453979E+03));
#836 = VECTOR('',#837,1.);
#837 = DIRECTION('',(0.,1.,0.));
#838 = ORIENTED_EDGE('',*,*,#746,.F.);
#839 = PLANE('',#840);
#840 = AXIS2_PLACEMENT_3D('',#841,#842,#843);
#841 = CARTESIAN_POINT('',(539.80505364733,-1.1E+03,1.140453979E+03));
#842 = DIRECTION('',(0.,0.,-1.));
#843 = DIRECTION('',(0.,1.,0.));
#844 = ADVANCED_FACE('',(#845),#866,.F.);
#845 = FACE_BOUND('',#846,.F.);
#846 = EDGE_LOOP('',(#847,#848,#849,#850,#851,#859,#865));
#847 = ORIENTED_EDGE('',*,*,#669,.T.);
#848 = ORIENTED_EDGE('',*,*,#833,.T.);
#849 = ORIENTED_EDGE('',*,*,#738,.F.);
#850 = ORIENTED_EDGE('',*,*,#762,.T.);
#851 = ORIENTED_EDGE('',*,*,#852,.T.);
#852 = EDGE_CURVE('',#763,#853,#855,.T.);
#853 = VERTEX_POINT('',#854);
#854 = CARTESIAN_POINT('',(489.80505364733,0.,1.527446371779E+03));
#855 = LINE('',#856,#857);
#856 = CARTESIAN_POINT('',(489.80505364733,1.1E+03,1.333486693E+03));
#857 = VECTOR('',#858,1.);
#858 = DIRECTION('',(0.,-0.984807753012,0.173648177667));
#859 = ORIENTED_EDGE('',*,*,#860,.T.);
#860 = EDGE_CURVE('',#853,#810,#861,.T.);
#861 = LINE('',#862,#863);
#862 = CARTESIAN_POINT('',(489.80505364733,0.,1.527446371779E+03));
#863 = VECTOR('',#864,1.);
#864 = DIRECTION('',(0.,-0.984765862617,-0.173885582568));
#865 = ORIENTED_EDGE('',*,*,#817,.T.);
#866 = PLANE('',#867);
#867 = AXIS2_PLACEMENT_3D('',#868,#869,#870);
#868 = CARTESIAN_POINT('',(489.80505364733,5.698329472772E-02,
    1.28256429234E+03));
#869 = DIRECTION('',(1.,0.,0.));
#870 = DIRECTION('',(0.,0.,1.));
#871 = ADVANCED_FACE('',(#872),#888,.T.);
#872 = FACE_BOUND('',#873,.T.);
#873 = EDGE_LOOP('',(#874,#880,#881,#887));
#874 = ORIENTED_EDGE('',*,*,#875,.F.);
#875 = EDGE_CURVE('',#763,#572,#876,.T.);
#876 = LINE('',#877,#878);
#877 = CARTESIAN_POINT('',(-3.213774016353E+03,1.1E+03,1.333486693E+03)
  );
#878 = VECTOR('',#879,1.);
#879 = DIRECTION('',(1.,0.,0.));
#880 = ORIENTED_EDGE('',*,*,#852,.T.);
#881 = ORIENTED_EDGE('',*,*,#882,.F.);
#882 = EDGE_CURVE('',#580,#853,#883,.T.);
#883 = LINE('',#884,#885);
#884 = CARTESIAN_POINT('',(539.80505364733,0.,1.527446371779E+03));
#885 = VECTOR('',#886,1.);
#886 = DIRECTION('',(-1.,-0.,-0.));
#887 = ORIENTED_EDGE('',*,*,#579,.F.);
#888 = PLANE('',#889);
#889 = AXIS2_PLACEMENT_3D('',#890,#891,#892);
#890 = CARTESIAN_POINT('',(539.80505364733,1.1E+03,1.333486693E+03));
#891 = DIRECTION('',(0.,0.173648177667,0.984807753012));
#892 = DIRECTION('',(0.,-0.984807753012,0.173648177667));
#893 = ADVANCED_FACE('',(#894),#900,.T.);
#894 = FACE_BOUND('',#895,.T.);
#895 = EDGE_LOOP('',(#896,#897,#898,#899));
#896 = ORIENTED_EDGE('',*,*,#587,.F.);
#897 = ORIENTED_EDGE('',*,*,#882,.T.);
#898 = ORIENTED_EDGE('',*,*,#860,.T.);
#899 = ORIENTED_EDGE('',*,*,#809,.T.);
#900 = PLANE('',#901);
#901 = AXIS2_PLACEMENT_3D('',#902,#903,#904);
#902 = CARTESIAN_POINT('',(539.80505364733,0.,1.527446371779E+03));
#903 = DIRECTION('',(0.,-0.173885582568,0.984765862617));
#904 = DIRECTION('',(0.,-0.984765862617,-0.173885582568));
#905 = ADVANCED_FACE('',(#906),#939,.T.);
#906 = FACE_BOUND('',#907,.T.);
#907 = EDGE_LOOP('',(#908,#909,#917,#925,#933));
#908 = ORIENTED_EDGE('',*,*,#548,.T.);
#909 = ORIENTED_EDGE('',*,*,#910,.T.);
#910 = EDGE_CURVE('',#541,#911,#913,.T.);
#911 = VERTEX_POINT('',#912);
#912 = CARTESIAN_POINT('',(-3.213774016353E+03,-1.1E+03,1.333486693E+03)
  );
#913 = LINE('',#914,#915);
#914 = CARTESIAN_POINT('',(-3.213774016353E+03,-1.1E+03,89.393434840787)
  );
#915 = VECTOR('',#916,1.);
#916 = DIRECTION('',(0.,0.,1.));
#917 = ORIENTED_EDGE('',*,*,#918,.F.);
#918 = EDGE_CURVE('',#919,#911,#921,.T.);
#919 = VERTEX_POINT('',#920);
#920 = CARTESIAN_POINT('',(-3.213774016353E+03,0.,1.527446371779E+03));
#921 = LINE('',#922,#923);
#922 = CARTESIAN_POINT('',(-3.213774016353E+03,0.,1.527446371779E+03));
#923 = VECTOR('',#924,1.);
#924 = DIRECTION('',(0.,-0.984807753012,-0.173648177667));
#925 = ORIENTED_EDGE('',*,*,#926,.F.);
#926 = EDGE_CURVE('',#927,#919,#929,.T.);
#927 = VERTEX_POINT('',#928);
#928 = CARTESIAN_POINT('',(-3.213774016353E+03,1.1E+03,1.333486693E+03)
  );
#929 = LINE('',#930,#931);
#930 = CARTESIAN_POINT('',(-3.213774016353E+03,1.1E+03,1.333486693E+03)
  );
#931 = VECTOR('',#932,1.);
#932 = DIRECTION('',(0.,-0.984807753012,0.173648177667));
#933 = ORIENTED_EDGE('',*,*,#934,.F.);
#934 = EDGE_CURVE('',#549,#927,#935,.T.);
#935 = LINE('',#936,#937);
#936 = CARTESIAN_POINT('',(-3.213774016353E+03,1.1E+03,89.393434840786)
  );
#937 = VECTOR('',#938,1.);
#938 = DIRECTION('',(0.,0.,1.));
#939 = PLANE('',#940);
#940 = AXIS2_PLACEMENT_3D('',#941,#942,#943);
#941 = CARTESIAN_POINT('',(-3.213774016353E+03,1.5136E-13,
    745.78766057516));
#942 = DIRECTION('',(-1.,0.,2.2E-16));
#943 = DIRECTION('',(-2.2E-16,0.,-1.));
#944 = ADVANCED_FACE('',(#945),#968,.T.);
#945 = FACE_BOUND('',#946,.T.);
#946 = EDGE_LOOP('',(#947,#953,#954,#962));
#947 = ORIENTED_EDGE('',*,*,#948,.F.);
#948 = EDGE_CURVE('',#927,#771,#949,.T.);
#949 = LINE('',#950,#951);
#950 = CARTESIAN_POINT('',(-3.213774016353E+03,1.1E+03,1.333486693E+03)
  );
#951 = VECTOR('',#952,1.);
#952 = DIRECTION('',(1.,0.,0.));
#953 = ORIENTED_EDGE('',*,*,#926,.T.);
#954 = ORIENTED_EDGE('',*,*,#955,.F.);
#955 = EDGE_CURVE('',#956,#919,#958,.T.);
#956 = VERTEX_POINT('',#957);
#957 = CARTESIAN_POINT('',(-3.163774016353E+03,0.,1.527446371779E+03));
#958 = LINE('',#959,#960);
#959 = CARTESIAN_POINT('',(-3.163774016353E+03,0.,1.527446371779E+03));
#960 = VECTOR('',#961,1.);
#961 = DIRECTION('',(-1.,-0.,-0.));
#962 = ORIENTED_EDGE('',*,*,#963,.F.);
#963 = EDGE_CURVE('',#771,#956,#964,.T.);
#964 = LINE('',#965,#966);
#965 = CARTESIAN_POINT('',(-3.163774016353E+03,1.1E+03,1.333486693E+03)
  );
#966 = VECTOR('',#967,1.);
#967 = DIRECTION('',(0.,-0.984807753012,0.173648177667));
#968 = PLANE('',#969);
#969 = AXIS2_PLACEMENT_3D('',#970,#971,#972);
#970 = CARTESIAN_POINT('',(-3.163774016353E+03,1.1E+03,1.333486693E+03)
  );
#971 = DIRECTION('',(0.,0.173648177667,0.984807753012));
#972 = DIRECTION('',(0.,-0.984807753012,0.173648177667));
#973 = ADVANCED_FACE('',(#974),#990,.T.);
#974 = FACE_BOUND('',#975,.T.);
#975 = EDGE_LOOP('',(#976,#977,#978,#984));
#976 = ORIENTED_EDGE('',*,*,#955,.T.);
#977 = ORIENTED_EDGE('',*,*,#918,.T.);
#978 = ORIENTED_EDGE('',*,*,#979,.T.);
#979 = EDGE_CURVE('',#911,#795,#980,.T.);
#980 = LINE('',#981,#982);
#981 = CARTESIAN_POINT('',(-3.213774016353E+03,-1.1E+03,1.333486693E+03)
  );
#982 = VECTOR('',#983,1.);
#983 = DIRECTION('',(1.,0.,0.));
#984 = ORIENTED_EDGE('',*,*,#985,.F.);
#985 = EDGE_CURVE('',#956,#795,#986,.T.);
#986 = LINE('',#987,#988);
#987 = CARTESIAN_POINT('',(-3.163774016353E+03,0.,1.527446371779E+03));
#988 = VECTOR('',#989,1.);
#989 = DIRECTION('',(0.,-0.984807753012,-0.173648177667));
#990 = PLANE('',#991);
#991 = AXIS2_PLACEMENT_3D('',#992,#993,#994);
#992 = CARTESIAN_POINT('',(-3.163774016353E+03,0.,1.527446371779E+03));
#993 = DIRECTION('',(0.,-0.173648177667,0.984807753012));
#994 = DIRECTION('',(0.,-0.984807753012,-0.173648177667));
#995 = ADVANCED_FACE('',(#996),#1004,.T.);
#996 = FACE_BOUND('',#997,.T.);
#997 = EDGE_LOOP('',(#998,#999,#1000,#1001,#1002,#1003));
#998 = ORIENTED_EDGE('',*,*,#934,.T.);
#999 = ORIENTED_EDGE('',*,*,#948,.T.);
#1000 = ORIENTED_EDGE('',*,*,#770,.T.);
#1001 = ORIENTED_EDGE('',*,*,#875,.T.);
#1002 = ORIENTED_EDGE('',*,*,#571,.T.);
#1003 = ORIENTED_EDGE('',*,*,#556,.T.);
#1004 = PLANE('',#1005);
#1005 = AXIS2_PLACEMENT_3D('',#1006,#1007,#1008);
#1006 = CARTESIAN_POINT('',(-1.336984481353E+03,1.1E+03,711.44006392039)
  );
#1007 = DIRECTION('',(0.,1.,-2.2E-16));
#1008 = DIRECTION('',(0.,2.2E-16,1.));
#1009 = ADVANCED_FACE('',(#1010),#1017,.F.);
#1010 = FACE_BOUND('',#1011,.T.);
#1011 = EDGE_LOOP('',(#1012,#1013,#1014,#1015,#1016));
#1012 = ORIENTED_EDGE('',*,*,#910,.F.);
#1013 = ORIENTED_EDGE('',*,*,#540,.F.);
#1014 = ORIENTED_EDGE('',*,*,#603,.F.);
#1015 = ORIENTED_EDGE('',*,*,#802,.F.);
#1016 = ORIENTED_EDGE('',*,*,#979,.F.);
#1017 = PLANE('',#1018);
#1018 = AXIS2_PLACEMENT_3D('',#1019,#1020,#1021);
#1019 = CARTESIAN_POINT('',(-1.336984481353E+03,-1.1E+03,711.44006392039
    ));
#1020 = DIRECTION('',(0.,1.,-2.2E-16));
#1021 = DIRECTION('',(0.,2.2E-16,1.));
#1022 = ADVANCED_FACE('',(#1023),#1032,.T.);
#1023 = FACE_BOUND('',#1024,.T.);
#1024 = EDGE_LOOP('',(#1025,#1026,#1027,#1028,#1029,#1030,#1031));
#1025 = ORIENTED_EDGE('',*,*,#722,.F.);
#1026 = ORIENTED_EDGE('',*,*,#778,.T.);
#1027 = ORIENTED_EDGE('',*,*,#963,.T.);
#1028 = ORIENTED_EDGE('',*,*,#985,.T.);
#1029 = ORIENTED_EDGE('',*,*,#794,.T.);
#1030 = ORIENTED_EDGE('',*,*,#651,.T.);
#1031 = ORIENTED_EDGE('',*,*,#700,.T.);
#1032 = PLANE('',#1033);
#1033 = AXIS2_PLACEMENT_3D('',#1034,#1035,#1036);
#1034 = CARTESIAN_POINT('',(-3.163774016353E+03,-3.413E-14,
    788.67000965416));
#1035 = DIRECTION('',(1.,0.,-2.3E-16));
#1036 = DIRECTION('',(2.3E-16,0.,1.));
#1037 = ( GEOMETRIC_REPRESENTATION_CONTEXT(3) 
GLOBAL_UNCERTAINTY_ASSIGNED_CONTEXT((#1041)) 
GLOBAL_UNIT_ASSIGNED_CONTEXT((#1038,#1039,#1040)) REPRESENTATION_CONTEXT
('Context #1','3D Context with UNIT and UNCERTAINTY') );
#1038 = ( LENGTH_UNIT() NAMED_UNIT(*) SI_UNIT(.MILLI.,.METRE.) );
#1039 = ( NAMED_UNIT(*) PLANE_ANGLE_UNIT() SI_UNIT($,.RADIAN.) );
#1040 = ( NAMED_UNIT(*) SI_UNIT($,.STERADIAN.) SOLID_ANGLE_UNIT() );
#1041 = UNCERTAINTY_MEASURE_WITH_UNIT(LENGTH_MEASURE(1.E-07),#1038,
  'distance_accuracy_value','confusion accuracy');
#1042 = CONTEXT_DEPENDENT_SHAPE_REPRESENTATION(#1043,#1045);
#1043 = ( REPRESENTATION_RELATIONSHIP('','',#523,#10) 
REPRESENTATION_RELATIONSHIP_WITH_TRANSFORMATION(#1044) 
SHAPE_REPRESENTATION_RELATIONSHIP() );
#1044 = ITEM_DEFINED_TRANSFORMATION('','',#11,#27);
#1045 = PRODUCT_DEFINITION_SHAPE('Placement','Placement of an item',
  #1046);
#1046 = NEXT_ASSEMBLY_USAGE_OCCURRENCE('4','Body003','',#5,#518,$);
#1047 = PRODUCT_RELATED_PRODUCT_CATEGORY('part',$,(#520));
#1048 = SHAPE_DEFINITION_REPRESENTATION(#1049,#1055);
#1049 = PRODUCT_DEFINITION_SHAPE('','',#1050);
#1050 = PRODUCT_DEFINITION('design','',#1051,#1054);
#1051 = PRODUCT_DEFINITION_FORMATION('','',#1052);
#1052 = PRODUCT('Body01','Body01','',(#1053));
#1053 = PRODUCT_CONTEXT('',#2,'mechanical');
#1054 = PRODUCT_DEFINITION_CONTEXT('part definition',#2,'design');
#1055 = ADVANCED_BREP_SHAPE_REPRESENTATION('',(#11,#1056),#1338);
#1056 = MANIFOLD_SOLID_BREP('',#1057);
#1057 = CLOSED_SHELL('',(#1058,#1098,#1129,#1160,#1191,#1222,#1253,#1284
    ,#1306,#1322));
#1058 = ADVANCED_FACE('',(#1059),#1093,.T.);
#1059 = FACE_BOUND('',#1060,.T.);
#1060 = EDGE_LOOP('',(#1061,#1071,#1079,#1087));
#1061 = ORIENTED_EDGE('',*,*,#1062,.T.);
#1062 = EDGE_CURVE('',#1063,#1065,#1067,.T.);
#1063 = VERTEX_POINT('',#1064);
#1064 = CARTESIAN_POINT('',(-1.573312297199E+03,-846.564,-214.9958134533
    ));
#1065 = VERTEX_POINT('',#1066);
#1066 = CARTESIAN_POINT('',(-1.573312297199E+03,-1.096564E+03,
    -214.9958134533));
#1067 = LINE('',#1068,#1069);
#1068 = CARTESIAN_POINT('',(-1.573312297199E+03,-846.564,-214.9958134533
    ));
#1069 = VECTOR('',#1070,1.);
#1070 = DIRECTION('',(0.,-1.,-3.3E-16));
#1071 = ORIENTED_EDGE('',*,*,#1072,.T.);
#1072 = EDGE_CURVE('',#1065,#1073,#1075,.T.);
#1073 = VERTEX_POINT('',#1074);
#1074 = CARTESIAN_POINT('',(-1.263460666917E+03,-1.096564E+03,
    94.85581682878));
#1075 = LINE('',#1076,#1077);
#1076 = CARTESIAN_POINT('',(-1.573312297199E+03,-1.096564E+03,
    -214.9958134533));
#1077 = VECTOR('',#1078,1.);
#1078 = DIRECTION('',(0.707106781187,0.,0.707106781187));
#1079 = ORIENTED_EDGE('',*,*,#1080,.F.);
#1080 = EDGE_CURVE('',#1081,#1073,#1083,.T.);
#1081 = VERTEX_POINT('',#1082);
#1082 = CARTESIAN_POINT('',(-1.263460666917E+03,-846.564,94.85581682878)
  );
#1083 = LINE('',#1084,#1085);
#1084 = CARTESIAN_POINT('',(-1.263460666917E+03,-846.564,94.85581682878)
  );
#1085 = VECTOR('',#1086,1.);
#1086 = DIRECTION('',(0.,-1.,-3.3E-16));
#1087 = ORIENTED_EDGE('',*,*,#1088,.F.);
#1088 = EDGE_CURVE('',#1063,#1081,#1089,.T.);
#1089 = LINE('',#1090,#1091);
#1090 = CARTESIAN_POINT('',(-1.573312297199E+03,-846.564,-214.9958134533
    ));
#1091 = VECTOR('',#1092,1.);
#1092 = DIRECTION('',(0.707106781187,0.,0.707106781187));
#1093 = PLANE('',#1094);
#1094 = AXIS2_PLACEMENT_3D('',#1095,#1096,#1097);
#1095 = CARTESIAN_POINT('',(-1.573312297199E+03,-846.564,-214.9958134533
    ));
#1096 = DIRECTION('',(-0.707106781187,-2.4E-16,0.707106781187));
#1097 = DIRECTION('',(0.707106781187,-1.6E-16,0.707106781187));
#1098 = ADVANCED_FACE('',(#1099),#1124,.T.);
#1099 = FACE_BOUND('',#1100,.T.);
#1100 = EDGE_LOOP('',(#1101,#1102,#1110,#1118));
#1101 = ORIENTED_EDGE('',*,*,#1080,.T.);
#1102 = ORIENTED_EDGE('',*,*,#1103,.T.);
#1103 = EDGE_CURVE('',#1073,#1104,#1106,.T.);
#1104 = VERTEX_POINT('',#1105);
#1105 = CARTESIAN_POINT('',(-796.8629260677,-1.096564E+03,94.85581682878
    ));
#1106 = LINE('',#1107,#1108);
#1107 = CARTESIAN_POINT('',(-1.263460666917E+03,-1.096564E+03,
    94.85581682878));
#1108 = VECTOR('',#1109,1.);
#1109 = DIRECTION('',(1.,0.,0.));
#1110 = ORIENTED_EDGE('',*,*,#1111,.F.);
#1111 = EDGE_CURVE('',#1112,#1104,#1114,.T.);
#1112 = VERTEX_POINT('',#1113);
#1113 = CARTESIAN_POINT('',(-796.8629260677,-846.564,94.85581682878));
#1114 = LINE('',#1115,#1116);
#1115 = CARTESIAN_POINT('',(-796.8629260677,-846.564,94.85581682878));
#1116 = VECTOR('',#1117,1.);
#1117 = DIRECTION('',(0.,-1.,-3.3E-16));
#1118 = ORIENTED_EDGE('',*,*,#1119,.F.);
#1119 = EDGE_CURVE('',#1081,#1112,#1120,.T.);
#1120 = LINE('',#1121,#1122);
#1121 = CARTESIAN_POINT('',(-1.263460666917E+03,-846.564,94.85581682878)
  );
#1122 = VECTOR('',#1123,1.);
#1123 = DIRECTION('',(1.,0.,0.));
#1124 = PLANE('',#1125);
#1125 = AXIS2_PLACEMENT_3D('',#1126,#1127,#1128);
#1126 = CARTESIAN_POINT('',(-1.263460666917E+03,-846.564,94.85581682878)
  );
#1127 = DIRECTION('',(0.,-3.3E-16,1.));
#1128 = DIRECTION('',(1.,0.,0.));
#1129 = ADVANCED_FACE('',(#1130),#1155,.T.);
#1130 = FACE_BOUND('',#1131,.T.);
#1131 = EDGE_LOOP('',(#1132,#1133,#1141,#1149));
#1132 = ORIENTED_EDGE('',*,*,#1111,.T.);
#1133 = ORIENTED_EDGE('',*,*,#1134,.T.);
#1134 = EDGE_CURVE('',#1104,#1135,#1137,.T.);
#1135 = VERTEX_POINT('',#1136);
#1136 = CARTESIAN_POINT('',(-487.0112957856,-1.096564E+03,
    -214.9958134533));
#1137 = LINE('',#1138,#1139);
#1138 = CARTESIAN_POINT('',(-796.8629260677,-1.096564E+03,94.85581682878
    ));
#1139 = VECTOR('',#1140,1.);
#1140 = DIRECTION('',(0.707106781187,0.,-0.707106781187));
#1141 = ORIENTED_EDGE('',*,*,#1142,.F.);
#1142 = EDGE_CURVE('',#1143,#1135,#1145,.T.);
#1143 = VERTEX_POINT('',#1144);
#1144 = CARTESIAN_POINT('',(-487.0112957856,-846.564,-214.9958134533));
#1145 = LINE('',#1146,#1147);
#1146 = CARTESIAN_POINT('',(-487.0112957856,-846.564,-214.9958134533));
#1147 = VECTOR('',#1148,1.);
#1148 = DIRECTION('',(0.,-1.,-3.3E-16));
#1149 = ORIENTED_EDGE('',*,*,#1150,.F.);
#1150 = EDGE_CURVE('',#1112,#1143,#1151,.T.);
#1151 = LINE('',#1152,#1153);
#1152 = CARTESIAN_POINT('',(-796.8629260677,-846.564,94.85581682878));
#1153 = VECTOR('',#1154,1.);
#1154 = DIRECTION('',(0.707106781187,0.,-0.707106781187));
#1155 = PLANE('',#1156);
#1156 = AXIS2_PLACEMENT_3D('',#1157,#1158,#1159);
#1157 = CARTESIAN_POINT('',(-796.8629260677,-846.564,94.85581682878));
#1158 = DIRECTION('',(0.707106781187,-2.4E-16,0.707106781187));
#1159 = DIRECTION('',(0.707106781187,1.6E-16,-0.707106781187));
#1160 = ADVANCED_FACE('',(#1161),#1186,.T.);
#1161 = FACE_BOUND('',#1162,.T.);
#1162 = EDGE_LOOP('',(#1163,#1164,#1172,#1180));
#1163 = ORIENTED_EDGE('',*,*,#1142,.T.);
#1164 = ORIENTED_EDGE('',*,*,#1165,.T.);
#1165 = EDGE_CURVE('',#1135,#1166,#1168,.T.);
#1166 = VERTEX_POINT('',#1167);
#1167 = CARTESIAN_POINT('',(-522.366634845,-1.096564E+03,-250.3511525126
    ));
#1168 = LINE('',#1169,#1170);
#1169 = CARTESIAN_POINT('',(-487.0112957856,-1.096564E+03,
    -214.9958134533));
#1170 = VECTOR('',#1171,1.);
#1171 = DIRECTION('',(-0.707106781186,-0.,-0.707106781187));
#1172 = ORIENTED_EDGE('',*,*,#1173,.F.);
#1173 = EDGE_CURVE('',#1174,#1166,#1176,.T.);
#1174 = VERTEX_POINT('',#1175);
#1175 = CARTESIAN_POINT('',(-522.366634845,-846.564,-250.3511525126));
#1176 = LINE('',#1177,#1178);
#1177 = CARTESIAN_POINT('',(-522.366634845,-846.564,-250.3511525126));
#1178 = VECTOR('',#1179,1.);
#1179 = DIRECTION('',(0.,-1.,-3.3E-16));
#1180 = ORIENTED_EDGE('',*,*,#1181,.F.);
#1181 = EDGE_CURVE('',#1143,#1174,#1182,.T.);
#1182 = LINE('',#1183,#1184);
#1183 = CARTESIAN_POINT('',(-487.0112957856,-846.564,-214.9958134533));
#1184 = VECTOR('',#1185,1.);
#1185 = DIRECTION('',(-0.707106781186,-0.,-0.707106781187));
#1186 = PLANE('',#1187);
#1187 = AXIS2_PLACEMENT_3D('',#1188,#1189,#1190);
#1188 = CARTESIAN_POINT('',(-487.0112957856,-846.564,-214.9958134533));
#1189 = DIRECTION('',(0.707106781187,2.4E-16,-0.707106781186));
#1190 = DIRECTION('',(-0.707106781186,1.6E-16,-0.707106781187));
#1191 = ADVANCED_FACE('',(#1192),#1217,.T.);
#1192 = FACE_BOUND('',#1193,.T.);
#1193 = EDGE_LOOP('',(#1194,#1195,#1203,#1211));
#1194 = ORIENTED_EDGE('',*,*,#1173,.T.);
#1195 = ORIENTED_EDGE('',*,*,#1196,.T.);
#1196 = EDGE_CURVE('',#1166,#1197,#1199,.T.);
#1197 = VERTEX_POINT('',#1198);
#1198 = CARTESIAN_POINT('',(-817.5736041865,-1.096564E+03,
    44.855816828788));
#1199 = LINE('',#1200,#1201);
#1200 = CARTESIAN_POINT('',(-522.366634845,-1.096564E+03,-250.3511525126
    ));
#1201 = VECTOR('',#1202,1.);
#1202 = DIRECTION('',(-0.707106781187,0.,0.707106781187));
#1203 = ORIENTED_EDGE('',*,*,#1204,.F.);
#1204 = EDGE_CURVE('',#1205,#1197,#1207,.T.);
#1205 = VERTEX_POINT('',#1206);
#1206 = CARTESIAN_POINT('',(-817.5736041865,-846.564,44.855816828788));
#1207 = LINE('',#1208,#1209);
#1208 = CARTESIAN_POINT('',(-817.5736041865,-846.564,44.855816828788));
#1209 = VECTOR('',#1210,1.);
#1210 = DIRECTION('',(0.,-1.,-3.3E-16));
#1211 = ORIENTED_EDGE('',*,*,#1212,.F.);
#1212 = EDGE_CURVE('',#1174,#1205,#1213,.T.);
#1213 = LINE('',#1214,#1215);
#1214 = CARTESIAN_POINT('',(-522.366634845,-846.564,-250.3511525126));
#1215 = VECTOR('',#1216,1.);
#1216 = DIRECTION('',(-0.707106781187,0.,0.707106781187));
#1217 = PLANE('',#1218);
#1218 = AXIS2_PLACEMENT_3D('',#1219,#1220,#1221);
#1219 = CARTESIAN_POINT('',(-522.366634845,-846.564,-250.3511525126));
#1220 = DIRECTION('',(-0.707106781187,2.4E-16,-0.707106781187));
#1221 = DIRECTION('',(-0.707106781187,-1.6E-16,0.707106781187));
#1222 = ADVANCED_FACE('',(#1223),#1248,.T.);
#1223 = FACE_BOUND('',#1224,.T.);
#1224 = EDGE_LOOP('',(#1225,#1226,#1234,#1242));
#1225 = ORIENTED_EDGE('',*,*,#1204,.T.);
#1226 = ORIENTED_EDGE('',*,*,#1227,.T.);
#1227 = EDGE_CURVE('',#1197,#1228,#1230,.T.);
#1228 = VERTEX_POINT('',#1229);
#1229 = CARTESIAN_POINT('',(-1.242749988798E+03,-1.096564E+03,
    44.855816828788));
#1230 = LINE('',#1231,#1232);
#1231 = CARTESIAN_POINT('',(-817.5736041865,-1.096564E+03,
    44.855816828788));
#1232 = VECTOR('',#1233,1.);
#1233 = DIRECTION('',(-1.,0.,0.));
#1234 = ORIENTED_EDGE('',*,*,#1235,.F.);
#1235 = EDGE_CURVE('',#1236,#1228,#1238,.T.);
#1236 = VERTEX_POINT('',#1237);
#1237 = CARTESIAN_POINT('',(-1.242749988798E+03,-846.564,44.855816828788
    ));
#1238 = LINE('',#1239,#1240);
#1239 = CARTESIAN_POINT('',(-1.242749988798E+03,-846.564,44.855816828788
    ));
#1240 = VECTOR('',#1241,1.);
#1241 = DIRECTION('',(0.,-1.,-3.3E-16));
#1242 = ORIENTED_EDGE('',*,*,#1243,.F.);
#1243 = EDGE_CURVE('',#1205,#1236,#1244,.T.);
#1244 = LINE('',#1245,#1246);
#1245 = CARTESIAN_POINT('',(-817.5736041865,-846.564,44.855816828788));
#1246 = VECTOR('',#1247,1.);
#1247 = DIRECTION('',(-1.,0.,0.));
#1248 = PLANE('',#1249);
#1249 = AXIS2_PLACEMENT_3D('',#1250,#1251,#1252);
#1250 = CARTESIAN_POINT('',(-817.5736041865,-846.564,44.855816828788));
#1251 = DIRECTION('',(0.,3.3E-16,-1.));
#1252 = DIRECTION('',(-1.,0.,0.));
#1253 = ADVANCED_FACE('',(#1254),#1279,.T.);
#1254 = FACE_BOUND('',#1255,.T.);
#1255 = EDGE_LOOP('',(#1256,#1257,#1265,#1273));
#1256 = ORIENTED_EDGE('',*,*,#1235,.T.);
#1257 = ORIENTED_EDGE('',*,*,#1258,.T.);
#1258 = EDGE_CURVE('',#1228,#1259,#1261,.T.);
#1259 = VERTEX_POINT('',#1260);
#1260 = CARTESIAN_POINT('',(-1.53795695814E+03,-1.096564E+03,
    -250.3511525126));
#1261 = LINE('',#1262,#1263);
#1262 = CARTESIAN_POINT('',(-1.242749988798E+03,-1.096564E+03,
    44.855816828788));
#1263 = VECTOR('',#1264,1.);
#1264 = DIRECTION('',(-0.707106781187,-0.,-0.707106781187));
#1265 = ORIENTED_EDGE('',*,*,#1266,.F.);
#1266 = EDGE_CURVE('',#1267,#1259,#1269,.T.);
#1267 = VERTEX_POINT('',#1268);
#1268 = CARTESIAN_POINT('',(-1.53795695814E+03,-846.564,-250.3511525126)
  );
#1269 = LINE('',#1270,#1271);
#1270 = CARTESIAN_POINT('',(-1.53795695814E+03,-846.564,-250.3511525126)
  );
#1271 = VECTOR('',#1272,1.);
#1272 = DIRECTION('',(0.,-1.,-3.3E-16));
#1273 = ORIENTED_EDGE('',*,*,#1274,.F.);
#1274 = EDGE_CURVE('',#1236,#1267,#1275,.T.);
#1275 = LINE('',#1276,#1277);
#1276 = CARTESIAN_POINT('',(-1.242749988798E+03,-846.564,44.855816828788
    ));
#1277 = VECTOR('',#1278,1.);
#1278 = DIRECTION('',(-0.707106781187,-0.,-0.707106781187));
#1279 = PLANE('',#1280);
#1280 = AXIS2_PLACEMENT_3D('',#1281,#1282,#1283);
#1281 = CARTESIAN_POINT('',(-1.242749988798E+03,-846.564,44.855816828788
    ));
#1282 = DIRECTION('',(0.707106781187,2.4E-16,-0.707106781187));
#1283 = DIRECTION('',(-0.707106781187,1.6E-16,-0.707106781187));
#1284 = ADVANCED_FACE('',(#1285),#1301,.T.);
#1285 = FACE_BOUND('',#1286,.T.);
#1286 = EDGE_LOOP('',(#1287,#1288,#1294,#1295));
#1287 = ORIENTED_EDGE('',*,*,#1266,.T.);
#1288 = ORIENTED_EDGE('',*,*,#1289,.T.);
#1289 = EDGE_CURVE('',#1259,#1065,#1290,.T.);
#1290 = LINE('',#1291,#1292);
#1291 = CARTESIAN_POINT('',(-1.53795695814E+03,-1.096564E+03,
    -250.3511525126));
#1292 = VECTOR('',#1293,1.);
#1293 = DIRECTION('',(-0.707106781187,0.,0.707106781187));
#1294 = ORIENTED_EDGE('',*,*,#1062,.F.);
#1295 = ORIENTED_EDGE('',*,*,#1296,.F.);
#1296 = EDGE_CURVE('',#1267,#1063,#1297,.T.);
#1297 = LINE('',#1298,#1299);
#1298 = CARTESIAN_POINT('',(-1.53795695814E+03,-846.564,-250.3511525126)
  );
#1299 = VECTOR('',#1300,1.);
#1300 = DIRECTION('',(-0.707106781187,0.,0.707106781187));
#1301 = PLANE('',#1302);
#1302 = AXIS2_PLACEMENT_3D('',#1303,#1304,#1305);
#1303 = CARTESIAN_POINT('',(-1.53795695814E+03,-846.564,-250.3511525126)
  );
#1304 = DIRECTION('',(-0.707106781187,2.4E-16,-0.707106781187));
#1305 = DIRECTION('',(-0.707106781187,-1.6E-16,0.707106781187));
#1306 = ADVANCED_FACE('',(#1307),#1317,.T.);
#1307 = FACE_BOUND('',#1308,.T.);
#1308 = EDGE_LOOP('',(#1309,#1310,#1311,#1312,#1313,#1314,#1315,#1316));
#1309 = ORIENTED_EDGE('',*,*,#1088,.T.);
#1310 = ORIENTED_EDGE('',*,*,#1119,.T.);
#1311 = ORIENTED_EDGE('',*,*,#1150,.T.);
#1312 = ORIENTED_EDGE('',*,*,#1181,.T.);
#1313 = ORIENTED_EDGE('',*,*,#1212,.T.);
#1314 = ORIENTED_EDGE('',*,*,#1243,.T.);
#1315 = ORIENTED_EDGE('',*,*,#1274,.T.);
#1316 = ORIENTED_EDGE('',*,*,#1296,.T.);
#1317 = PLANE('',#1318);
#1318 = AXIS2_PLACEMENT_3D('',#1319,#1320,#1321);
#1319 = CARTESIAN_POINT('',(-1.030161796492E+03,-846.564,-36.3919524596)
  );
#1320 = DIRECTION('',(0.,1.,2.1E-16));
#1321 = DIRECTION('',(0.,-2.1E-16,1.));
#1322 = ADVANCED_FACE('',(#1323),#1333,.F.);
#1323 = FACE_BOUND('',#1324,.F.);
#1324 = EDGE_LOOP('',(#1325,#1326,#1327,#1328,#1329,#1330,#1331,#1332));
#1325 = ORIENTED_EDGE('',*,*,#1072,.T.);
#1326 = ORIENTED_EDGE('',*,*,#1103,.T.);
#1327 = ORIENTED_EDGE('',*,*,#1134,.T.);
#1328 = ORIENTED_EDGE('',*,*,#1165,.T.);
#1329 = ORIENTED_EDGE('',*,*,#1196,.T.);
#1330 = ORIENTED_EDGE('',*,*,#1227,.T.);
#1331 = ORIENTED_EDGE('',*,*,#1258,.T.);
#1332 = ORIENTED_EDGE('',*,*,#1289,.T.);
#1333 = PLANE('',#1334);
#1334 = AXIS2_PLACEMENT_3D('',#1335,#1336,#1337);
#1335 = CARTESIAN_POINT('',(-1.030161796492E+03,-1.096564E+03,
    -36.3919524596));
#1336 = DIRECTION('',(0.,1.,2.1E-16));
#1337 = DIRECTION('',(0.,-2.1E-16,1.));
#1338 = ( GEOMETRIC_REPRESENTATION_CONTEXT(3) 
GLOBAL_UNCERTAINTY_ASSIGNED_CONTEXT((#1342)) 
GLOBAL_UNIT_ASSIGNED_CONTEXT((#1339,#1340,#1341)) REPRESENTATION_CONTEXT
('Context #1','3D Context with UNIT and UNCERTAINTY') );
#1339 = ( LENGTH_UNIT() NAMED_UNIT(*) SI_UNIT(.MILLI.,.METRE.) );
#1340 = ( NAMED_UNIT(*) PLANE_ANGLE_UNIT() SI_UNIT($,.RADIAN.) );
#1341 = ( NAMED_UNIT(*) SI_UNIT($,.STERADIAN.) SOLID_ANGLE_UNIT() );
#1342 = UNCERTAINTY_MEASURE_WITH_UNIT(LENGTH_MEASURE(1.E-07),#1339,
  'distance_accuracy_value','confusion accuracy');
#1343 = CONTEXT_DEPENDENT_SHAPE_REPRESENTATION(#1344,#1346);
#1344 = ( REPRESENTATION_RELATIONSHIP('','',#1055,#10) 
REPRESENTATION_RELATIONSHIP_WITH_TRANSFORMATION(#1345) 
SHAPE_REPRESENTATION_RELATIONSHIP() );
#1345 = ITEM_DEFINED_TRANSFORMATION('','',#11,#31);
#1346 = PRODUCT_DEFINITION_SHAPE('Placement','Placement of an item',
  #1347);
#1347 = NEXT_ASSEMBLY_USAGE_OCCURRENCE('5','Body01','',#5,#1050,$);
#1348 = PRODUCT_RELATED_PRODUCT_CATEGORY('part',$,(#1052));
#1349 = SHAPE_DEFINITION_REPRESENTATION(#1350,#1356);
#1350 = PRODUCT_DEFINITION_SHAPE('','',#1351);
#1351 = PRODUCT_DEFINITION('design','',#1352,#1355);
#1352 = PRODUCT_DEFINITION_FORMATION('','',#1353);
#1353 = PRODUCT('Body001','Body001','',(#1354));
#1354 = PRODUCT_CONTEXT('',#2,'mechanical');
#1355 = PRODUCT_DEFINITION_CONTEXT('part definition',#2,'design');
#1356 = ADVANCED_BREP_SHAPE_REPRESENTATION('',(#11,#1357),#1639);
#1357 = MANIFOLD_SOLID_BREP('',#1358);
#1358 = CLOSED_SHELL('',(#1359,#1399,#1430,#1461,#1492,#1523,#1554,#1585
    ,#1607,#1623));
#1359 = ADVANCED_FACE('',(#1360),#1394,.T.);
#1360 = FACE_BOUND('',#1361,.T.);
#1361 = EDGE_LOOP('',(#1362,#1372,#1380,#1388));
#1362 = ORIENTED_EDGE('',*,*,#1363,.T.);
#1363 = EDGE_CURVE('',#1364,#1366,#1368,.T.);
#1364 = VERTEX_POINT('',#1365);
#1365 = CARTESIAN_POINT('',(-1.573312297199E+03,1.098116E+03,
    -214.9958134533));
#1366 = VERTEX_POINT('',#1367);
#1367 = CARTESIAN_POINT('',(-1.573312297199E+03,848.116,-214.9958134533)
  );
#1368 = LINE('',#1369,#1370);
#1369 = CARTESIAN_POINT('',(-1.573312297199E+03,1.098116E+03,
    -214.9958134533));
#1370 = VECTOR('',#1371,1.);
#1371 = DIRECTION('',(0.,-1.,-3.3E-16));
#1372 = ORIENTED_EDGE('',*,*,#1373,.T.);
#1373 = EDGE_CURVE('',#1366,#1374,#1376,.T.);
#1374 = VERTEX_POINT('',#1375);
#1375 = CARTESIAN_POINT('',(-1.263460666917E+03,848.116,94.85581682878)
  );
#1376 = LINE('',#1377,#1378);
#1377 = CARTESIAN_POINT('',(-1.573312297199E+03,848.116,-214.9958134533)
  );
#1378 = VECTOR('',#1379,1.);
#1379 = DIRECTION('',(0.707106781187,0.,0.707106781187));
#1380 = ORIENTED_EDGE('',*,*,#1381,.F.);
#1381 = EDGE_CURVE('',#1382,#1374,#1384,.T.);
#1382 = VERTEX_POINT('',#1383);
#1383 = CARTESIAN_POINT('',(-1.263460666917E+03,1.098116E+03,
    94.85581682878));
#1384 = LINE('',#1385,#1386);
#1385 = CARTESIAN_POINT('',(-1.263460666917E+03,1.098116E+03,
    94.85581682878));
#1386 = VECTOR('',#1387,1.);
#1387 = DIRECTION('',(0.,-1.,-3.3E-16));
#1388 = ORIENTED_EDGE('',*,*,#1389,.F.);
#1389 = EDGE_CURVE('',#1364,#1382,#1390,.T.);
#1390 = LINE('',#1391,#1392);
#1391 = CARTESIAN_POINT('',(-1.573312297199E+03,1.098116E+03,
    -214.9958134533));
#1392 = VECTOR('',#1393,1.);
#1393 = DIRECTION('',(0.707106781187,0.,0.707106781187));
#1394 = PLANE('',#1395);
#1395 = AXIS2_PLACEMENT_3D('',#1396,#1397,#1398);
#1396 = CARTESIAN_POINT('',(-1.573312297199E+03,1.098116E+03,
    -214.9958134533));
#1397 = DIRECTION('',(-0.707106781187,-2.4E-16,0.707106781187));
#1398 = DIRECTION('',(0.707106781187,-1.6E-16,0.707106781187));
#1399 = ADVANCED_FACE('',(#1400),#1425,.T.);
#1400 = FACE_BOUND('',#1401,.T.);
#1401 = EDGE_LOOP('',(#1402,#1403,#1411,#1419));
#1402 = ORIENTED_EDGE('',*,*,#1381,.T.);
#1403 = ORIENTED_EDGE('',*,*,#1404,.T.);
#1404 = EDGE_CURVE('',#1374,#1405,#1407,.T.);
#1405 = VERTEX_POINT('',#1406);
#1406 = CARTESIAN_POINT('',(-796.8629260677,848.116,94.85581682878));
#1407 = LINE('',#1408,#1409);
#1408 = CARTESIAN_POINT('',(-1.263460666917E+03,848.116,94.85581682878)
  );
#1409 = VECTOR('',#1410,1.);
#1410 = DIRECTION('',(1.,0.,0.));
#1411 = ORIENTED_EDGE('',*,*,#1412,.F.);
#1412 = EDGE_CURVE('',#1413,#1405,#1415,.T.);
#1413 = VERTEX_POINT('',#1414);
#1414 = CARTESIAN_POINT('',(-796.8629260677,1.098116E+03,94.85581682878)
  );
#1415 = LINE('',#1416,#1417);
#1416 = CARTESIAN_POINT('',(-796.8629260677,1.098116E+03,94.85581682878)
  );
#1417 = VECTOR('',#1418,1.);
#1418 = DIRECTION('',(0.,-1.,-3.3E-16));
#1419 = ORIENTED_EDGE('',*,*,#1420,.F.);
#1420 = EDGE_CURVE('',#1382,#1413,#1421,.T.);
#1421 = LINE('',#1422,#1423);
#1422 = CARTESIAN_POINT('',(-1.263460666917E+03,1.098116E+03,
    94.85581682878));
#1423 = VECTOR('',#1424,1.);
#1424 = DIRECTION('',(1.,0.,0.));
#1425 = PLANE('',#1426);
#1426 = AXIS2_PLACEMENT_3D('',#1427,#1428,#1429);
#1427 = CARTESIAN_POINT('',(-1.263460666917E+03,1.098116E+03,
    94.85581682878));
#1428 = DIRECTION('',(0.,-3.3E-16,1.));
#1429 = DIRECTION('',(1.,0.,0.));
#1430 = ADVANCED_FACE('',(#1431),#1456,.T.);
#1431 = FACE_BOUND('',#1432,.T.);
#1432 = EDGE_LOOP('',(#1433,#1434,#1442,#1450));
#1433 = ORIENTED_EDGE('',*,*,#1412,.T.);
#1434 = ORIENTED_EDGE('',*,*,#1435,.T.);
#1435 = EDGE_CURVE('',#1405,#1436,#1438,.T.);
#1436 = VERTEX_POINT('',#1437);
#1437 = CARTESIAN_POINT('',(-487.0112957856,848.116,-214.9958134533));
#1438 = LINE('',#1439,#1440);
#1439 = CARTESIAN_POINT('',(-796.8629260677,848.116,94.85581682878));
#1440 = VECTOR('',#1441,1.);
#1441 = DIRECTION('',(0.707106781187,0.,-0.707106781187));
#1442 = ORIENTED_EDGE('',*,*,#1443,.F.);
#1443 = EDGE_CURVE('',#1444,#1436,#1446,.T.);
#1444 = VERTEX_POINT('',#1445);
#1445 = CARTESIAN_POINT('',(-487.0112957856,1.098116E+03,-214.9958134533
    ));
#1446 = LINE('',#1447,#1448);
#1447 = CARTESIAN_POINT('',(-487.0112957856,1.098116E+03,-214.9958134533
    ));
#1448 = VECTOR('',#1449,1.);
#1449 = DIRECTION('',(0.,-1.,-3.3E-16));
#1450 = ORIENTED_EDGE('',*,*,#1451,.F.);
#1451 = EDGE_CURVE('',#1413,#1444,#1452,.T.);
#1452 = LINE('',#1453,#1454);
#1453 = CARTESIAN_POINT('',(-796.8629260677,1.098116E+03,94.85581682878)
  );
#1454 = VECTOR('',#1455,1.);
#1455 = DIRECTION('',(0.707106781187,0.,-0.707106781187));
#1456 = PLANE('',#1457);
#1457 = AXIS2_PLACEMENT_3D('',#1458,#1459,#1460);
#1458 = CARTESIAN_POINT('',(-796.8629260677,1.098116E+03,94.85581682878)
  );
#1459 = DIRECTION('',(0.707106781187,-2.4E-16,0.707106781187));
#1460 = DIRECTION('',(0.707106781187,1.6E-16,-0.707106781187));
#1461 = ADVANCED_FACE('',(#1462),#1487,.T.);
#1462 = FACE_BOUND('',#1463,.T.);
#1463 = EDGE_LOOP('',(#1464,#1465,#1473,#1481));
#1464 = ORIENTED_EDGE('',*,*,#1443,.T.);
#1465 = ORIENTED_EDGE('',*,*,#1466,.T.);
#1466 = EDGE_CURVE('',#1436,#1467,#1469,.T.);
#1467 = VERTEX_POINT('',#1468);
#1468 = CARTESIAN_POINT('',(-522.366634845,848.116,-250.3511525126));
#1469 = LINE('',#1470,#1471);
#1470 = CARTESIAN_POINT('',(-487.0112957856,848.116,-214.9958134533));
#1471 = VECTOR('',#1472,1.);
#1472 = DIRECTION('',(-0.707106781186,-0.,-0.707106781187));
#1473 = ORIENTED_EDGE('',*,*,#1474,.F.);
#1474 = EDGE_CURVE('',#1475,#1467,#1477,.T.);
#1475 = VERTEX_POINT('',#1476);
#1476 = CARTESIAN_POINT('',(-522.366634845,1.098116E+03,-250.3511525126)
  );
#1477 = LINE('',#1478,#1479);
#1478 = CARTESIAN_POINT('',(-522.366634845,1.098116E+03,-250.3511525126)
  );
#1479 = VECTOR('',#1480,1.);
#1480 = DIRECTION('',(0.,-1.,-3.3E-16));
#1481 = ORIENTED_EDGE('',*,*,#1482,.F.);
#1482 = EDGE_CURVE('',#1444,#1475,#1483,.T.);
#1483 = LINE('',#1484,#1485);
#1484 = CARTESIAN_POINT('',(-487.0112957856,1.098116E+03,-214.9958134533
    ));
#1485 = VECTOR('',#1486,1.);
#1486 = DIRECTION('',(-0.707106781186,-0.,-0.707106781187));
#1487 = PLANE('',#1488);
#1488 = AXIS2_PLACEMENT_3D('',#1489,#1490,#1491);
#1489 = CARTESIAN_POINT('',(-487.0112957856,1.098116E+03,-214.9958134533
    ));
#1490 = DIRECTION('',(0.707106781187,2.4E-16,-0.707106781186));
#1491 = DIRECTION('',(-0.707106781186,1.6E-16,-0.707106781187));
#1492 = ADVANCED_FACE('',(#1493),#1518,.T.);
#1493 = FACE_BOUND('',#1494,.T.);
#1494 = EDGE_LOOP('',(#1495,#1496,#1504,#1512));
#1495 = ORIENTED_EDGE('',*,*,#1474,.T.);
#1496 = ORIENTED_EDGE('',*,*,#1497,.T.);
#1497 = EDGE_CURVE('',#1467,#1498,#1500,.T.);
#1498 = VERTEX_POINT('',#1499);
#1499 = CARTESIAN_POINT('',(-817.5736041865,848.116,44.855816828788));
#1500 = LINE('',#1501,#1502);
#1501 = CARTESIAN_POINT('',(-522.366634845,848.116,-250.3511525126));
#1502 = VECTOR('',#1503,1.);
#1503 = DIRECTION('',(-0.707106781187,0.,0.707106781187));
#1504 = ORIENTED_EDGE('',*,*,#1505,.F.);
#1505 = EDGE_CURVE('',#1506,#1498,#1508,.T.);
#1506 = VERTEX_POINT('',#1507);
#1507 = CARTESIAN_POINT('',(-817.5736041865,1.098116E+03,44.855816828788
    ));
#1508 = LINE('',#1509,#1510);
#1509 = CARTESIAN_POINT('',(-817.5736041865,1.098116E+03,44.855816828788
    ));
#1510 = VECTOR('',#1511,1.);
#1511 = DIRECTION('',(0.,-1.,-3.3E-16));
#1512 = ORIENTED_EDGE('',*,*,#1513,.F.);
#1513 = EDGE_CURVE('',#1475,#1506,#1514,.T.);
#1514 = LINE('',#1515,#1516);
#1515 = CARTESIAN_POINT('',(-522.366634845,1.098116E+03,-250.3511525126)
  );
#1516 = VECTOR('',#1517,1.);
#1517 = DIRECTION('',(-0.707106781187,0.,0.707106781187));
#1518 = PLANE('',#1519);
#1519 = AXIS2_PLACEMENT_3D('',#1520,#1521,#1522);
#1520 = CARTESIAN_POINT('',(-522.366634845,1.098116E+03,-250.3511525126)
  );
#1521 = DIRECTION('',(-0.707106781187,2.4E-16,-0.707106781187));
#1522 = DIRECTION('',(-0.707106781187,-1.6E-16,0.707106781187));
#1523 = ADVANCED_FACE('',(#1524),#1549,.T.);
#1524 = FACE_BOUND('',#1525,.T.);
#1525 = EDGE_LOOP('',(#1526,#1527,#1535,#1543));
#1526 = ORIENTED_EDGE('',*,*,#1505,.T.);
#1527 = ORIENTED_EDGE('',*,*,#1528,.T.);
#1528 = EDGE_CURVE('',#1498,#1529,#1531,.T.);
#1529 = VERTEX_POINT('',#1530);
#1530 = CARTESIAN_POINT('',(-1.242749988798E+03,848.116,44.855816828788)
  );
#1531 = LINE('',#1532,#1533);
#1532 = CARTESIAN_POINT('',(-817.5736041865,848.116,44.855816828788));
#1533 = VECTOR('',#1534,1.);
#1534 = DIRECTION('',(-1.,0.,0.));
#1535 = ORIENTED_EDGE('',*,*,#1536,.F.);
#1536 = EDGE_CURVE('',#1537,#1529,#1539,.T.);
#1537 = VERTEX_POINT('',#1538);
#1538 = CARTESIAN_POINT('',(-1.242749988798E+03,1.098116E+03,
    44.855816828788));
#1539 = LINE('',#1540,#1541);
#1540 = CARTESIAN_POINT('',(-1.242749988798E+03,1.098116E+03,
    44.855816828788));
#1541 = VECTOR('',#1542,1.);
#1542 = DIRECTION('',(0.,-1.,-3.3E-16));
#1543 = ORIENTED_EDGE('',*,*,#1544,.F.);
#1544 = EDGE_CURVE('',#1506,#1537,#1545,.T.);
#1545 = LINE('',#1546,#1547);
#1546 = CARTESIAN_POINT('',(-817.5736041865,1.098116E+03,44.855816828788
    ));
#1547 = VECTOR('',#1548,1.);
#1548 = DIRECTION('',(-1.,0.,0.));
#1549 = PLANE('',#1550);
#1550 = AXIS2_PLACEMENT_3D('',#1551,#1552,#1553);
#1551 = CARTESIAN_POINT('',(-817.5736041865,1.098116E+03,44.855816828788
    ));
#1552 = DIRECTION('',(0.,3.3E-16,-1.));
#1553 = DIRECTION('',(-1.,0.,0.));
#1554 = ADVANCED_FACE('',(#1555),#1580,.T.);
#1555 = FACE_BOUND('',#1556,.T.);
#1556 = EDGE_LOOP('',(#1557,#1558,#1566,#1574));
#1557 = ORIENTED_EDGE('',*,*,#1536,.T.);
#1558 = ORIENTED_EDGE('',*,*,#1559,.T.);
#1559 = EDGE_CURVE('',#1529,#1560,#1562,.T.);
#1560 = VERTEX_POINT('',#1561);
#1561 = CARTESIAN_POINT('',(-1.53795695814E+03,848.116,-250.3511525126)
  );
#1562 = LINE('',#1563,#1564);
#1563 = CARTESIAN_POINT('',(-1.242749988798E+03,848.116,44.855816828788)
  );
#1564 = VECTOR('',#1565,1.);
#1565 = DIRECTION('',(-0.707106781187,-0.,-0.707106781187));
#1566 = ORIENTED_EDGE('',*,*,#1567,.F.);
#1567 = EDGE_CURVE('',#1568,#1560,#1570,.T.);
#1568 = VERTEX_POINT('',#1569);
#1569 = CARTESIAN_POINT('',(-1.53795695814E+03,1.098116E+03,
    -250.3511525126));
#1570 = LINE('',#1571,#1572);
#1571 = CARTESIAN_POINT('',(-1.53795695814E+03,1.098116E+03,
    -250.3511525126));
#1572 = VECTOR('',#1573,1.);
#1573 = DIRECTION('',(0.,-1.,-3.3E-16));
#1574 = ORIENTED_EDGE('',*,*,#1575,.F.);
#1575 = EDGE_CURVE('',#1537,#1568,#1576,.T.);
#1576 = LINE('',#1577,#1578);
#1577 = CARTESIAN_POINT('',(-1.242749988798E+03,1.098116E+03,
    44.855816828788));
#1578 = VECTOR('',#1579,1.);
#1579 = DIRECTION('',(-0.707106781187,-0.,-0.707106781187));
#1580 = PLANE('',#1581);
#1581 = AXIS2_PLACEMENT_3D('',#1582,#1583,#1584);
#1582 = CARTESIAN_POINT('',(-1.242749988798E+03,1.098116E+03,
    44.855816828788));
#1583 = DIRECTION('',(0.707106781187,2.4E-16,-0.707106781187));
#1584 = DIRECTION('',(-0.707106781187,1.6E-16,-0.707106781187));
#1585 = ADVANCED_FACE('',(#1586),#1602,.T.);
#1586 = FACE_BOUND('',#1587,.T.);
#1587 = EDGE_LOOP('',(#1588,#1589,#1595,#1596));
#1588 = ORIENTED_EDGE('',*,*,#1567,.T.);
#1589 = ORIENTED_EDGE('',*,*,#1590,.T.);
#1590 = EDGE_CURVE('',#1560,#1366,#1591,.T.);
#1591 = LINE('',#1592,#1593);
#1592 = CARTESIAN_POINT('',(-1.53795695814E+03,848.116,-250.3511525126)
  );
#1593 = VECTOR('',#1594,1.);
#1594 = DIRECTION('',(-0.707106781187,0.,0.707106781187));
#1595 = ORIENTED_EDGE('',*,*,#1363,.F.);
#1596 = ORIENTED_EDGE('',*,*,#1597,.F.);
#1597 = EDGE_CURVE('',#1568,#1364,#1598,.T.);
#1598 = LINE('',#1599,#1600);
#1599 = CARTESIAN_POINT('',(-1.53795695814E+03,1.098116E+03,
    -250.3511525126));
#1600 = VECTOR('',#1601,1.);
#1601 = DIRECTION('',(-0.707106781187,0.,0.707106781187));
#1602 = PLANE('',#1603);
#1603 = AXIS2_PLACEMENT_3D('',#1604,#1605,#1606);
#1604 = CARTESIAN_POINT('',(-1.53795695814E+03,1.098116E+03,
    -250.3511525126));
#1605 = DIRECTION('',(-0.707106781187,2.4E-16,-0.707106781187));
#1606 = DIRECTION('',(-0.707106781187,-1.6E-16,0.707106781187));
#1607 = ADVANCED_FACE('',(#1608),#1618,.T.);
#1608 = FACE_BOUND('',#1609,.T.);
#1609 = EDGE_LOOP('',(#1610,#1611,#1612,#1613,#1614,#1615,#1616,#1617));
#1610 = ORIENTED_EDGE('',*,*,#1389,.T.);
#1611 = ORIENTED_EDGE('',*,*,#1420,.T.);
#1612 = ORIENTED_EDGE('',*,*,#1451,.T.);
#1613 = ORIENTED_EDGE('',*,*,#1482,.T.);
#1614 = ORIENTED_EDGE('',*,*,#1513,.T.);
#1615 = ORIENTED_EDGE('',*,*,#1544,.T.);
#1616 = ORIENTED_EDGE('',*,*,#1575,.T.);
#1617 = ORIENTED_EDGE('',*,*,#1597,.T.);
#1618 = PLANE('',#1619);
#1619 = AXIS2_PLACEMENT_3D('',#1620,#1621,#1622);
#1620 = CARTESIAN_POINT('',(-1.030161796492E+03,1.098116E+03,
    -36.3919524596));
#1621 = DIRECTION('',(0.,1.,2.1E-16));
#1622 = DIRECTION('',(0.,-2.1E-16,1.));
#1623 = ADVANCED_FACE('',(#1624),#1634,.F.);
#1624 = FACE_BOUND('',#1625,.F.);
#1625 = EDGE_LOOP('',(#1626,#1627,#1628,#1629,#1630,#1631,#1632,#1633));
#1626 = ORIENTED_EDGE('',*,*,#1373,.T.);
#1627 = ORIENTED_EDGE('',*,*,#1404,.T.);
#1628 = ORIENTED_EDGE('',*,*,#1435,.T.);
#1629 = ORIENTED_EDGE('',*,*,#1466,.T.);
#1630 = ORIENTED_EDGE('',*,*,#1497,.T.);
#1631 = ORIENTED_EDGE('',*,*,#1528,.T.);
#1632 = ORIENTED_EDGE('',*,*,#1559,.T.);
#1633 = ORIENTED_EDGE('',*,*,#1590,.T.);
#1634 = PLANE('',#1635);
#1635 = AXIS2_PLACEMENT_3D('',#1636,#1637,#1638);
#1636 = CARTESIAN_POINT('',(-1.030161796492E+03,848.116,-36.3919524596)
  );
#1637 = DIRECTION('',(0.,1.,2.1E-16));
#1638 = DIRECTION('',(0.,-2.1E-16,1.));
#1639 = ( GEOMETRIC_REPRESENTATION_CONTEXT(3) 
GLOBAL_UNCERTAINTY_ASSIGNED_CONTEXT((#1643)) 
GLOBAL_UNIT_ASSIGNED_CONTEXT((#1640,#1641,#1642)) REPRESENTATION_CONTEXT
('Context #1','3D Context with UNIT and UNCERTAINTY') );
#1640 = ( LENGTH_UNIT() NAMED_UNIT(*) SI_UNIT(.MILLI.,.METRE.) );
#1641 = ( NAMED_UNIT(*) PLANE_ANGLE_UNIT() SI_UNIT($,.RADIAN.) );
#1642 = ( NAMED_UNIT(*) SI_UNIT($,.STERADIAN.) SOLID_ANGLE_UNIT() );
#1643 = UNCERTAINTY_MEASURE_WITH_UNIT(LENGTH_MEASURE(1.E-07),#1640,
  'distance_accuracy_value','confusion accuracy');
#1644 = CONTEXT_DEPENDENT_SHAPE_REPRESENTATION(#1645,#1647);
#1645 = ( REPRESENTATION_RELATIONSHIP('','',#1356,#10) 
REPRESENTATION_RELATIONSHIP_WITH_TRANSFORMATION(#1646) 
SHAPE_REPRESENTATION_RELATIONSHIP() );
#1646 = ITEM_DEFINED_TRANSFORMATION('','',#11,#35);
#1647 = PRODUCT_DEFINITION_SHAPE('Placement','Placement of an item',
  #1648);
#1648 = NEXT_ASSEMBLY_USAGE_OCCURRENCE('6','Body001','',#5,#1351,$);
#1649 = PRODUCT_RELATED_PRODUCT_CATEGORY('part',$,(#1353));
#1650 = SHAPE_DEFINITION_REPRESENTATION(#1651,#1657);
#1651 = PRODUCT_DEFINITION_SHAPE('','',#1652);
#1652 = PRODUCT_DEFINITION('design','',#1653,#1656);
#1653 = PRODUCT_DEFINITION_FORMATION('','',#1654);
#1654 = PRODUCT('Body006','Body006','',(#1655));
#1655 = PRODUCT_CONTEXT('',#2,'mechanical');
#1656 = PRODUCT_DEFINITION_CONTEXT('part definition',#2,'design');
#1657 = ADVANCED_BREP_SHAPE_REPRESENTATION('',(#11,#1658),#1849);
#1658 = MANIFOLD_SOLID_BREP('',#1659);
#1659 = CLOSED_SHELL('',(#1660,#1700,#1731,#1764,#1786,#1819,#1834));
#1660 = ADVANCED_FACE('',(#1661),#1695,.F.);
#1661 = FACE_BOUND('',#1662,.F.);
#1662 = EDGE_LOOP('',(#1663,#1673,#1681,#1689));
#1663 = ORIENTED_EDGE('',*,*,#1664,.T.);
#1664 = EDGE_CURVE('',#1665,#1667,#1669,.T.);
#1665 = VERTEX_POINT('',#1666);
#1666 = CARTESIAN_POINT('',(540.10205098519,50.,1.393916506066E+03));
#1667 = VERTEX_POINT('',#1668);
#1668 = CARTESIAN_POINT('',(540.10205098519,0.,1.393916506066E+03));
#1669 = LINE('',#1670,#1671);
#1670 = CARTESIAN_POINT('',(540.10205098519,50.,1.393916506066E+03));
#1671 = VECTOR('',#1672,1.);
#1672 = DIRECTION('',(0.,-1.,-3.3E-16));
#1673 = ORIENTED_EDGE('',*,*,#1674,.T.);
#1674 = EDGE_CURVE('',#1667,#1675,#1677,.T.);
#1675 = VERTEX_POINT('',#1676);
#1676 = CARTESIAN_POINT('',(540.10205098519,0.,1.345916506066E+03));
#1677 = LINE('',#1678,#1679);
#1678 = CARTESIAN_POINT('',(540.10205098519,0.,1.393916506066E+03));
#1679 = VECTOR('',#1680,1.);
#1680 = DIRECTION('',(0.,0.,-1.));
#1681 = ORIENTED_EDGE('',*,*,#1682,.F.);
#1682 = EDGE_CURVE('',#1683,#1675,#1685,.T.);
#1683 = VERTEX_POINT('',#1684);
#1684 = CARTESIAN_POINT('',(540.10205098519,50.,1.345916506066E+03));
#1685 = LINE('',#1686,#1687);
#1686 = CARTESIAN_POINT('',(540.10205098519,50.,1.345916506066E+03));
#1687 = VECTOR('',#1688,1.);
#1688 = DIRECTION('',(0.,-1.,-3.3E-16));
#1689 = ORIENTED_EDGE('',*,*,#1690,.F.);
#1690 = EDGE_CURVE('',#1665,#1683,#1691,.T.);
#1691 = LINE('',#1692,#1693);
#1692 = CARTESIAN_POINT('',(540.10205098519,50.,1.393916506066E+03));
#1693 = VECTOR('',#1694,1.);
#1694 = DIRECTION('',(0.,0.,-1.));
#1695 = PLANE('',#1696);
#1696 = AXIS2_PLACEMENT_3D('',#1697,#1698,#1699);
#1697 = CARTESIAN_POINT('',(540.10205098519,50.,1.393916506066E+03));
#1698 = DIRECTION('',(1.,0.,0.));
#1699 = DIRECTION('',(0.,2.2E-16,-1.));
#1700 = ADVANCED_FACE('',(#1701),#1726,.F.);
#1701 = FACE_BOUND('',#1702,.F.);
#1702 = EDGE_LOOP('',(#1703,#1704,#1712,#1720));
#1703 = ORIENTED_EDGE('',*,*,#1682,.T.);
#1704 = ORIENTED_EDGE('',*,*,#1705,.T.);
#1705 = EDGE_CURVE('',#1675,#1706,#1708,.T.);
#1706 = VERTEX_POINT('',#1707);
#1707 = CARTESIAN_POINT('',(565.2274711275,0.,1.345916506066E+03));
#1708 = LINE('',#1709,#1710);
#1709 = CARTESIAN_POINT('',(540.10205098519,0.,1.345916506066E+03));
#1710 = VECTOR('',#1711,1.);
#1711 = DIRECTION('',(1.,0.,0.));
#1712 = ORIENTED_EDGE('',*,*,#1713,.F.);
#1713 = EDGE_CURVE('',#1714,#1706,#1716,.T.);
#1714 = VERTEX_POINT('',#1715);
#1715 = CARTESIAN_POINT('',(565.2274711275,50.,1.345916506066E+03));
#1716 = LINE('',#1717,#1718);
#1717 = CARTESIAN_POINT('',(565.2274711275,50.,1.345916506066E+03));
#1718 = VECTOR('',#1719,1.);
#1719 = DIRECTION('',(0.,-1.,-3.3E-16));
#1720 = ORIENTED_EDGE('',*,*,#1721,.F.);
#1721 = EDGE_CURVE('',#1683,#1714,#1722,.T.);
#1722 = LINE('',#1723,#1724);
#1723 = CARTESIAN_POINT('',(540.10205098519,50.,1.345916506066E+03));
#1724 = VECTOR('',#1725,1.);
#1725 = DIRECTION('',(1.,0.,0.));
#1726 = PLANE('',#1727);
#1727 = AXIS2_PLACEMENT_3D('',#1728,#1729,#1730);
#1728 = CARTESIAN_POINT('',(540.10205098519,50.,1.345916506066E+03));
#1729 = DIRECTION('',(0.,-3.3E-16,1.));
#1730 = DIRECTION('',(1.,0.,0.));
#1731 = ADVANCED_FACE('',(#1732),#1759,.T.);
#1732 = FACE_BOUND('',#1733,.T.);
#1733 = EDGE_LOOP('',(#1734,#1743,#1751,#1758));
#1734 = ORIENTED_EDGE('',*,*,#1735,.T.);
#1735 = EDGE_CURVE('',#1714,#1736,#1738,.T.);
#1736 = VERTEX_POINT('',#1737);
#1737 = CARTESIAN_POINT('',(565.2274711275,50.,1.393916506066E+03));
#1738 = CIRCLE('',#1739,24.);
#1739 = AXIS2_PLACEMENT_3D('',#1740,#1741,#1742);
#1740 = CARTESIAN_POINT('',(565.2274711275,50.,1.369916506066E+03));
#1741 = DIRECTION('',(0.,-1.,0.));
#1742 = DIRECTION('',(1.,0.,0.));
#1743 = ORIENTED_EDGE('',*,*,#1744,.T.);
#1744 = EDGE_CURVE('',#1736,#1745,#1747,.T.);
#1745 = VERTEX_POINT('',#1746);
#1746 = CARTESIAN_POINT('',(565.2274711275,0.,1.393916506066E+03));
#1747 = LINE('',#1748,#1749);
#1748 = CARTESIAN_POINT('',(565.2274711275,50.,1.393916506066E+03));
#1749 = VECTOR('',#1750,1.);
#1750 = DIRECTION('',(0.,-1.,-3.3E-16));
#1751 = ORIENTED_EDGE('',*,*,#1752,.F.);
#1752 = EDGE_CURVE('',#1706,#1745,#1753,.T.);
#1753 = CIRCLE('',#1754,24.);
#1754 = AXIS2_PLACEMENT_3D('',#1755,#1756,#1757);
#1755 = CARTESIAN_POINT('',(565.2274711275,0.,1.369916506066E+03));
#1756 = DIRECTION('',(0.,-1.,0.));
#1757 = DIRECTION('',(1.,0.,0.));
#1758 = ORIENTED_EDGE('',*,*,#1713,.F.);
#1759 = CYLINDRICAL_SURFACE('',#1760,24.);
#1760 = AXIS2_PLACEMENT_3D('',#1761,#1762,#1763);
#1761 = CARTESIAN_POINT('',(565.2274711275,50.,1.369916506066E+03));
#1762 = DIRECTION('',(0.,1.,2.2E-16));
#1763 = DIRECTION('',(1.,0.,-0.));
#1764 = ADVANCED_FACE('',(#1765),#1781,.T.);
#1765 = FACE_BOUND('',#1766,.T.);
#1766 = EDGE_LOOP('',(#1767,#1768,#1774,#1775));
#1767 = ORIENTED_EDGE('',*,*,#1664,.T.);
#1768 = ORIENTED_EDGE('',*,*,#1769,.T.);
#1769 = EDGE_CURVE('',#1667,#1745,#1770,.T.);
#1770 = LINE('',#1771,#1772);
#1771 = CARTESIAN_POINT('',(540.10205098519,0.,1.393916506066E+03));
#1772 = VECTOR('',#1773,1.);
#1773 = DIRECTION('',(1.,0.,0.));
#1774 = ORIENTED_EDGE('',*,*,#1744,.F.);
#1775 = ORIENTED_EDGE('',*,*,#1776,.F.);
#1776 = EDGE_CURVE('',#1665,#1736,#1777,.T.);
#1777 = LINE('',#1778,#1779);
#1778 = CARTESIAN_POINT('',(540.10205098519,50.,1.393916506066E+03));
#1779 = VECTOR('',#1780,1.);
#1780 = DIRECTION('',(1.,0.,0.));
#1781 = PLANE('',#1782);
#1782 = AXIS2_PLACEMENT_3D('',#1783,#1784,#1785);
#1783 = CARTESIAN_POINT('',(540.10205098519,50.,1.393916506066E+03));
#1784 = DIRECTION('',(0.,-3.3E-16,1.));
#1785 = DIRECTION('',(1.,0.,0.));
#1786 = ADVANCED_FACE('',(#1787),#1814,.F.);
#1787 = FACE_BOUND('',#1788,.F.);
#1788 = EDGE_LOOP('',(#1789,#1798,#1806,#1813));
#1789 = ORIENTED_EDGE('',*,*,#1790,.T.);
#1790 = EDGE_CURVE('',#1791,#1791,#1793,.T.);
#1791 = VERTEX_POINT('',#1792);
#1792 = CARTESIAN_POINT('',(577.2274711275,50.,1.369916506066E+03));
#1793 = CIRCLE('',#1794,12.);
#1794 = AXIS2_PLACEMENT_3D('',#1795,#1796,#1797);
#1795 = CARTESIAN_POINT('',(565.2274711275,50.,1.369916506066E+03));
#1796 = DIRECTION('',(0.,-1.,0.));
#1797 = DIRECTION('',(1.,0.,0.));
#1798 = ORIENTED_EDGE('',*,*,#1799,.T.);
#1799 = EDGE_CURVE('',#1791,#1800,#1802,.T.);
#1800 = VERTEX_POINT('',#1801);
#1801 = CARTESIAN_POINT('',(577.2274711275,0.,1.369916506066E+03));
#1802 = LINE('',#1803,#1804);
#1803 = CARTESIAN_POINT('',(577.2274711275,50.,1.369916506066E+03));
#1804 = VECTOR('',#1805,1.);
#1805 = DIRECTION('',(0.,-1.,-3.3E-16));
#1806 = ORIENTED_EDGE('',*,*,#1807,.F.);
#1807 = EDGE_CURVE('',#1800,#1800,#1808,.T.);
#1808 = CIRCLE('',#1809,12.);
#1809 = AXIS2_PLACEMENT_3D('',#1810,#1811,#1812);
#1810 = CARTESIAN_POINT('',(565.2274711275,0.,1.369916506066E+03));
#1811 = DIRECTION('',(0.,-1.,0.));
#1812 = DIRECTION('',(1.,0.,0.));
#1813 = ORIENTED_EDGE('',*,*,#1799,.F.);
#1814 = CYLINDRICAL_SURFACE('',#1815,12.);
#1815 = AXIS2_PLACEMENT_3D('',#1816,#1817,#1818);
#1816 = CARTESIAN_POINT('',(565.2274711275,50.,1.369916506066E+03));
#1817 = DIRECTION('',(0.,1.,2.2E-16));
#1818 = DIRECTION('',(1.,0.,-0.));
#1819 = ADVANCED_FACE('',(#1820,#1826),#1829,.T.);
#1820 = FACE_BOUND('',#1821,.F.);
#1821 = EDGE_LOOP('',(#1822,#1823,#1824,#1825));
#1822 = ORIENTED_EDGE('',*,*,#1690,.T.);
#1823 = ORIENTED_EDGE('',*,*,#1721,.T.);
#1824 = ORIENTED_EDGE('',*,*,#1735,.T.);
#1825 = ORIENTED_EDGE('',*,*,#1776,.F.);
#1826 = FACE_BOUND('',#1827,.T.);
#1827 = EDGE_LOOP('',(#1828));
#1828 = ORIENTED_EDGE('',*,*,#1790,.T.);
#1829 = PLANE('',#1830);
#1830 = AXIS2_PLACEMENT_3D('',#1831,#1832,#1833);
#1831 = CARTESIAN_POINT('',(561.61771711302,50.,1.369916506066E+03));
#1832 = DIRECTION('',(1.E-17,1.,2.1E-16));
#1833 = DIRECTION('',(0.,-2.1E-16,1.));
#1834 = ADVANCED_FACE('',(#1835,#1841),#1844,.F.);
#1835 = FACE_BOUND('',#1836,.T.);
#1836 = EDGE_LOOP('',(#1837,#1838,#1839,#1840));
#1837 = ORIENTED_EDGE('',*,*,#1674,.T.);
#1838 = ORIENTED_EDGE('',*,*,#1705,.T.);
#1839 = ORIENTED_EDGE('',*,*,#1752,.T.);
#1840 = ORIENTED_EDGE('',*,*,#1769,.F.);
#1841 = FACE_BOUND('',#1842,.F.);
#1842 = EDGE_LOOP('',(#1843));
#1843 = ORIENTED_EDGE('',*,*,#1807,.T.);
#1844 = PLANE('',#1845);
#1845 = AXIS2_PLACEMENT_3D('',#1846,#1847,#1848);
#1846 = CARTESIAN_POINT('',(561.61771711302,0.,1.369916506066E+03));
#1847 = DIRECTION('',(1.E-17,1.,2.1E-16));
#1848 = DIRECTION('',(0.,-2.1E-16,1.));
#1849 = ( GEOMETRIC_REPRESENTATION_CONTEXT(3) 
GLOBAL_UNCERTAINTY_ASSIGNED_CONTEXT((#1853)) 
GLOBAL_UNIT_ASSIGNED_CONTEXT((#1850,#1851,#1852)) REPRESENTATION_CONTEXT
('Context #1','3D Context with UNIT and UNCERTAINTY') );
#1850 = ( LENGTH_UNIT() NAMED_UNIT(*) SI_UNIT(.MILLI.,.METRE.) );
#1851 = ( NAMED_UNIT(*) PLANE_ANGLE_UNIT() SI_UNIT($,.RADIAN.) );
#1852 = ( NAMED_UNIT(*) SI_UNIT($,.STERADIAN.) SOLID_ANGLE_UNIT() );
#1853 = UNCERTAINTY_MEASURE_WITH_UNIT(LENGTH_MEASURE(1.E-07),#1850,
  'distance_accuracy_value','confusion accuracy');
#1854 = CONTEXT_DEPENDENT_SHAPE_REPRESENTATION(#1855,#1857);
#1855 = ( REPRESENTATION_RELATIONSHIP('','',#1657,#10) 
REPRESENTATION_RELATIONSHIP_WITH_TRANSFORMATION(#1856) 
SHAPE_REPRESENTATION_RELATIONSHIP() );
#1856 = ITEM_DEFINED_TRANSFORMATION('','',#11,#39);
#1857 = PRODUCT_DEFINITION_SHAPE('Placement','Placement of an item',
  #1858);
#1858 = NEXT_ASSEMBLY_USAGE_OCCURRENCE('7','Body006','',#5,#1652,$);
#1859 = PRODUCT_RELATED_PRODUCT_CATEGORY('part',$,(#1654));
#1860 = SHAPE_DEFINITION_REPRESENTATION(#1861,#1867);
#1861 = PRODUCT_DEFINITION_SHAPE('','',#1862);
#1862 = PRODUCT_DEFINITION('design','',#1863,#1866);
#1863 = PRODUCT_DEFINITION_FORMATION('','',#1864);
#1864 = PRODUCT('Body007','Body007','',(#1865));
#1865 = PRODUCT_CONTEXT('',#2,'mechanical');
#1866 = PRODUCT_DEFINITION_CONTEXT('part definition',#2,'design');
#1867 = ADVANCED_BREP_SHAPE_REPRESENTATION('',(#11,#1868),#2059);
#1868 = MANIFOLD_SOLID_BREP('',#1869);
#1869 = CLOSED_SHELL('',(#1870,#1910,#1941,#1974,#1996,#2029,#2044));
#1870 = ADVANCED_FACE('',(#1871),#1905,.F.);
#1871 = FACE_BOUND('',#1872,.F.);
#1872 = EDGE_LOOP('',(#1873,#1883,#1891,#1899));
#1873 = ORIENTED_EDGE('',*,*,#1874,.T.);
#1874 = EDGE_CURVE('',#1875,#1877,#1879,.T.);
#1875 = VERTEX_POINT('',#1876);
#1876 = CARTESIAN_POINT('',(540.10205098519,-901.,1.393916506066E+03));
#1877 = VERTEX_POINT('',#1878);
#1878 = CARTESIAN_POINT('',(540.10205098519,-951.,1.393916506066E+03));
#1879 = LINE('',#1880,#1881);
#1880 = CARTESIAN_POINT('',(540.10205098519,-901.,1.393916506066E+03));
#1881 = VECTOR('',#1882,1.);
#1882 = DIRECTION('',(0.,-1.,-3.3E-16));
#1883 = ORIENTED_EDGE('',*,*,#1884,.T.);
#1884 = EDGE_CURVE('',#1877,#1885,#1887,.T.);
#1885 = VERTEX_POINT('',#1886);
#1886 = CARTESIAN_POINT('',(540.10205098519,-951.,1.345916506066E+03));
#1887 = LINE('',#1888,#1889);
#1888 = CARTESIAN_POINT('',(540.10205098519,-951.,1.393916506066E+03));
#1889 = VECTOR('',#1890,1.);
#1890 = DIRECTION('',(0.,0.,-1.));
#1891 = ORIENTED_EDGE('',*,*,#1892,.F.);
#1892 = EDGE_CURVE('',#1893,#1885,#1895,.T.);
#1893 = VERTEX_POINT('',#1894);
#1894 = CARTESIAN_POINT('',(540.10205098519,-901.,1.345916506066E+03));
#1895 = LINE('',#1896,#1897);
#1896 = CARTESIAN_POINT('',(540.10205098519,-901.,1.345916506066E+03));
#1897 = VECTOR('',#1898,1.);
#1898 = DIRECTION('',(0.,-1.,-3.3E-16));
#1899 = ORIENTED_EDGE('',*,*,#1900,.F.);
#1900 = EDGE_CURVE('',#1875,#1893,#1901,.T.);
#1901 = LINE('',#1902,#1903);
#1902 = CARTESIAN_POINT('',(540.10205098519,-901.,1.393916506066E+03));
#1903 = VECTOR('',#1904,1.);
#1904 = DIRECTION('',(0.,0.,-1.));
#1905 = PLANE('',#1906);
#1906 = AXIS2_PLACEMENT_3D('',#1907,#1908,#1909);
#1907 = CARTESIAN_POINT('',(540.10205098519,-901.,1.393916506066E+03));
#1908 = DIRECTION('',(1.,0.,0.));
#1909 = DIRECTION('',(0.,2.2E-16,-1.));
#1910 = ADVANCED_FACE('',(#1911),#1936,.F.);
#1911 = FACE_BOUND('',#1912,.F.);
#1912 = EDGE_LOOP('',(#1913,#1914,#1922,#1930));
#1913 = ORIENTED_EDGE('',*,*,#1892,.T.);
#1914 = ORIENTED_EDGE('',*,*,#1915,.T.);
#1915 = EDGE_CURVE('',#1885,#1916,#1918,.T.);
#1916 = VERTEX_POINT('',#1917);
#1917 = CARTESIAN_POINT('',(565.2274711275,-951.,1.345916506066E+03));
#1918 = LINE('',#1919,#1920);
#1919 = CARTESIAN_POINT('',(540.10205098519,-951.,1.345916506066E+03));
#1920 = VECTOR('',#1921,1.);
#1921 = DIRECTION('',(1.,0.,0.));
#1922 = ORIENTED_EDGE('',*,*,#1923,.F.);
#1923 = EDGE_CURVE('',#1924,#1916,#1926,.T.);
#1924 = VERTEX_POINT('',#1925);
#1925 = CARTESIAN_POINT('',(565.2274711275,-901.,1.345916506066E+03));
#1926 = LINE('',#1927,#1928);
#1927 = CARTESIAN_POINT('',(565.2274711275,-901.,1.345916506066E+03));
#1928 = VECTOR('',#1929,1.);
#1929 = DIRECTION('',(0.,-1.,-3.3E-16));
#1930 = ORIENTED_EDGE('',*,*,#1931,.F.);
#1931 = EDGE_CURVE('',#1893,#1924,#1932,.T.);
#1932 = LINE('',#1933,#1934);
#1933 = CARTESIAN_POINT('',(540.10205098519,-901.,1.345916506066E+03));
#1934 = VECTOR('',#1935,1.);
#1935 = DIRECTION('',(1.,0.,0.));
#1936 = PLANE('',#1937);
#1937 = AXIS2_PLACEMENT_3D('',#1938,#1939,#1940);
#1938 = CARTESIAN_POINT('',(540.10205098519,-901.,1.345916506066E+03));
#1939 = DIRECTION('',(0.,-3.3E-16,1.));
#1940 = DIRECTION('',(1.,0.,0.));
#1941 = ADVANCED_FACE('',(#1942),#1969,.T.);
#1942 = FACE_BOUND('',#1943,.T.);
#1943 = EDGE_LOOP('',(#1944,#1953,#1961,#1968));
#1944 = ORIENTED_EDGE('',*,*,#1945,.T.);
#1945 = EDGE_CURVE('',#1924,#1946,#1948,.T.);
#1946 = VERTEX_POINT('',#1947);
#1947 = CARTESIAN_POINT('',(565.2274711275,-901.,1.393916506066E+03));
#1948 = CIRCLE('',#1949,24.);
#1949 = AXIS2_PLACEMENT_3D('',#1950,#1951,#1952);
#1950 = CARTESIAN_POINT('',(565.2274711275,-901.,1.369916506066E+03));
#1951 = DIRECTION('',(0.,-1.,0.));
#1952 = DIRECTION('',(1.,0.,0.));
#1953 = ORIENTED_EDGE('',*,*,#1954,.T.);
#1954 = EDGE_CURVE('',#1946,#1955,#1957,.T.);
#1955 = VERTEX_POINT('',#1956);
#1956 = CARTESIAN_POINT('',(565.2274711275,-951.,1.393916506066E+03));
#1957 = LINE('',#1958,#1959);
#1958 = CARTESIAN_POINT('',(565.2274711275,-901.,1.393916506066E+03));
#1959 = VECTOR('',#1960,1.);
#1960 = DIRECTION('',(0.,-1.,-3.3E-16));
#1961 = ORIENTED_EDGE('',*,*,#1962,.F.);
#1962 = EDGE_CURVE('',#1916,#1955,#1963,.T.);
#1963 = CIRCLE('',#1964,24.);
#1964 = AXIS2_PLACEMENT_3D('',#1965,#1966,#1967);
#1965 = CARTESIAN_POINT('',(565.2274711275,-951.,1.369916506066E+03));
#1966 = DIRECTION('',(0.,-1.,0.));
#1967 = DIRECTION('',(1.,0.,0.));
#1968 = ORIENTED_EDGE('',*,*,#1923,.F.);
#1969 = CYLINDRICAL_SURFACE('',#1970,24.);
#1970 = AXIS2_PLACEMENT_3D('',#1971,#1972,#1973);
#1971 = CARTESIAN_POINT('',(565.2274711275,-901.,1.369916506066E+03));
#1972 = DIRECTION('',(0.,1.,2.2E-16));
#1973 = DIRECTION('',(1.,0.,-0.));
#1974 = ADVANCED_FACE('',(#1975),#1991,.T.);
#1975 = FACE_BOUND('',#1976,.T.);
#1976 = EDGE_LOOP('',(#1977,#1978,#1984,#1985));
#1977 = ORIENTED_EDGE('',*,*,#1874,.T.);
#1978 = ORIENTED_EDGE('',*,*,#1979,.T.);
#1979 = EDGE_CURVE('',#1877,#1955,#1980,.T.);
#1980 = LINE('',#1981,#1982);
#1981 = CARTESIAN_POINT('',(540.10205098519,-951.,1.393916506066E+03));
#1982 = VECTOR('',#1983,1.);
#1983 = DIRECTION('',(1.,0.,0.));
#1984 = ORIENTED_EDGE('',*,*,#1954,.F.);
#1985 = ORIENTED_EDGE('',*,*,#1986,.F.);
#1986 = EDGE_CURVE('',#1875,#1946,#1987,.T.);
#1987 = LINE('',#1988,#1989);
#1988 = CARTESIAN_POINT('',(540.10205098519,-901.,1.393916506066E+03));
#1989 = VECTOR('',#1990,1.);
#1990 = DIRECTION('',(1.,0.,0.));
#1991 = PLANE('',#1992);
#1992 = AXIS2_PLACEMENT_3D('',#1993,#1994,#1995);
#1993 = CARTESIAN_POINT('',(540.10205098519,-901.,1.393916506066E+03));
#1994 = DIRECTION('',(0.,-3.3E-16,1.));
#1995 = DIRECTION('',(1.,0.,0.));
#1996 = ADVANCED_FACE('',(#1997),#2024,.F.);
#1997 = FACE_BOUND('',#1998,.F.);
#1998 = EDGE_LOOP('',(#1999,#2008,#2016,#2023));
#1999 = ORIENTED_EDGE('',*,*,#2000,.T.);
#2000 = EDGE_CURVE('',#2001,#2001,#2003,.T.);
#2001 = VERTEX_POINT('',#2002);
#2002 = CARTESIAN_POINT('',(577.2274711275,-901.,1.369916506066E+03));
#2003 = CIRCLE('',#2004,12.);
#2004 = AXIS2_PLACEMENT_3D('',#2005,#2006,#2007);
#2005 = CARTESIAN_POINT('',(565.2274711275,-901.,1.369916506066E+03));
#2006 = DIRECTION('',(0.,-1.,0.));
#2007 = DIRECTION('',(1.,0.,0.));
#2008 = ORIENTED_EDGE('',*,*,#2009,.T.);
#2009 = EDGE_CURVE('',#2001,#2010,#2012,.T.);
#2010 = VERTEX_POINT('',#2011);
#2011 = CARTESIAN_POINT('',(577.2274711275,-951.,1.369916506066E+03));
#2012 = LINE('',#2013,#2014);
#2013 = CARTESIAN_POINT('',(577.2274711275,-901.,1.369916506066E+03));
#2014 = VECTOR('',#2015,1.);
#2015 = DIRECTION('',(0.,-1.,-3.3E-16));
#2016 = ORIENTED_EDGE('',*,*,#2017,.F.);
#2017 = EDGE_CURVE('',#2010,#2010,#2018,.T.);
#2018 = CIRCLE('',#2019,12.);
#2019 = AXIS2_PLACEMENT_3D('',#2020,#2021,#2022);
#2020 = CARTESIAN_POINT('',(565.2274711275,-951.,1.369916506066E+03));
#2021 = DIRECTION('',(0.,-1.,0.));
#2022 = DIRECTION('',(1.,0.,0.));
#2023 = ORIENTED_EDGE('',*,*,#2009,.F.);
#2024 = CYLINDRICAL_SURFACE('',#2025,12.);
#2025 = AXIS2_PLACEMENT_3D('',#2026,#2027,#2028);
#2026 = CARTESIAN_POINT('',(565.2274711275,-901.,1.369916506066E+03));
#2027 = DIRECTION('',(0.,1.,2.2E-16));
#2028 = DIRECTION('',(1.,0.,-0.));
#2029 = ADVANCED_FACE('',(#2030,#2036),#2039,.T.);
#2030 = FACE_BOUND('',#2031,.F.);
#2031 = EDGE_LOOP('',(#2032,#2033,#2034,#2035));
#2032 = ORIENTED_EDGE('',*,*,#1900,.T.);
#2033 = ORIENTED_EDGE('',*,*,#1931,.T.);
#2034 = ORIENTED_EDGE('',*,*,#1945,.T.);
#2035 = ORIENTED_EDGE('',*,*,#1986,.F.);
#2036 = FACE_BOUND('',#2037,.T.);
#2037 = EDGE_LOOP('',(#2038));
#2038 = ORIENTED_EDGE('',*,*,#2000,.T.);
#2039 = PLANE('',#2040);
#2040 = AXIS2_PLACEMENT_3D('',#2041,#2042,#2043);
#2041 = CARTESIAN_POINT('',(561.61771711302,-901.,1.369916506066E+03));
#2042 = DIRECTION('',(1.E-17,1.,2.1E-16));
#2043 = DIRECTION('',(0.,-2.1E-16,1.));
#2044 = ADVANCED_FACE('',(#2045,#2051),#2054,.F.);
#2045 = FACE_BOUND('',#2046,.T.);
#2046 = EDGE_LOOP('',(#2047,#2048,#2049,#2050));
#2047 = ORIENTED_EDGE('',*,*,#1884,.T.);
#2048 = ORIENTED_EDGE('',*,*,#1915,.T.);
#2049 = ORIENTED_EDGE('',*,*,#1962,.T.);
#2050 = ORIENTED_EDGE('',*,*,#1979,.F.);
#2051 = FACE_BOUND('',#2052,.F.);
#2052 = EDGE_LOOP('',(#2053));
#2053 = ORIENTED_EDGE('',*,*,#2017,.T.);
#2054 = PLANE('',#2055);
#2055 = AXIS2_PLACEMENT_3D('',#2056,#2057,#2058);
#2056 = CARTESIAN_POINT('',(561.61771711302,-951.,1.369916506066E+03));
#2057 = DIRECTION('',(1.E-17,1.,2.1E-16));
#2058 = DIRECTION('',(0.,-2.1E-16,1.));
#2059 = ( GEOMETRIC_REPRESENTATION_CONTEXT(3) 
GLOBAL_UNCERTAINTY_ASSIGNED_CONTEXT((#2063)) 
GLOBAL_UNIT_ASSIGNED_CONTEXT((#2060,#2061,#2062)) REPRESENTATION_CONTEXT
('Context #1','3D Context with UNIT and UNCERTAINTY') );
#2060 = ( LENGTH_UNIT() NAMED_UNIT(*) SI_UNIT(.MILLI.,.METRE.) );
#2061 = ( NAMED_UNIT(*) PLANE_ANGLE_UNIT() SI_UNIT($,.RADIAN.) );
#2062 = ( NAMED_UNIT(*) SI_UNIT($,.STERADIAN.) SOLID_ANGLE_UNIT() );
#2063 = UNCERTAINTY_MEASURE_WITH_UNIT(LENGTH_MEASURE(1.E-07),#2060,
  'distance_accuracy_value','confusion accuracy');
#2064 = CONTEXT_DEPENDENT_SHAPE_REPRESENTATION(#2065,#2067);
#2065 = ( REPRESENTATION_RELATIONSHIP('','',#1867,#10) 
REPRESENTATION_RELATIONSHIP_WITH_TRANSFORMATION(#2066) 
SHAPE_REPRESENTATION_RELATIONSHIP() );
#2066 = ITEM_DEFINED_TRANSFORMATION('','',#11,#43);
#2067 = PRODUCT_DEFINITION_SHAPE('Placement','Placement of an item',
  #2068);
#2068 = NEXT_ASSEMBLY_USAGE_OCCURRENCE('8','Body007','',#5,#1862,$);
#2069 = PRODUCT_RELATED_PRODUCT_CATEGORY('part',$,(#1864));
#2070 = SHAPE_DEFINITION_REPRESENTATION(#2071,#2077);
#2071 = PRODUCT_DEFINITION_SHAPE('','',#2072);
#2072 = PRODUCT_DEFINITION('design','',#2073,#2076);
#2073 = PRODUCT_DEFINITION_FORMATION('','',#2074);
#2074 = PRODUCT('Fusion002','Fusion002','',(#2075));
#2075 = PRODUCT_CONTEXT('',#2,'mechanical');
#2076 = PRODUCT_DEFINITION_CONTEXT('part definition',#2,'design');
#2077 = SHAPE_REPRESENTATION('',(#11,#2078,#2368,#2658,#2948,#3238,#3528
    ,#3818,#4108),#4398);
#2078 = MANIFOLD_SOLID_BREP('',#2079);
#2079 = CLOSED_SHELL('',(#2080,#2122,#2153,#2184,#2215,#2246,#2277,#2299
    ,#2332,#2350));
#2080 = ADVANCED_FACE('',(#2081),#2117,.T.);
#2081 = FACE_BOUND('',#2082,.F.);
#2082 = EDGE_LOOP('',(#2083,#2093,#2102,#2110));
#2083 = ORIENTED_EDGE('',*,*,#2084,.T.);
#2084 = EDGE_CURVE('',#2085,#2087,#2089,.T.);
#2085 = VERTEX_POINT('',#2086);
#2086 = CARTESIAN_POINT('',(132.92045013426,-1.098643650494E+03,
    1.318615112656E+03));
#2087 = VERTEX_POINT('',#2088);
#2088 = CARTESIAN_POINT('',(182.92045013426,-1.098643650494E+03,
    1.318615112656E+03));
#2089 = LINE('',#2090,#2091);
#2090 = CARTESIAN_POINT('',(132.92045013426,-1.098643650494E+03,
    1.318615112656E+03));
#2091 = VECTOR('',#2092,1.);
#2092 = DIRECTION('',(1.,-1.1E-16,1.1E-16));
#2093 = ORIENTED_EDGE('',*,*,#2094,.T.);
#2094 = EDGE_CURVE('',#2087,#2095,#2097,.T.);
#2095 = VERTEX_POINT('',#2096);
#2096 = CARTESIAN_POINT('',(182.92045013426,-1.116617569512E+03,
    1.317930439399E+03));
#2097 = CIRCLE('',#2098,9.);
#2098 = AXIS2_PLACEMENT_3D('',#2099,#2100,#2101);
#2099 = CARTESIAN_POINT('',(182.92045013426,-1.107643650494E+03,
    1.318615112656E+03));
#2100 = DIRECTION('',(1.,-2.2E-16,2.2E-16));
#2101 = DIRECTION('',(2.2E-16,1.,-2.2E-16));
#2102 = ORIENTED_EDGE('',*,*,#2103,.F.);
#2103 = EDGE_CURVE('',#2104,#2095,#2106,.T.);
#2104 = VERTEX_POINT('',#2105);
#2105 = CARTESIAN_POINT('',(132.92045013426,-1.116617569512E+03,
    1.317930439399E+03));
#2106 = LINE('',#2107,#2108);
#2107 = CARTESIAN_POINT('',(132.92045013426,-1.116617569512E+03,
    1.317930439399E+03));
#2108 = VECTOR('',#2109,1.);
#2109 = DIRECTION('',(1.,-1.1E-16,1.1E-16));
#2110 = ORIENTED_EDGE('',*,*,#2111,.F.);
#2111 = EDGE_CURVE('',#2085,#2104,#2112,.T.);
#2112 = CIRCLE('',#2113,9.);
#2113 = AXIS2_PLACEMENT_3D('',#2114,#2115,#2116);
#2114 = CARTESIAN_POINT('',(132.92045013426,-1.107643650494E+03,
    1.318615112656E+03));
#2115 = DIRECTION('',(1.,-2.2E-16,2.2E-16));
#2116 = DIRECTION('',(2.2E-16,1.,-2.2E-16));
#2117 = CYLINDRICAL_SURFACE('',#2118,9.);
#2118 = AXIS2_PLACEMENT_3D('',#2119,#2120,#2121);
#2119 = CARTESIAN_POINT('',(132.92045013426,-1.107643650494E+03,
    1.318615112656E+03));
#2120 = DIRECTION('',(-1.,2.2E-16,-2.2E-16));
#2121 = DIRECTION('',(2.2E-16,1.,-2.2E-16));
#2122 = ADVANCED_FACE('',(#2123),#2148,.F.);
#2123 = FACE_BOUND('',#2124,.F.);
#2124 = EDGE_LOOP('',(#2125,#2126,#2134,#2142));
#2125 = ORIENTED_EDGE('',*,*,#2103,.T.);
#2126 = ORIENTED_EDGE('',*,*,#2127,.T.);
#2127 = EDGE_CURVE('',#2095,#2128,#2130,.T.);
#2128 = VERTEX_POINT('',#2129);
#2129 = CARTESIAN_POINT('',(182.92045013426,-1.116617569512E+03,
    1.307525410989E+03));
#2130 = LINE('',#2131,#2132);
#2131 = CARTESIAN_POINT('',(182.92045013426,-1.116617569512E+03,
    1.317930439399E+03));
#2132 = VECTOR('',#2133,1.);
#2133 = DIRECTION('',(2.2E-16,-2.2E-16,-1.));
#2134 = ORIENTED_EDGE('',*,*,#2135,.F.);
#2135 = EDGE_CURVE('',#2136,#2128,#2138,.T.);
#2136 = VERTEX_POINT('',#2137);
#2137 = CARTESIAN_POINT('',(132.92045013426,-1.116617569512E+03,
    1.307525410989E+03));
#2138 = LINE('',#2139,#2140);
#2139 = CARTESIAN_POINT('',(132.92045013426,-1.116617569512E+03,
    1.307525410989E+03));
#2140 = VECTOR('',#2141,1.);
#2141 = DIRECTION('',(1.,-1.1E-16,1.1E-16));
#2142 = ORIENTED_EDGE('',*,*,#2143,.F.);
#2143 = EDGE_CURVE('',#2104,#2136,#2144,.T.);
#2144 = LINE('',#2145,#2146);
#2145 = CARTESIAN_POINT('',(132.92045013426,-1.116617569512E+03,
    1.317930439399E+03));
#2146 = VECTOR('',#2147,1.);
#2147 = DIRECTION('',(2.2E-16,-2.2E-16,-1.));
#2148 = PLANE('',#2149);
#2149 = AXIS2_PLACEMENT_3D('',#2150,#2151,#2152);
#2150 = CARTESIAN_POINT('',(132.92045013426,-1.116617569512E+03,
    1.317930439399E+03));
#2151 = DIRECTION('',(1.1E-16,1.,-2.2E-16));
#2152 = DIRECTION('',(2.2E-16,-2.2E-16,-1.));
#2153 = ADVANCED_FACE('',(#2154),#2179,.F.);
#2154 = FACE_BOUND('',#2155,.F.);
#2155 = EDGE_LOOP('',(#2156,#2157,#2165,#2173));
#2156 = ORIENTED_EDGE('',*,*,#2135,.T.);
#2157 = ORIENTED_EDGE('',*,*,#2158,.T.);
#2158 = EDGE_CURVE('',#2128,#2159,#2161,.T.);
#2159 = VERTEX_POINT('',#2160);
#2160 = CARTESIAN_POINT('',(182.92045013426,-1.107386235669E+03,
    1.291751973989E+03));
#2161 = LINE('',#2162,#2163);
#2162 = CARTESIAN_POINT('',(182.92045013426,-1.116617569512E+03,
    1.307525410989E+03));
#2163 = VECTOR('',#2164,1.);
#2164 = DIRECTION('',(3.E-16,0.505101869379,-0.863059732319));
#2165 = ORIENTED_EDGE('',*,*,#2166,.F.);
#2166 = EDGE_CURVE('',#2167,#2159,#2169,.T.);
#2167 = VERTEX_POINT('',#2168);
#2168 = CARTESIAN_POINT('',(132.92045013426,-1.107386235669E+03,
    1.291751973989E+03));
#2169 = LINE('',#2170,#2171);
#2170 = CARTESIAN_POINT('',(132.92045013426,-1.107386235669E+03,
    1.291751973989E+03));
#2171 = VECTOR('',#2172,1.);
#2172 = DIRECTION('',(1.,-1.1E-16,1.1E-16));
#2173 = ORIENTED_EDGE('',*,*,#2174,.F.);
#2174 = EDGE_CURVE('',#2136,#2167,#2175,.T.);
#2175 = LINE('',#2176,#2177);
#2176 = CARTESIAN_POINT('',(132.92045013426,-1.116617569512E+03,
    1.307525410989E+03));
#2177 = VECTOR('',#2178,1.);
#2178 = DIRECTION('',(3.E-16,0.505101869379,-0.863059732319));
#2179 = PLANE('',#2180);
#2180 = AXIS2_PLACEMENT_3D('',#2181,#2182,#2183);
#2181 = CARTESIAN_POINT('',(132.92045013426,-1.116617569512E+03,
    1.307525410989E+03));
#2182 = DIRECTION('',(4.E-17,0.863059732319,0.505101869379));
#2183 = DIRECTION('',(3.E-16,0.505101869379,-0.863059732319));
#2184 = ADVANCED_FACE('',(#2185),#2210,.F.);
#2185 = FACE_BOUND('',#2186,.F.);
#2186 = EDGE_LOOP('',(#2187,#2188,#2196,#2204));
#2187 = ORIENTED_EDGE('',*,*,#2166,.T.);
#2188 = ORIENTED_EDGE('',*,*,#2189,.T.);
#2189 = EDGE_CURVE('',#2159,#2190,#2192,.T.);
#2190 = VERTEX_POINT('',#2191);
#2191 = CARTESIAN_POINT('',(182.92045013426,-1.097721064669E+03,
    1.291751973989E+03));
#2192 = LINE('',#2193,#2194);
#2193 = CARTESIAN_POINT('',(182.92045013426,-1.107386235669E+03,
    1.291751973989E+03));
#2194 = VECTOR('',#2195,1.);
#2195 = DIRECTION('',(2.2E-16,1.,-2.2E-16));
#2196 = ORIENTED_EDGE('',*,*,#2197,.F.);
#2197 = EDGE_CURVE('',#2198,#2190,#2200,.T.);
#2198 = VERTEX_POINT('',#2199);
#2199 = CARTESIAN_POINT('',(132.92045013426,-1.097721064669E+03,
    1.291751973989E+03));
#2200 = LINE('',#2201,#2202);
#2201 = CARTESIAN_POINT('',(132.92045013426,-1.097721064669E+03,
    1.291751973989E+03));
#2202 = VECTOR('',#2203,1.);
#2203 = DIRECTION('',(1.,-1.1E-16,1.1E-16));
#2204 = ORIENTED_EDGE('',*,*,#2205,.F.);
#2205 = EDGE_CURVE('',#2167,#2198,#2206,.T.);
#2206 = LINE('',#2207,#2208);
#2207 = CARTESIAN_POINT('',(132.92045013426,-1.107386235669E+03,
    1.291751973989E+03));
#2208 = VECTOR('',#2209,1.);
#2209 = DIRECTION('',(2.2E-16,1.,-2.2E-16));
#2210 = PLANE('',#2211);
#2211 = AXIS2_PLACEMENT_3D('',#2212,#2213,#2214);
#2212 = CARTESIAN_POINT('',(132.92045013426,-1.107386235669E+03,
    1.291751973989E+03));
#2213 = DIRECTION('',(-1.1E-16,2.2E-16,1.));
#2214 = DIRECTION('',(2.2E-16,1.,-2.2E-16));
#2215 = ADVANCED_FACE('',(#2216),#2241,.F.);
#2216 = FACE_BOUND('',#2217,.F.);
#2217 = EDGE_LOOP('',(#2218,#2219,#2227,#2235));
#2218 = ORIENTED_EDGE('',*,*,#2197,.T.);
#2219 = ORIENTED_EDGE('',*,*,#2220,.T.);
#2220 = EDGE_CURVE('',#2190,#2221,#2223,.T.);
#2221 = VERTEX_POINT('',#2222);
#2222 = CARTESIAN_POINT('',(182.92045013426,-1.097721064669E+03,
    1.30727858174E+03));
#2223 = LINE('',#2224,#2225);
#2224 = CARTESIAN_POINT('',(182.92045013426,-1.097721064669E+03,
    1.291751973989E+03));
#2225 = VECTOR('',#2226,1.);
#2226 = DIRECTION('',(-2.2E-16,2.2E-16,1.));
#2227 = ORIENTED_EDGE('',*,*,#2228,.F.);
#2228 = EDGE_CURVE('',#2229,#2221,#2231,.T.);
#2229 = VERTEX_POINT('',#2230);
#2230 = CARTESIAN_POINT('',(132.92045013426,-1.097721064669E+03,
    1.30727858174E+03));
#2231 = LINE('',#2232,#2233);
#2232 = CARTESIAN_POINT('',(132.92045013426,-1.097721064669E+03,
    1.30727858174E+03));
#2233 = VECTOR('',#2234,1.);
#2234 = DIRECTION('',(1.,-1.1E-16,1.1E-16));
#2235 = ORIENTED_EDGE('',*,*,#2236,.F.);
#2236 = EDGE_CURVE('',#2198,#2229,#2237,.T.);
#2237 = LINE('',#2238,#2239);
#2238 = CARTESIAN_POINT('',(132.92045013426,-1.097721064669E+03,
    1.291751973989E+03));
#2239 = VECTOR('',#2240,1.);
#2240 = DIRECTION('',(-2.2E-16,2.2E-16,1.));
#2241 = PLANE('',#2242);
#2242 = AXIS2_PLACEMENT_3D('',#2243,#2244,#2245);
#2243 = CARTESIAN_POINT('',(132.92045013426,-1.097721064669E+03,
    1.291751973989E+03));
#2244 = DIRECTION('',(-1.1E-16,-1.,2.2E-16));
#2245 = DIRECTION('',(-2.2E-16,2.2E-16,1.));
#2246 = ADVANCED_FACE('',(#2247),#2272,.F.);
#2247 = FACE_BOUND('',#2248,.F.);
#2248 = EDGE_LOOP('',(#2249,#2250,#2258,#2266));
#2249 = ORIENTED_EDGE('',*,*,#2228,.T.);
#2250 = ORIENTED_EDGE('',*,*,#2251,.T.);
#2251 = EDGE_CURVE('',#2221,#2252,#2254,.T.);
#2252 = VERTEX_POINT('',#2253);
#2253 = CARTESIAN_POINT('',(182.92045013426,-1.098643650494E+03,
    1.30727858174E+03));
#2254 = LINE('',#2255,#2256);
#2255 = CARTESIAN_POINT('',(182.92045013426,-1.097721064669E+03,
    1.30727858174E+03));
#2256 = VECTOR('',#2257,1.);
#2257 = DIRECTION('',(-2.2E-16,-1.,2.2E-16));
#2258 = ORIENTED_EDGE('',*,*,#2259,.F.);
#2259 = EDGE_CURVE('',#2260,#2252,#2262,.T.);
#2260 = VERTEX_POINT('',#2261);
#2261 = CARTESIAN_POINT('',(132.92045013426,-1.098643650494E+03,
    1.30727858174E+03));
#2262 = LINE('',#2263,#2264);
#2263 = CARTESIAN_POINT('',(132.92045013426,-1.098643650494E+03,
    1.30727858174E+03));
#2264 = VECTOR('',#2265,1.);
#2265 = DIRECTION('',(1.,-1.1E-16,1.1E-16));
#2266 = ORIENTED_EDGE('',*,*,#2267,.F.);
#2267 = EDGE_CURVE('',#2229,#2260,#2268,.T.);
#2268 = LINE('',#2269,#2270);
#2269 = CARTESIAN_POINT('',(132.92045013426,-1.097721064669E+03,
    1.30727858174E+03));
#2270 = VECTOR('',#2271,1.);
#2271 = DIRECTION('',(-2.2E-16,-1.,2.2E-16));
#2272 = PLANE('',#2273);
#2273 = AXIS2_PLACEMENT_3D('',#2274,#2275,#2276);
#2274 = CARTESIAN_POINT('',(132.92045013426,-1.097721064669E+03,
    1.30727858174E+03));
#2275 = DIRECTION('',(1.1E-16,-2.2E-16,-1.));
#2276 = DIRECTION('',(-2.2E-16,-1.,2.2E-16));
#2277 = ADVANCED_FACE('',(#2278),#2294,.F.);
#2278 = FACE_BOUND('',#2279,.F.);
#2279 = EDGE_LOOP('',(#2280,#2281,#2287,#2288));
#2280 = ORIENTED_EDGE('',*,*,#2259,.T.);
#2281 = ORIENTED_EDGE('',*,*,#2282,.T.);
#2282 = EDGE_CURVE('',#2252,#2087,#2283,.T.);
#2283 = LINE('',#2284,#2285);
#2284 = CARTESIAN_POINT('',(182.92045013426,-1.098643650494E+03,
    1.30727858174E+03));
#2285 = VECTOR('',#2286,1.);
#2286 = DIRECTION('',(-2.2E-16,2.2E-16,1.));
#2287 = ORIENTED_EDGE('',*,*,#2084,.F.);
#2288 = ORIENTED_EDGE('',*,*,#2289,.F.);
#2289 = EDGE_CURVE('',#2260,#2085,#2290,.T.);
#2290 = LINE('',#2291,#2292);
#2291 = CARTESIAN_POINT('',(132.92045013426,-1.098643650494E+03,
    1.30727858174E+03));
#2292 = VECTOR('',#2293,1.);
#2293 = DIRECTION('',(-2.2E-16,2.2E-16,1.));
#2294 = PLANE('',#2295);
#2295 = AXIS2_PLACEMENT_3D('',#2296,#2297,#2298);
#2296 = CARTESIAN_POINT('',(132.92045013426,-1.098643650494E+03,
    1.30727858174E+03));
#2297 = DIRECTION('',(-1.1E-16,-1.,2.2E-16));
#2298 = DIRECTION('',(-2.2E-16,2.2E-16,1.));
#2299 = ADVANCED_FACE('',(#2300),#2327,.F.);
#2300 = FACE_BOUND('',#2301,.T.);
#2301 = EDGE_LOOP('',(#2302,#2312,#2319,#2320));
#2302 = ORIENTED_EDGE('',*,*,#2303,.T.);
#2303 = EDGE_CURVE('',#2304,#2306,#2308,.T.);
#2304 = VERTEX_POINT('',#2305);
#2305 = CARTESIAN_POINT('',(132.92045013426,-1.101643650494E+03,
    1.318615112656E+03));
#2306 = VERTEX_POINT('',#2307);
#2307 = CARTESIAN_POINT('',(182.92045013426,-1.101643650494E+03,
    1.318615112656E+03));
#2308 = LINE('',#2309,#2310);
#2309 = CARTESIAN_POINT('',(132.92045013426,-1.101643650494E+03,
    1.318615112656E+03));
#2310 = VECTOR('',#2311,1.);
#2311 = DIRECTION('',(1.,-1.1E-16,1.1E-16));
#2312 = ORIENTED_EDGE('',*,*,#2313,.T.);
#2313 = EDGE_CURVE('',#2306,#2306,#2314,.T.);
#2314 = CIRCLE('',#2315,6.);
#2315 = AXIS2_PLACEMENT_3D('',#2316,#2317,#2318);
#2316 = CARTESIAN_POINT('',(182.92045013426,-1.107643650494E+03,
    1.318615112656E+03));
#2317 = DIRECTION('',(1.,-2.2E-16,2.2E-16));
#2318 = DIRECTION('',(2.2E-16,1.,-2.2E-16));
#2319 = ORIENTED_EDGE('',*,*,#2303,.F.);
#2320 = ORIENTED_EDGE('',*,*,#2321,.F.);
#2321 = EDGE_CURVE('',#2304,#2304,#2322,.T.);
#2322 = CIRCLE('',#2323,6.);
#2323 = AXIS2_PLACEMENT_3D('',#2324,#2325,#2326);
#2324 = CARTESIAN_POINT('',(132.92045013426,-1.107643650494E+03,
    1.318615112656E+03));
#2325 = DIRECTION('',(1.,-2.2E-16,2.2E-16));
#2326 = DIRECTION('',(2.2E-16,1.,-2.2E-16));
#2327 = CYLINDRICAL_SURFACE('',#2328,6.);
#2328 = AXIS2_PLACEMENT_3D('',#2329,#2330,#2331);
#2329 = CARTESIAN_POINT('',(132.92045013426,-1.107643650494E+03,
    1.318615112656E+03));
#2330 = DIRECTION('',(-1.,2.2E-16,-2.2E-16));
#2331 = DIRECTION('',(2.2E-16,1.,-2.2E-16));
#2332 = ADVANCED_FACE('',(#2333,#2342),#2345,.F.);
#2333 = FACE_BOUND('',#2334,.F.);
#2334 = EDGE_LOOP('',(#2335,#2336,#2337,#2338,#2339,#2340,#2341));
#2335 = ORIENTED_EDGE('',*,*,#2111,.T.);
#2336 = ORIENTED_EDGE('',*,*,#2143,.T.);
#2337 = ORIENTED_EDGE('',*,*,#2174,.T.);
#2338 = ORIENTED_EDGE('',*,*,#2205,.T.);
#2339 = ORIENTED_EDGE('',*,*,#2236,.T.);
#2340 = ORIENTED_EDGE('',*,*,#2267,.T.);
#2341 = ORIENTED_EDGE('',*,*,#2289,.T.);
#2342 = FACE_BOUND('',#2343,.T.);
#2343 = EDGE_LOOP('',(#2344));
#2344 = ORIENTED_EDGE('',*,*,#2321,.T.);
#2345 = PLANE('',#2346);
#2346 = AXIS2_PLACEMENT_3D('',#2347,#2348,#2349);
#2347 = CARTESIAN_POINT('',(132.92045013426,-1.106557229234E+03,
    1.311409947298E+03));
#2348 = DIRECTION('',(1.,-2.2E-16,2.2E-16));
#2349 = DIRECTION('',(-2.2E-16,0.,1.));
#2350 = ADVANCED_FACE('',(#2351,#2360),#2363,.T.);
#2351 = FACE_BOUND('',#2352,.T.);
#2352 = EDGE_LOOP('',(#2353,#2354,#2355,#2356,#2357,#2358,#2359));
#2353 = ORIENTED_EDGE('',*,*,#2094,.T.);
#2354 = ORIENTED_EDGE('',*,*,#2127,.T.);
#2355 = ORIENTED_EDGE('',*,*,#2158,.T.);
#2356 = ORIENTED_EDGE('',*,*,#2189,.T.);
#2357 = ORIENTED_EDGE('',*,*,#2220,.T.);
#2358 = ORIENTED_EDGE('',*,*,#2251,.T.);
#2359 = ORIENTED_EDGE('',*,*,#2282,.T.);
#2360 = FACE_BOUND('',#2361,.F.);
#2361 = EDGE_LOOP('',(#2362));
#2362 = ORIENTED_EDGE('',*,*,#2313,.T.);
#2363 = PLANE('',#2364);
#2364 = AXIS2_PLACEMENT_3D('',#2365,#2366,#2367);
#2365 = CARTESIAN_POINT('',(182.92045013426,-1.106557229234E+03,
    1.311409947298E+03));
#2366 = DIRECTION('',(1.,-2.2E-16,2.2E-16));
#2367 = DIRECTION('',(-2.2E-16,0.,1.));
#2368 = MANIFOLD_SOLID_BREP('',#2369);
#2369 = CLOSED_SHELL('',(#2370,#2412,#2443,#2474,#2505,#2536,#2567,#2589
    ,#2622,#2640));
#2370 = ADVANCED_FACE('',(#2371),#2407,.T.);
#2371 = FACE_BOUND('',#2372,.F.);
#2372 = EDGE_LOOP('',(#2373,#2383,#2392,#2400));
#2373 = ORIENTED_EDGE('',*,*,#2374,.T.);
#2374 = EDGE_CURVE('',#2375,#2377,#2379,.T.);
#2375 = VERTEX_POINT('',#2376);
#2376 = CARTESIAN_POINT('',(-867.0795498657,-1.098643650494E+03,
    1.318615112656E+03));
#2377 = VERTEX_POINT('',#2378);
#2378 = CARTESIAN_POINT('',(-817.0795498657,-1.098643650494E+03,
    1.318615112656E+03));
#2379 = LINE('',#2380,#2381);
#2380 = CARTESIAN_POINT('',(-867.0795498657,-1.098643650494E+03,
    1.318615112656E+03));
#2381 = VECTOR('',#2382,1.);
#2382 = DIRECTION('',(1.,-1.1E-16,1.1E-16));
#2383 = ORIENTED_EDGE('',*,*,#2384,.T.);
#2384 = EDGE_CURVE('',#2377,#2385,#2387,.T.);
#2385 = VERTEX_POINT('',#2386);
#2386 = CARTESIAN_POINT('',(-817.0795498657,-1.116617569512E+03,
    1.317930439399E+03));
#2387 = CIRCLE('',#2388,9.);
#2388 = AXIS2_PLACEMENT_3D('',#2389,#2390,#2391);
#2389 = CARTESIAN_POINT('',(-817.0795498657,-1.107643650494E+03,
    1.318615112656E+03));
#2390 = DIRECTION('',(1.,-2.2E-16,2.2E-16));
#2391 = DIRECTION('',(2.2E-16,1.,-2.2E-16));
#2392 = ORIENTED_EDGE('',*,*,#2393,.F.);
#2393 = EDGE_CURVE('',#2394,#2385,#2396,.T.);
#2394 = VERTEX_POINT('',#2395);
#2395 = CARTESIAN_POINT('',(-867.0795498657,-1.116617569512E+03,
    1.317930439399E+03));
#2396 = LINE('',#2397,#2398);
#2397 = CARTESIAN_POINT('',(-867.0795498657,-1.116617569512E+03,
    1.317930439399E+03));
#2398 = VECTOR('',#2399,1.);
#2399 = DIRECTION('',(1.,-1.1E-16,1.1E-16));
#2400 = ORIENTED_EDGE('',*,*,#2401,.F.);
#2401 = EDGE_CURVE('',#2375,#2394,#2402,.T.);
#2402 = CIRCLE('',#2403,9.);
#2403 = AXIS2_PLACEMENT_3D('',#2404,#2405,#2406);
#2404 = CARTESIAN_POINT('',(-867.0795498657,-1.107643650494E+03,
    1.318615112656E+03));
#2405 = DIRECTION('',(1.,-2.2E-16,2.2E-16));
#2406 = DIRECTION('',(2.2E-16,1.,-2.2E-16));
#2407 = CYLINDRICAL_SURFACE('',#2408,9.);
#2408 = AXIS2_PLACEMENT_3D('',#2409,#2410,#2411);
#2409 = CARTESIAN_POINT('',(-867.0795498657,-1.107643650494E+03,
    1.318615112656E+03));
#2410 = DIRECTION('',(-1.,2.2E-16,-2.2E-16));
#2411 = DIRECTION('',(2.2E-16,1.,-2.2E-16));
#2412 = ADVANCED_FACE('',(#2413),#2438,.F.);
#2413 = FACE_BOUND('',#2414,.F.);
#2414 = EDGE_LOOP('',(#2415,#2416,#2424,#2432));
#2415 = ORIENTED_EDGE('',*,*,#2393,.T.);
#2416 = ORIENTED_EDGE('',*,*,#2417,.T.);
#2417 = EDGE_CURVE('',#2385,#2418,#2420,.T.);
#2418 = VERTEX_POINT('',#2419);
#2419 = CARTESIAN_POINT('',(-817.0795498657,-1.116617569512E+03,
    1.307525410989E+03));
#2420 = LINE('',#2421,#2422);
#2421 = CARTESIAN_POINT('',(-817.0795498657,-1.116617569512E+03,
    1.317930439399E+03));
#2422 = VECTOR('',#2423,1.);
#2423 = DIRECTION('',(2.2E-16,-2.2E-16,-1.));
#2424 = ORIENTED_EDGE('',*,*,#2425,.F.);
#2425 = EDGE_CURVE('',#2426,#2418,#2428,.T.);
#2426 = VERTEX_POINT('',#2427);
#2427 = CARTESIAN_POINT('',(-867.0795498657,-1.116617569512E+03,
    1.307525410989E+03));
#2428 = LINE('',#2429,#2430);
#2429 = CARTESIAN_POINT('',(-867.0795498657,-1.116617569512E+03,
    1.307525410989E+03));
#2430 = VECTOR('',#2431,1.);
#2431 = DIRECTION('',(1.,-1.1E-16,1.1E-16));
#2432 = ORIENTED_EDGE('',*,*,#2433,.F.);
#2433 = EDGE_CURVE('',#2394,#2426,#2434,.T.);
#2434 = LINE('',#2435,#2436);
#2435 = CARTESIAN_POINT('',(-867.0795498657,-1.116617569512E+03,
    1.317930439399E+03));
#2436 = VECTOR('',#2437,1.);
#2437 = DIRECTION('',(2.2E-16,-2.2E-16,-1.));
#2438 = PLANE('',#2439);
#2439 = AXIS2_PLACEMENT_3D('',#2440,#2441,#2442);
#2440 = CARTESIAN_POINT('',(-867.0795498657,-1.116617569512E+03,
    1.317930439399E+03));
#2441 = DIRECTION('',(1.1E-16,1.,-2.2E-16));
#2442 = DIRECTION('',(2.2E-16,-2.2E-16,-1.));
#2443 = ADVANCED_FACE('',(#2444),#2469,.F.);
#2444 = FACE_BOUND('',#2445,.F.);
#2445 = EDGE_LOOP('',(#2446,#2447,#2455,#2463));
#2446 = ORIENTED_EDGE('',*,*,#2425,.T.);
#2447 = ORIENTED_EDGE('',*,*,#2448,.T.);
#2448 = EDGE_CURVE('',#2418,#2449,#2451,.T.);
#2449 = VERTEX_POINT('',#2450);
#2450 = CARTESIAN_POINT('',(-817.0795498657,-1.107386235669E+03,
    1.291751973989E+03));
#2451 = LINE('',#2452,#2453);
#2452 = CARTESIAN_POINT('',(-817.0795498657,-1.116617569512E+03,
    1.307525410989E+03));
#2453 = VECTOR('',#2454,1.);
#2454 = DIRECTION('',(3.E-16,0.505101869379,-0.863059732319));
#2455 = ORIENTED_EDGE('',*,*,#2456,.F.);
#2456 = EDGE_CURVE('',#2457,#2449,#2459,.T.);
#2457 = VERTEX_POINT('',#2458);
#2458 = CARTESIAN_POINT('',(-867.0795498657,-1.107386235669E+03,
    1.291751973989E+03));
#2459 = LINE('',#2460,#2461);
#2460 = CARTESIAN_POINT('',(-867.0795498657,-1.107386235669E+03,
    1.291751973989E+03));
#2461 = VECTOR('',#2462,1.);
#2462 = DIRECTION('',(1.,-1.1E-16,1.1E-16));
#2463 = ORIENTED_EDGE('',*,*,#2464,.F.);
#2464 = EDGE_CURVE('',#2426,#2457,#2465,.T.);
#2465 = LINE('',#2466,#2467);
#2466 = CARTESIAN_POINT('',(-867.0795498657,-1.116617569512E+03,
    1.307525410989E+03));
#2467 = VECTOR('',#2468,1.);
#2468 = DIRECTION('',(3.E-16,0.505101869379,-0.863059732319));
#2469 = PLANE('',#2470);
#2470 = AXIS2_PLACEMENT_3D('',#2471,#2472,#2473);
#2471 = CARTESIAN_POINT('',(-867.0795498657,-1.116617569512E+03,
    1.307525410989E+03));
#2472 = DIRECTION('',(4.E-17,0.863059732319,0.505101869379));
#2473 = DIRECTION('',(3.E-16,0.505101869379,-0.863059732319));
#2474 = ADVANCED_FACE('',(#2475),#2500,.F.);
#2475 = FACE_BOUND('',#2476,.F.);
#2476 = EDGE_LOOP('',(#2477,#2478,#2486,#2494));
#2477 = ORIENTED_EDGE('',*,*,#2456,.T.);
#2478 = ORIENTED_EDGE('',*,*,#2479,.T.);
#2479 = EDGE_CURVE('',#2449,#2480,#2482,.T.);
#2480 = VERTEX_POINT('',#2481);
#2481 = CARTESIAN_POINT('',(-817.0795498657,-1.097721064669E+03,
    1.291751973989E+03));
#2482 = LINE('',#2483,#2484);
#2483 = CARTESIAN_POINT('',(-817.0795498657,-1.107386235669E+03,
    1.291751973989E+03));
#2484 = VECTOR('',#2485,1.);
#2485 = DIRECTION('',(2.2E-16,1.,-2.2E-16));
#2486 = ORIENTED_EDGE('',*,*,#2487,.F.);
#2487 = EDGE_CURVE('',#2488,#2480,#2490,.T.);
#2488 = VERTEX_POINT('',#2489);
#2489 = CARTESIAN_POINT('',(-867.0795498657,-1.097721064669E+03,
    1.291751973989E+03));
#2490 = LINE('',#2491,#2492);
#2491 = CARTESIAN_POINT('',(-867.0795498657,-1.097721064669E+03,
    1.291751973989E+03));
#2492 = VECTOR('',#2493,1.);
#2493 = DIRECTION('',(1.,-1.1E-16,1.1E-16));
#2494 = ORIENTED_EDGE('',*,*,#2495,.F.);
#2495 = EDGE_CURVE('',#2457,#2488,#2496,.T.);
#2496 = LINE('',#2497,#2498);
#2497 = CARTESIAN_POINT('',(-867.0795498657,-1.107386235669E+03,
    1.291751973989E+03));
#2498 = VECTOR('',#2499,1.);
#2499 = DIRECTION('',(2.2E-16,1.,-2.2E-16));
#2500 = PLANE('',#2501);
#2501 = AXIS2_PLACEMENT_3D('',#2502,#2503,#2504);
#2502 = CARTESIAN_POINT('',(-867.0795498657,-1.107386235669E+03,
    1.291751973989E+03));
#2503 = DIRECTION('',(-1.1E-16,2.2E-16,1.));
#2504 = DIRECTION('',(2.2E-16,1.,-2.2E-16));
#2505 = ADVANCED_FACE('',(#2506),#2531,.F.);
#2506 = FACE_BOUND('',#2507,.F.);
#2507 = EDGE_LOOP('',(#2508,#2509,#2517,#2525));
#2508 = ORIENTED_EDGE('',*,*,#2487,.T.);
#2509 = ORIENTED_EDGE('',*,*,#2510,.T.);
#2510 = EDGE_CURVE('',#2480,#2511,#2513,.T.);
#2511 = VERTEX_POINT('',#2512);
#2512 = CARTESIAN_POINT('',(-817.0795498657,-1.097721064669E+03,
    1.30727858174E+03));
#2513 = LINE('',#2514,#2515);
#2514 = CARTESIAN_POINT('',(-817.0795498657,-1.097721064669E+03,
    1.291751973989E+03));
#2515 = VECTOR('',#2516,1.);
#2516 = DIRECTION('',(-2.2E-16,2.2E-16,1.));
#2517 = ORIENTED_EDGE('',*,*,#2518,.F.);
#2518 = EDGE_CURVE('',#2519,#2511,#2521,.T.);
#2519 = VERTEX_POINT('',#2520);
#2520 = CARTESIAN_POINT('',(-867.0795498657,-1.097721064669E+03,
    1.30727858174E+03));
#2521 = LINE('',#2522,#2523);
#2522 = CARTESIAN_POINT('',(-867.0795498657,-1.097721064669E+03,
    1.30727858174E+03));
#2523 = VECTOR('',#2524,1.);
#2524 = DIRECTION('',(1.,-1.1E-16,1.1E-16));
#2525 = ORIENTED_EDGE('',*,*,#2526,.F.);
#2526 = EDGE_CURVE('',#2488,#2519,#2527,.T.);
#2527 = LINE('',#2528,#2529);
#2528 = CARTESIAN_POINT('',(-867.0795498657,-1.097721064669E+03,
    1.291751973989E+03));
#2529 = VECTOR('',#2530,1.);
#2530 = DIRECTION('',(-2.2E-16,2.2E-16,1.));
#2531 = PLANE('',#2532);
#2532 = AXIS2_PLACEMENT_3D('',#2533,#2534,#2535);
#2533 = CARTESIAN_POINT('',(-867.0795498657,-1.097721064669E+03,
    1.291751973989E+03));
#2534 = DIRECTION('',(-1.1E-16,-1.,2.2E-16));
#2535 = DIRECTION('',(-2.2E-16,2.2E-16,1.));
#2536 = ADVANCED_FACE('',(#2537),#2562,.F.);
#2537 = FACE_BOUND('',#2538,.F.);
#2538 = EDGE_LOOP('',(#2539,#2540,#2548,#2556));
#2539 = ORIENTED_EDGE('',*,*,#2518,.T.);
#2540 = ORIENTED_EDGE('',*,*,#2541,.T.);
#2541 = EDGE_CURVE('',#2511,#2542,#2544,.T.);
#2542 = VERTEX_POINT('',#2543);
#2543 = CARTESIAN_POINT('',(-817.0795498657,-1.098643650494E+03,
    1.30727858174E+03));
#2544 = LINE('',#2545,#2546);
#2545 = CARTESIAN_POINT('',(-817.0795498657,-1.097721064669E+03,
    1.30727858174E+03));
#2546 = VECTOR('',#2547,1.);
#2547 = DIRECTION('',(-2.2E-16,-1.,2.2E-16));
#2548 = ORIENTED_EDGE('',*,*,#2549,.F.);
#2549 = EDGE_CURVE('',#2550,#2542,#2552,.T.);
#2550 = VERTEX_POINT('',#2551);
#2551 = CARTESIAN_POINT('',(-867.0795498657,-1.098643650494E+03,
    1.30727858174E+03));
#2552 = LINE('',#2553,#2554);
#2553 = CARTESIAN_POINT('',(-867.0795498657,-1.098643650494E+03,
    1.30727858174E+03));
#2554 = VECTOR('',#2555,1.);
#2555 = DIRECTION('',(1.,-1.1E-16,1.1E-16));
#2556 = ORIENTED_EDGE('',*,*,#2557,.F.);
#2557 = EDGE_CURVE('',#2519,#2550,#2558,.T.);
#2558 = LINE('',#2559,#2560);
#2559 = CARTESIAN_POINT('',(-867.0795498657,-1.097721064669E+03,
    1.30727858174E+03));
#2560 = VECTOR('',#2561,1.);
#2561 = DIRECTION('',(-2.2E-16,-1.,2.2E-16));
#2562 = PLANE('',#2563);
#2563 = AXIS2_PLACEMENT_3D('',#2564,#2565,#2566);
#2564 = CARTESIAN_POINT('',(-867.0795498657,-1.097721064669E+03,
    1.30727858174E+03));
#2565 = DIRECTION('',(1.1E-16,-2.2E-16,-1.));
#2566 = DIRECTION('',(-2.2E-16,-1.,2.2E-16));
#2567 = ADVANCED_FACE('',(#2568),#2584,.F.);
#2568 = FACE_BOUND('',#2569,.F.);
#2569 = EDGE_LOOP('',(#2570,#2571,#2577,#2578));
#2570 = ORIENTED_EDGE('',*,*,#2549,.T.);
#2571 = ORIENTED_EDGE('',*,*,#2572,.T.);
#2572 = EDGE_CURVE('',#2542,#2377,#2573,.T.);
#2573 = LINE('',#2574,#2575);
#2574 = CARTESIAN_POINT('',(-817.0795498657,-1.098643650494E+03,
    1.30727858174E+03));
#2575 = VECTOR('',#2576,1.);
#2576 = DIRECTION('',(-2.2E-16,2.2E-16,1.));
#2577 = ORIENTED_EDGE('',*,*,#2374,.F.);
#2578 = ORIENTED_EDGE('',*,*,#2579,.F.);
#2579 = EDGE_CURVE('',#2550,#2375,#2580,.T.);
#2580 = LINE('',#2581,#2582);
#2581 = CARTESIAN_POINT('',(-867.0795498657,-1.098643650494E+03,
    1.30727858174E+03));
#2582 = VECTOR('',#2583,1.);
#2583 = DIRECTION('',(-2.2E-16,2.2E-16,1.));
#2584 = PLANE('',#2585);
#2585 = AXIS2_PLACEMENT_3D('',#2586,#2587,#2588);
#2586 = CARTESIAN_POINT('',(-867.0795498657,-1.098643650494E+03,
    1.30727858174E+03));
#2587 = DIRECTION('',(-1.1E-16,-1.,2.2E-16));
#2588 = DIRECTION('',(-2.2E-16,2.2E-16,1.));
#2589 = ADVANCED_FACE('',(#2590),#2617,.F.);
#2590 = FACE_BOUND('',#2591,.T.);
#2591 = EDGE_LOOP('',(#2592,#2602,#2609,#2610));
#2592 = ORIENTED_EDGE('',*,*,#2593,.T.);
#2593 = EDGE_CURVE('',#2594,#2596,#2598,.T.);
#2594 = VERTEX_POINT('',#2595);
#2595 = CARTESIAN_POINT('',(-867.0795498657,-1.101643650494E+03,
    1.318615112656E+03));
#2596 = VERTEX_POINT('',#2597);
#2597 = CARTESIAN_POINT('',(-817.0795498657,-1.101643650494E+03,
    1.318615112656E+03));
#2598 = LINE('',#2599,#2600);
#2599 = CARTESIAN_POINT('',(-867.0795498657,-1.101643650494E+03,
    1.318615112656E+03));
#2600 = VECTOR('',#2601,1.);
#2601 = DIRECTION('',(1.,-1.1E-16,1.1E-16));
#2602 = ORIENTED_EDGE('',*,*,#2603,.T.);
#2603 = EDGE_CURVE('',#2596,#2596,#2604,.T.);
#2604 = CIRCLE('',#2605,6.);
#2605 = AXIS2_PLACEMENT_3D('',#2606,#2607,#2608);
#2606 = CARTESIAN_POINT('',(-817.0795498657,-1.107643650494E+03,
    1.318615112656E+03));
#2607 = DIRECTION('',(1.,-2.2E-16,2.2E-16));
#2608 = DIRECTION('',(2.2E-16,1.,-2.2E-16));
#2609 = ORIENTED_EDGE('',*,*,#2593,.F.);
#2610 = ORIENTED_EDGE('',*,*,#2611,.F.);
#2611 = EDGE_CURVE('',#2594,#2594,#2612,.T.);
#2612 = CIRCLE('',#2613,6.);
#2613 = AXIS2_PLACEMENT_3D('',#2614,#2615,#2616);
#2614 = CARTESIAN_POINT('',(-867.0795498657,-1.107643650494E+03,
    1.318615112656E+03));
#2615 = DIRECTION('',(1.,-2.2E-16,2.2E-16));
#2616 = DIRECTION('',(2.2E-16,1.,-2.2E-16));
#2617 = CYLINDRICAL_SURFACE('',#2618,6.);
#2618 = AXIS2_PLACEMENT_3D('',#2619,#2620,#2621);
#2619 = CARTESIAN_POINT('',(-867.0795498657,-1.107643650494E+03,
    1.318615112656E+03));
#2620 = DIRECTION('',(-1.,2.2E-16,-2.2E-16));
#2621 = DIRECTION('',(2.2E-16,1.,-2.2E-16));
#2622 = ADVANCED_FACE('',(#2623,#2632),#2635,.F.);
#2623 = FACE_BOUND('',#2624,.F.);
#2624 = EDGE_LOOP('',(#2625,#2626,#2627,#2628,#2629,#2630,#2631));
#2625 = ORIENTED_EDGE('',*,*,#2401,.T.);
#2626 = ORIENTED_EDGE('',*,*,#2433,.T.);
#2627 = ORIENTED_EDGE('',*,*,#2464,.T.);
#2628 = ORIENTED_EDGE('',*,*,#2495,.T.);
#2629 = ORIENTED_EDGE('',*,*,#2526,.T.);
#2630 = ORIENTED_EDGE('',*,*,#2557,.T.);
#2631 = ORIENTED_EDGE('',*,*,#2579,.T.);
#2632 = FACE_BOUND('',#2633,.T.);
#2633 = EDGE_LOOP('',(#2634));
#2634 = ORIENTED_EDGE('',*,*,#2611,.T.);
#2635 = PLANE('',#2636);
#2636 = AXIS2_PLACEMENT_3D('',#2637,#2638,#2639);
#2637 = CARTESIAN_POINT('',(-867.0795498657,-1.106557229234E+03,
    1.311409947298E+03));
#2638 = DIRECTION('',(1.,-2.2E-16,2.2E-16));
#2639 = DIRECTION('',(-2.2E-16,0.,1.));
#2640 = ADVANCED_FACE('',(#2641,#2650),#2653,.T.);
#2641 = FACE_BOUND('',#2642,.T.);
#2642 = EDGE_LOOP('',(#2643,#2644,#2645,#2646,#2647,#2648,#2649));
#2643 = ORIENTED_EDGE('',*,*,#2384,.T.);
#2644 = ORIENTED_EDGE('',*,*,#2417,.T.);
#2645 = ORIENTED_EDGE('',*,*,#2448,.T.);
#2646 = ORIENTED_EDGE('',*,*,#2479,.T.);
#2647 = ORIENTED_EDGE('',*,*,#2510,.T.);
#2648 = ORIENTED_EDGE('',*,*,#2541,.T.);
#2649 = ORIENTED_EDGE('',*,*,#2572,.T.);
#2650 = FACE_BOUND('',#2651,.F.);
#2651 = EDGE_LOOP('',(#2652));
#2652 = ORIENTED_EDGE('',*,*,#2603,.T.);
#2653 = PLANE('',#2654);
#2654 = AXIS2_PLACEMENT_3D('',#2655,#2656,#2657);
#2655 = CARTESIAN_POINT('',(-817.0795498657,-1.106557229234E+03,
    1.311409947298E+03));
#2656 = DIRECTION('',(1.,-2.2E-16,2.2E-16));
#2657 = DIRECTION('',(-2.2E-16,0.,1.));
#2658 = MANIFOLD_SOLID_BREP('',#2659);
#2659 = CLOSED_SHELL('',(#2660,#2702,#2733,#2764,#2795,#2826,#2857,#2879
    ,#2912,#2930));
#2660 = ADVANCED_FACE('',(#2661),#2697,.T.);
#2661 = FACE_BOUND('',#2662,.F.);
#2662 = EDGE_LOOP('',(#2663,#2673,#2682,#2690));
#2663 = ORIENTED_EDGE('',*,*,#2664,.T.);
#2664 = EDGE_CURVE('',#2665,#2667,#2669,.T.);
#2665 = VERTEX_POINT('',#2666);
#2666 = CARTESIAN_POINT('',(-1.867079549866E+03,-1.098643650494E+03,
    1.318615112656E+03));
#2667 = VERTEX_POINT('',#2668);
#2668 = CARTESIAN_POINT('',(-1.817079549866E+03,-1.098643650494E+03,
    1.318615112656E+03));
#2669 = LINE('',#2670,#2671);
#2670 = CARTESIAN_POINT('',(-1.867079549866E+03,-1.098643650494E+03,
    1.318615112656E+03));
#2671 = VECTOR('',#2672,1.);
#2672 = DIRECTION('',(1.,-1.1E-16,1.1E-16));
#2673 = ORIENTED_EDGE('',*,*,#2674,.T.);
#2674 = EDGE_CURVE('',#2667,#2675,#2677,.T.);
#2675 = VERTEX_POINT('',#2676);
#2676 = CARTESIAN_POINT('',(-1.817079549866E+03,-1.116617569512E+03,
    1.317930439399E+03));
#2677 = CIRCLE('',#2678,9.);
#2678 = AXIS2_PLACEMENT_3D('',#2679,#2680,#2681);
#2679 = CARTESIAN_POINT('',(-1.817079549866E+03,-1.107643650494E+03,
    1.318615112656E+03));
#2680 = DIRECTION('',(1.,-2.2E-16,2.2E-16));
#2681 = DIRECTION('',(2.2E-16,1.,-2.2E-16));
#2682 = ORIENTED_EDGE('',*,*,#2683,.F.);
#2683 = EDGE_CURVE('',#2684,#2675,#2686,.T.);
#2684 = VERTEX_POINT('',#2685);
#2685 = CARTESIAN_POINT('',(-1.867079549866E+03,-1.116617569512E+03,
    1.317930439399E+03));
#2686 = LINE('',#2687,#2688);
#2687 = CARTESIAN_POINT('',(-1.867079549866E+03,-1.116617569512E+03,
    1.317930439399E+03));
#2688 = VECTOR('',#2689,1.);
#2689 = DIRECTION('',(1.,-1.1E-16,1.1E-16));
#2690 = ORIENTED_EDGE('',*,*,#2691,.F.);
#2691 = EDGE_CURVE('',#2665,#2684,#2692,.T.);
#2692 = CIRCLE('',#2693,9.);
#2693 = AXIS2_PLACEMENT_3D('',#2694,#2695,#2696);
#2694 = CARTESIAN_POINT('',(-1.867079549866E+03,-1.107643650494E+03,
    1.318615112656E+03));
#2695 = DIRECTION('',(1.,-2.2E-16,2.2E-16));
#2696 = DIRECTION('',(2.2E-16,1.,-2.2E-16));
#2697 = CYLINDRICAL_SURFACE('',#2698,9.);
#2698 = AXIS2_PLACEMENT_3D('',#2699,#2700,#2701);
#2699 = CARTESIAN_POINT('',(-1.867079549866E+03,-1.107643650494E+03,
    1.318615112656E+03));
#2700 = DIRECTION('',(-1.,2.2E-16,-2.2E-16));
#2701 = DIRECTION('',(2.2E-16,1.,-2.2E-16));
#2702 = ADVANCED_FACE('',(#2703),#2728,.F.);
#2703 = FACE_BOUND('',#2704,.F.);
#2704 = EDGE_LOOP('',(#2705,#2706,#2714,#2722));
#2705 = ORIENTED_EDGE('',*,*,#2683,.T.);
#2706 = ORIENTED_EDGE('',*,*,#2707,.T.);
#2707 = EDGE_CURVE('',#2675,#2708,#2710,.T.);
#2708 = VERTEX_POINT('',#2709);
#2709 = CARTESIAN_POINT('',(-1.817079549866E+03,-1.116617569512E+03,
    1.307525410989E+03));
#2710 = LINE('',#2711,#2712);
#2711 = CARTESIAN_POINT('',(-1.817079549866E+03,-1.116617569512E+03,
    1.317930439399E+03));
#2712 = VECTOR('',#2713,1.);
#2713 = DIRECTION('',(2.2E-16,-2.2E-16,-1.));
#2714 = ORIENTED_EDGE('',*,*,#2715,.F.);
#2715 = EDGE_CURVE('',#2716,#2708,#2718,.T.);
#2716 = VERTEX_POINT('',#2717);
#2717 = CARTESIAN_POINT('',(-1.867079549866E+03,-1.116617569512E+03,
    1.307525410989E+03));
#2718 = LINE('',#2719,#2720);
#2719 = CARTESIAN_POINT('',(-1.867079549866E+03,-1.116617569512E+03,
    1.307525410989E+03));
#2720 = VECTOR('',#2721,1.);
#2721 = DIRECTION('',(1.,-1.1E-16,1.1E-16));
#2722 = ORIENTED_EDGE('',*,*,#2723,.F.);
#2723 = EDGE_CURVE('',#2684,#2716,#2724,.T.);
#2724 = LINE('',#2725,#2726);
#2725 = CARTESIAN_POINT('',(-1.867079549866E+03,-1.116617569512E+03,
    1.317930439399E+03));
#2726 = VECTOR('',#2727,1.);
#2727 = DIRECTION('',(2.2E-16,-2.2E-16,-1.));
#2728 = PLANE('',#2729);
#2729 = AXIS2_PLACEMENT_3D('',#2730,#2731,#2732);
#2730 = CARTESIAN_POINT('',(-1.867079549866E+03,-1.116617569512E+03,
    1.317930439399E+03));
#2731 = DIRECTION('',(1.1E-16,1.,-2.2E-16));
#2732 = DIRECTION('',(2.2E-16,-2.2E-16,-1.));
#2733 = ADVANCED_FACE('',(#2734),#2759,.F.);
#2734 = FACE_BOUND('',#2735,.F.);
#2735 = EDGE_LOOP('',(#2736,#2737,#2745,#2753));
#2736 = ORIENTED_EDGE('',*,*,#2715,.T.);
#2737 = ORIENTED_EDGE('',*,*,#2738,.T.);
#2738 = EDGE_CURVE('',#2708,#2739,#2741,.T.);
#2739 = VERTEX_POINT('',#2740);
#2740 = CARTESIAN_POINT('',(-1.817079549866E+03,-1.107386235669E+03,
    1.291751973989E+03));
#2741 = LINE('',#2742,#2743);
#2742 = CARTESIAN_POINT('',(-1.817079549866E+03,-1.116617569512E+03,
    1.307525410989E+03));
#2743 = VECTOR('',#2744,1.);
#2744 = DIRECTION('',(3.E-16,0.505101869379,-0.863059732319));
#2745 = ORIENTED_EDGE('',*,*,#2746,.F.);
#2746 = EDGE_CURVE('',#2747,#2739,#2749,.T.);
#2747 = VERTEX_POINT('',#2748);
#2748 = CARTESIAN_POINT('',(-1.867079549866E+03,-1.107386235669E+03,
    1.291751973989E+03));
#2749 = LINE('',#2750,#2751);
#2750 = CARTESIAN_POINT('',(-1.867079549866E+03,-1.107386235669E+03,
    1.291751973989E+03));
#2751 = VECTOR('',#2752,1.);
#2752 = DIRECTION('',(1.,-1.1E-16,1.1E-16));
#2753 = ORIENTED_EDGE('',*,*,#2754,.F.);
#2754 = EDGE_CURVE('',#2716,#2747,#2755,.T.);
#2755 = LINE('',#2756,#2757);
#2756 = CARTESIAN_POINT('',(-1.867079549866E+03,-1.116617569512E+03,
    1.307525410989E+03));
#2757 = VECTOR('',#2758,1.);
#2758 = DIRECTION('',(3.E-16,0.505101869379,-0.863059732319));
#2759 = PLANE('',#2760);
#2760 = AXIS2_PLACEMENT_3D('',#2761,#2762,#2763);
#2761 = CARTESIAN_POINT('',(-1.867079549866E+03,-1.116617569512E+03,
    1.307525410989E+03));
#2762 = DIRECTION('',(4.E-17,0.863059732319,0.505101869379));
#2763 = DIRECTION('',(3.E-16,0.505101869379,-0.863059732319));
#2764 = ADVANCED_FACE('',(#2765),#2790,.F.);
#2765 = FACE_BOUND('',#2766,.F.);
#2766 = EDGE_LOOP('',(#2767,#2768,#2776,#2784));
#2767 = ORIENTED_EDGE('',*,*,#2746,.T.);
#2768 = ORIENTED_EDGE('',*,*,#2769,.T.);
#2769 = EDGE_CURVE('',#2739,#2770,#2772,.T.);
#2770 = VERTEX_POINT('',#2771);
#2771 = CARTESIAN_POINT('',(-1.817079549866E+03,-1.097721064669E+03,
    1.291751973989E+03));
#2772 = LINE('',#2773,#2774);
#2773 = CARTESIAN_POINT('',(-1.817079549866E+03,-1.107386235669E+03,
    1.291751973989E+03));
#2774 = VECTOR('',#2775,1.);
#2775 = DIRECTION('',(2.2E-16,1.,-2.2E-16));
#2776 = ORIENTED_EDGE('',*,*,#2777,.F.);
#2777 = EDGE_CURVE('',#2778,#2770,#2780,.T.);
#2778 = VERTEX_POINT('',#2779);
#2779 = CARTESIAN_POINT('',(-1.867079549866E+03,-1.097721064669E+03,
    1.291751973989E+03));
#2780 = LINE('',#2781,#2782);
#2781 = CARTESIAN_POINT('',(-1.867079549866E+03,-1.097721064669E+03,
    1.291751973989E+03));
#2782 = VECTOR('',#2783,1.);
#2783 = DIRECTION('',(1.,-1.1E-16,1.1E-16));
#2784 = ORIENTED_EDGE('',*,*,#2785,.F.);
#2785 = EDGE_CURVE('',#2747,#2778,#2786,.T.);
#2786 = LINE('',#2787,#2788);
#2787 = CARTESIAN_POINT('',(-1.867079549866E+03,-1.107386235669E+03,
    1.291751973989E+03));
#2788 = VECTOR('',#2789,1.);
#2789 = DIRECTION('',(2.2E-16,1.,-2.2E-16));
#2790 = PLANE('',#2791);
#2791 = AXIS2_PLACEMENT_3D('',#2792,#2793,#2794);
#2792 = CARTESIAN_POINT('',(-1.867079549866E+03,-1.107386235669E+03,
    1.291751973989E+03));
#2793 = DIRECTION('',(-1.1E-16,2.2E-16,1.));
#2794 = DIRECTION('',(2.2E-16,1.,-2.2E-16));
#2795 = ADVANCED_FACE('',(#2796),#2821,.F.);
#2796 = FACE_BOUND('',#2797,.F.);
#2797 = EDGE_LOOP('',(#2798,#2799,#2807,#2815));
#2798 = ORIENTED_EDGE('',*,*,#2777,.T.);
#2799 = ORIENTED_EDGE('',*,*,#2800,.T.);
#2800 = EDGE_CURVE('',#2770,#2801,#2803,.T.);
#2801 = VERTEX_POINT('',#2802);
#2802 = CARTESIAN_POINT('',(-1.817079549866E+03,-1.097721064669E+03,
    1.30727858174E+03));
#2803 = LINE('',#2804,#2805);
#2804 = CARTESIAN_POINT('',(-1.817079549866E+03,-1.097721064669E+03,
    1.291751973989E+03));
#2805 = VECTOR('',#2806,1.);
#2806 = DIRECTION('',(-2.2E-16,2.2E-16,1.));
#2807 = ORIENTED_EDGE('',*,*,#2808,.F.);
#2808 = EDGE_CURVE('',#2809,#2801,#2811,.T.);
#2809 = VERTEX_POINT('',#2810);
#2810 = CARTESIAN_POINT('',(-1.867079549866E+03,-1.097721064669E+03,
    1.30727858174E+03));
#2811 = LINE('',#2812,#2813);
#2812 = CARTESIAN_POINT('',(-1.867079549866E+03,-1.097721064669E+03,
    1.30727858174E+03));
#2813 = VECTOR('',#2814,1.);
#2814 = DIRECTION('',(1.,-1.1E-16,1.1E-16));
#2815 = ORIENTED_EDGE('',*,*,#2816,.F.);
#2816 = EDGE_CURVE('',#2778,#2809,#2817,.T.);
#2817 = LINE('',#2818,#2819);
#2818 = CARTESIAN_POINT('',(-1.867079549866E+03,-1.097721064669E+03,
    1.291751973989E+03));
#2819 = VECTOR('',#2820,1.);
#2820 = DIRECTION('',(-2.2E-16,2.2E-16,1.));
#2821 = PLANE('',#2822);
#2822 = AXIS2_PLACEMENT_3D('',#2823,#2824,#2825);
#2823 = CARTESIAN_POINT('',(-1.867079549866E+03,-1.097721064669E+03,
    1.291751973989E+03));
#2824 = DIRECTION('',(-1.1E-16,-1.,2.2E-16));
#2825 = DIRECTION('',(-2.2E-16,2.2E-16,1.));
#2826 = ADVANCED_FACE('',(#2827),#2852,.F.);
#2827 = FACE_BOUND('',#2828,.F.);
#2828 = EDGE_LOOP('',(#2829,#2830,#2838,#2846));
#2829 = ORIENTED_EDGE('',*,*,#2808,.T.);
#2830 = ORIENTED_EDGE('',*,*,#2831,.T.);
#2831 = EDGE_CURVE('',#2801,#2832,#2834,.T.);
#2832 = VERTEX_POINT('',#2833);
#2833 = CARTESIAN_POINT('',(-1.817079549866E+03,-1.098643650494E+03,
    1.30727858174E+03));
#2834 = LINE('',#2835,#2836);
#2835 = CARTESIAN_POINT('',(-1.817079549866E+03,-1.097721064669E+03,
    1.30727858174E+03));
#2836 = VECTOR('',#2837,1.);
#2837 = DIRECTION('',(-2.2E-16,-1.,2.2E-16));
#2838 = ORIENTED_EDGE('',*,*,#2839,.F.);
#2839 = EDGE_CURVE('',#2840,#2832,#2842,.T.);
#2840 = VERTEX_POINT('',#2841);
#2841 = CARTESIAN_POINT('',(-1.867079549866E+03,-1.098643650494E+03,
    1.30727858174E+03));
#2842 = LINE('',#2843,#2844);
#2843 = CARTESIAN_POINT('',(-1.867079549866E+03,-1.098643650494E+03,
    1.30727858174E+03));
#2844 = VECTOR('',#2845,1.);
#2845 = DIRECTION('',(1.,-1.1E-16,1.1E-16));
#2846 = ORIENTED_EDGE('',*,*,#2847,.F.);
#2847 = EDGE_CURVE('',#2809,#2840,#2848,.T.);
#2848 = LINE('',#2849,#2850);
#2849 = CARTESIAN_POINT('',(-1.867079549866E+03,-1.097721064669E+03,
    1.30727858174E+03));
#2850 = VECTOR('',#2851,1.);
#2851 = DIRECTION('',(-2.2E-16,-1.,2.2E-16));
#2852 = PLANE('',#2853);
#2853 = AXIS2_PLACEMENT_3D('',#2854,#2855,#2856);
#2854 = CARTESIAN_POINT('',(-1.867079549866E+03,-1.097721064669E+03,
    1.30727858174E+03));
#2855 = DIRECTION('',(1.1E-16,-2.2E-16,-1.));
#2856 = DIRECTION('',(-2.2E-16,-1.,2.2E-16));
#2857 = ADVANCED_FACE('',(#2858),#2874,.F.);
#2858 = FACE_BOUND('',#2859,.F.);
#2859 = EDGE_LOOP('',(#2860,#2861,#2867,#2868));
#2860 = ORIENTED_EDGE('',*,*,#2839,.T.);
#2861 = ORIENTED_EDGE('',*,*,#2862,.T.);
#2862 = EDGE_CURVE('',#2832,#2667,#2863,.T.);
#2863 = LINE('',#2864,#2865);
#2864 = CARTESIAN_POINT('',(-1.817079549866E+03,-1.098643650494E+03,
    1.30727858174E+03));
#2865 = VECTOR('',#2866,1.);
#2866 = DIRECTION('',(-2.2E-16,2.2E-16,1.));
#2867 = ORIENTED_EDGE('',*,*,#2664,.F.);
#2868 = ORIENTED_EDGE('',*,*,#2869,.F.);
#2869 = EDGE_CURVE('',#2840,#2665,#2870,.T.);
#2870 = LINE('',#2871,#2872);
#2871 = CARTESIAN_POINT('',(-1.867079549866E+03,-1.098643650494E+03,
    1.30727858174E+03));
#2872 = VECTOR('',#2873,1.);
#2873 = DIRECTION('',(-2.2E-16,2.2E-16,1.));
#2874 = PLANE('',#2875);
#2875 = AXIS2_PLACEMENT_3D('',#2876,#2877,#2878);
#2876 = CARTESIAN_POINT('',(-1.867079549866E+03,-1.098643650494E+03,
    1.30727858174E+03));
#2877 = DIRECTION('',(-1.1E-16,-1.,2.2E-16));
#2878 = DIRECTION('',(-2.2E-16,2.2E-16,1.));
#2879 = ADVANCED_FACE('',(#2880),#2907,.F.);
#2880 = FACE_BOUND('',#2881,.T.);
#2881 = EDGE_LOOP('',(#2882,#2892,#2899,#2900));
#2882 = ORIENTED_EDGE('',*,*,#2883,.T.);
#2883 = EDGE_CURVE('',#2884,#2886,#2888,.T.);
#2884 = VERTEX_POINT('',#2885);
#2885 = CARTESIAN_POINT('',(-1.867079549866E+03,-1.101643650494E+03,
    1.318615112656E+03));
#2886 = VERTEX_POINT('',#2887);
#2887 = CARTESIAN_POINT('',(-1.817079549866E+03,-1.101643650494E+03,
    1.318615112656E+03));
#2888 = LINE('',#2889,#2890);
#2889 = CARTESIAN_POINT('',(-1.867079549866E+03,-1.101643650494E+03,
    1.318615112656E+03));
#2890 = VECTOR('',#2891,1.);
#2891 = DIRECTION('',(1.,-1.1E-16,1.1E-16));
#2892 = ORIENTED_EDGE('',*,*,#2893,.T.);
#2893 = EDGE_CURVE('',#2886,#2886,#2894,.T.);
#2894 = CIRCLE('',#2895,6.);
#2895 = AXIS2_PLACEMENT_3D('',#2896,#2897,#2898);
#2896 = CARTESIAN_POINT('',(-1.817079549866E+03,-1.107643650494E+03,
    1.318615112656E+03));
#2897 = DIRECTION('',(1.,-2.2E-16,2.2E-16));
#2898 = DIRECTION('',(2.2E-16,1.,-2.2E-16));
#2899 = ORIENTED_EDGE('',*,*,#2883,.F.);
#2900 = ORIENTED_EDGE('',*,*,#2901,.F.);
#2901 = EDGE_CURVE('',#2884,#2884,#2902,.T.);
#2902 = CIRCLE('',#2903,6.);
#2903 = AXIS2_PLACEMENT_3D('',#2904,#2905,#2906);
#2904 = CARTESIAN_POINT('',(-1.867079549866E+03,-1.107643650494E+03,
    1.318615112656E+03));
#2905 = DIRECTION('',(1.,-2.2E-16,2.2E-16));
#2906 = DIRECTION('',(2.2E-16,1.,-2.2E-16));
#2907 = CYLINDRICAL_SURFACE('',#2908,6.);
#2908 = AXIS2_PLACEMENT_3D('',#2909,#2910,#2911);
#2909 = CARTESIAN_POINT('',(-1.867079549866E+03,-1.107643650494E+03,
    1.318615112656E+03));
#2910 = DIRECTION('',(-1.,2.2E-16,-2.2E-16));
#2911 = DIRECTION('',(2.2E-16,1.,-2.2E-16));
#2912 = ADVANCED_FACE('',(#2913,#2922),#2925,.F.);
#2913 = FACE_BOUND('',#2914,.F.);
#2914 = EDGE_LOOP('',(#2915,#2916,#2917,#2918,#2919,#2920,#2921));
#2915 = ORIENTED_EDGE('',*,*,#2691,.T.);
#2916 = ORIENTED_EDGE('',*,*,#2723,.T.);
#2917 = ORIENTED_EDGE('',*,*,#2754,.T.);
#2918 = ORIENTED_EDGE('',*,*,#2785,.T.);
#2919 = ORIENTED_EDGE('',*,*,#2816,.T.);
#2920 = ORIENTED_EDGE('',*,*,#2847,.T.);
#2921 = ORIENTED_EDGE('',*,*,#2869,.T.);
#2922 = FACE_BOUND('',#2923,.T.);
#2923 = EDGE_LOOP('',(#2924));
#2924 = ORIENTED_EDGE('',*,*,#2901,.T.);
#2925 = PLANE('',#2926);
#2926 = AXIS2_PLACEMENT_3D('',#2927,#2928,#2929);
#2927 = CARTESIAN_POINT('',(-1.867079549866E+03,-1.106557229234E+03,
    1.311409947298E+03));
#2928 = DIRECTION('',(1.,-2.2E-16,2.2E-16));
#2929 = DIRECTION('',(-2.2E-16,0.,1.));
#2930 = ADVANCED_FACE('',(#2931,#2940),#2943,.T.);
#2931 = FACE_BOUND('',#2932,.T.);
#2932 = EDGE_LOOP('',(#2933,#2934,#2935,#2936,#2937,#2938,#2939));
#2933 = ORIENTED_EDGE('',*,*,#2674,.T.);
#2934 = ORIENTED_EDGE('',*,*,#2707,.T.);
#2935 = ORIENTED_EDGE('',*,*,#2738,.T.);
#2936 = ORIENTED_EDGE('',*,*,#2769,.T.);
#2937 = ORIENTED_EDGE('',*,*,#2800,.T.);
#2938 = ORIENTED_EDGE('',*,*,#2831,.T.);
#2939 = ORIENTED_EDGE('',*,*,#2862,.T.);
#2940 = FACE_BOUND('',#2941,.F.);
#2941 = EDGE_LOOP('',(#2942));
#2942 = ORIENTED_EDGE('',*,*,#2893,.T.);
#2943 = PLANE('',#2944);
#2944 = AXIS2_PLACEMENT_3D('',#2945,#2946,#2947);
#2945 = CARTESIAN_POINT('',(-1.817079549866E+03,-1.106557229234E+03,
    1.311409947298E+03));
#2946 = DIRECTION('',(1.,-2.2E-16,2.2E-16));
#2947 = DIRECTION('',(-2.2E-16,0.,1.));
#2948 = MANIFOLD_SOLID_BREP('',#2949);
#2949 = CLOSED_SHELL('',(#2950,#2992,#3023,#3054,#3085,#3116,#3147,#3169
    ,#3202,#3220));
#2950 = ADVANCED_FACE('',(#2951),#2987,.T.);
#2951 = FACE_BOUND('',#2952,.F.);
#2952 = EDGE_LOOP('',(#2953,#2963,#2972,#2980));
#2953 = ORIENTED_EDGE('',*,*,#2954,.T.);
#2954 = EDGE_CURVE('',#2955,#2957,#2959,.T.);
#2955 = VERTEX_POINT('',#2956);
#2956 = CARTESIAN_POINT('',(-2.867079549866E+03,-1.098643650494E+03,
    1.318615112656E+03));
#2957 = VERTEX_POINT('',#2958);
#2958 = CARTESIAN_POINT('',(-2.817079549866E+03,-1.098643650494E+03,
    1.318615112656E+03));
#2959 = LINE('',#2960,#2961);
#2960 = CARTESIAN_POINT('',(-2.867079549866E+03,-1.098643650494E+03,
    1.318615112656E+03));
#2961 = VECTOR('',#2962,1.);
#2962 = DIRECTION('',(1.,-1.1E-16,1.1E-16));
#2963 = ORIENTED_EDGE('',*,*,#2964,.T.);
#2964 = EDGE_CURVE('',#2957,#2965,#2967,.T.);
#2965 = VERTEX_POINT('',#2966);
#2966 = CARTESIAN_POINT('',(-2.817079549866E+03,-1.116617569512E+03,
    1.317930439399E+03));
#2967 = CIRCLE('',#2968,9.);
#2968 = AXIS2_PLACEMENT_3D('',#2969,#2970,#2971);
#2969 = CARTESIAN_POINT('',(-2.817079549866E+03,-1.107643650494E+03,
    1.318615112656E+03));
#2970 = DIRECTION('',(1.,-2.2E-16,2.2E-16));
#2971 = DIRECTION('',(2.2E-16,1.,-2.2E-16));
#2972 = ORIENTED_EDGE('',*,*,#2973,.F.);
#2973 = EDGE_CURVE('',#2974,#2965,#2976,.T.);
#2974 = VERTEX_POINT('',#2975);
#2975 = CARTESIAN_POINT('',(-2.867079549866E+03,-1.116617569512E+03,
    1.317930439399E+03));
#2976 = LINE('',#2977,#2978);
#2977 = CARTESIAN_POINT('',(-2.867079549866E+03,-1.116617569512E+03,
    1.317930439399E+03));
#2978 = VECTOR('',#2979,1.);
#2979 = DIRECTION('',(1.,-1.1E-16,1.1E-16));
#2980 = ORIENTED_EDGE('',*,*,#2981,.F.);
#2981 = EDGE_CURVE('',#2955,#2974,#2982,.T.);
#2982 = CIRCLE('',#2983,9.);
#2983 = AXIS2_PLACEMENT_3D('',#2984,#2985,#2986);
#2984 = CARTESIAN_POINT('',(-2.867079549866E+03,-1.107643650494E+03,
    1.318615112656E+03));
#2985 = DIRECTION('',(1.,-2.2E-16,2.2E-16));
#2986 = DIRECTION('',(2.2E-16,1.,-2.2E-16));
#2987 = CYLINDRICAL_SURFACE('',#2988,9.);
#2988 = AXIS2_PLACEMENT_3D('',#2989,#2990,#2991);
#2989 = CARTESIAN_POINT('',(-2.867079549866E+03,-1.107643650494E+03,
    1.318615112656E+03));
#2990 = DIRECTION('',(-1.,2.2E-16,-2.2E-16));
#2991 = DIRECTION('',(2.2E-16,1.,-2.2E-16));
#2992 = ADVANCED_FACE('',(#2993),#3018,.F.);
#2993 = FACE_BOUND('',#2994,.F.);
#2994 = EDGE_LOOP('',(#2995,#2996,#3004,#3012));
#2995 = ORIENTED_EDGE('',*,*,#2973,.T.);
#2996 = ORIENTED_EDGE('',*,*,#2997,.T.);
#2997 = EDGE_CURVE('',#2965,#2998,#3000,.T.);
#2998 = VERTEX_POINT('',#2999);
#2999 = CARTESIAN_POINT('',(-2.817079549866E+03,-1.116617569512E+03,
    1.307525410989E+03));
#3000 = LINE('',#3001,#3002);
#3001 = CARTESIAN_POINT('',(-2.817079549866E+03,-1.116617569512E+03,
    1.317930439399E+03));
#3002 = VECTOR('',#3003,1.);
#3003 = DIRECTION('',(2.2E-16,-2.2E-16,-1.));
#3004 = ORIENTED_EDGE('',*,*,#3005,.F.);
#3005 = EDGE_CURVE('',#3006,#2998,#3008,.T.);
#3006 = VERTEX_POINT('',#3007);
#3007 = CARTESIAN_POINT('',(-2.867079549866E+03,-1.116617569512E+03,
    1.307525410989E+03));
#3008 = LINE('',#3009,#3010);
#3009 = CARTESIAN_POINT('',(-2.867079549866E+03,-1.116617569512E+03,
    1.307525410989E+03));
#3010 = VECTOR('',#3011,1.);
#3011 = DIRECTION('',(1.,-1.1E-16,1.1E-16));
#3012 = ORIENTED_EDGE('',*,*,#3013,.F.);
#3013 = EDGE_CURVE('',#2974,#3006,#3014,.T.);
#3014 = LINE('',#3015,#3016);
#3015 = CARTESIAN_POINT('',(-2.867079549866E+03,-1.116617569512E+03,
    1.317930439399E+03));
#3016 = VECTOR('',#3017,1.);
#3017 = DIRECTION('',(2.2E-16,-2.2E-16,-1.));
#3018 = PLANE('',#3019);
#3019 = AXIS2_PLACEMENT_3D('',#3020,#3021,#3022);
#3020 = CARTESIAN_POINT('',(-2.867079549866E+03,-1.116617569512E+03,
    1.317930439399E+03));
#3021 = DIRECTION('',(1.1E-16,1.,-2.2E-16));
#3022 = DIRECTION('',(2.2E-16,-2.2E-16,-1.));
#3023 = ADVANCED_FACE('',(#3024),#3049,.F.);
#3024 = FACE_BOUND('',#3025,.F.);
#3025 = EDGE_LOOP('',(#3026,#3027,#3035,#3043));
#3026 = ORIENTED_EDGE('',*,*,#3005,.T.);
#3027 = ORIENTED_EDGE('',*,*,#3028,.T.);
#3028 = EDGE_CURVE('',#2998,#3029,#3031,.T.);
#3029 = VERTEX_POINT('',#3030);
#3030 = CARTESIAN_POINT('',(-2.817079549866E+03,-1.107386235669E+03,
    1.291751973989E+03));
#3031 = LINE('',#3032,#3033);
#3032 = CARTESIAN_POINT('',(-2.817079549866E+03,-1.116617569512E+03,
    1.307525410989E+03));
#3033 = VECTOR('',#3034,1.);
#3034 = DIRECTION('',(3.E-16,0.505101869379,-0.863059732319));
#3035 = ORIENTED_EDGE('',*,*,#3036,.F.);
#3036 = EDGE_CURVE('',#3037,#3029,#3039,.T.);
#3037 = VERTEX_POINT('',#3038);
#3038 = CARTESIAN_POINT('',(-2.867079549866E+03,-1.107386235669E+03,
    1.291751973989E+03));
#3039 = LINE('',#3040,#3041);
#3040 = CARTESIAN_POINT('',(-2.867079549866E+03,-1.107386235669E+03,
    1.291751973989E+03));
#3041 = VECTOR('',#3042,1.);
#3042 = DIRECTION('',(1.,-1.1E-16,1.1E-16));
#3043 = ORIENTED_EDGE('',*,*,#3044,.F.);
#3044 = EDGE_CURVE('',#3006,#3037,#3045,.T.);
#3045 = LINE('',#3046,#3047);
#3046 = CARTESIAN_POINT('',(-2.867079549866E+03,-1.116617569512E+03,
    1.307525410989E+03));
#3047 = VECTOR('',#3048,1.);
#3048 = DIRECTION('',(3.E-16,0.505101869379,-0.863059732319));
#3049 = PLANE('',#3050);
#3050 = AXIS2_PLACEMENT_3D('',#3051,#3052,#3053);
#3051 = CARTESIAN_POINT('',(-2.867079549866E+03,-1.116617569512E+03,
    1.307525410989E+03));
#3052 = DIRECTION('',(4.E-17,0.863059732319,0.505101869379));
#3053 = DIRECTION('',(3.E-16,0.505101869379,-0.863059732319));
#3054 = ADVANCED_FACE('',(#3055),#3080,.F.);
#3055 = FACE_BOUND('',#3056,.F.);
#3056 = EDGE_LOOP('',(#3057,#3058,#3066,#3074));
#3057 = ORIENTED_EDGE('',*,*,#3036,.T.);
#3058 = ORIENTED_EDGE('',*,*,#3059,.T.);
#3059 = EDGE_CURVE('',#3029,#3060,#3062,.T.);
#3060 = VERTEX_POINT('',#3061);
#3061 = CARTESIAN_POINT('',(-2.817079549866E+03,-1.097721064669E+03,
    1.291751973989E+03));
#3062 = LINE('',#3063,#3064);
#3063 = CARTESIAN_POINT('',(-2.817079549866E+03,-1.107386235669E+03,
    1.291751973989E+03));
#3064 = VECTOR('',#3065,1.);
#3065 = DIRECTION('',(2.2E-16,1.,-2.2E-16));
#3066 = ORIENTED_EDGE('',*,*,#3067,.F.);
#3067 = EDGE_CURVE('',#3068,#3060,#3070,.T.);
#3068 = VERTEX_POINT('',#3069);
#3069 = CARTESIAN_POINT('',(-2.867079549866E+03,-1.097721064669E+03,
    1.291751973989E+03));
#3070 = LINE('',#3071,#3072);
#3071 = CARTESIAN_POINT('',(-2.867079549866E+03,-1.097721064669E+03,
    1.291751973989E+03));
#3072 = VECTOR('',#3073,1.);
#3073 = DIRECTION('',(1.,-1.1E-16,1.1E-16));
#3074 = ORIENTED_EDGE('',*,*,#3075,.F.);
#3075 = EDGE_CURVE('',#3037,#3068,#3076,.T.);
#3076 = LINE('',#3077,#3078);
#3077 = CARTESIAN_POINT('',(-2.867079549866E+03,-1.107386235669E+03,
    1.291751973989E+03));
#3078 = VECTOR('',#3079,1.);
#3079 = DIRECTION('',(2.2E-16,1.,-2.2E-16));
#3080 = PLANE('',#3081);
#3081 = AXIS2_PLACEMENT_3D('',#3082,#3083,#3084);
#3082 = CARTESIAN_POINT('',(-2.867079549866E+03,-1.107386235669E+03,
    1.291751973989E+03));
#3083 = DIRECTION('',(-1.1E-16,2.2E-16,1.));
#3084 = DIRECTION('',(2.2E-16,1.,-2.2E-16));
#3085 = ADVANCED_FACE('',(#3086),#3111,.F.);
#3086 = FACE_BOUND('',#3087,.F.);
#3087 = EDGE_LOOP('',(#3088,#3089,#3097,#3105));
#3088 = ORIENTED_EDGE('',*,*,#3067,.T.);
#3089 = ORIENTED_EDGE('',*,*,#3090,.T.);
#3090 = EDGE_CURVE('',#3060,#3091,#3093,.T.);
#3091 = VERTEX_POINT('',#3092);
#3092 = CARTESIAN_POINT('',(-2.817079549866E+03,-1.097721064669E+03,
    1.30727858174E+03));
#3093 = LINE('',#3094,#3095);
#3094 = CARTESIAN_POINT('',(-2.817079549866E+03,-1.097721064669E+03,
    1.291751973989E+03));
#3095 = VECTOR('',#3096,1.);
#3096 = DIRECTION('',(-2.2E-16,2.2E-16,1.));
#3097 = ORIENTED_EDGE('',*,*,#3098,.F.);
#3098 = EDGE_CURVE('',#3099,#3091,#3101,.T.);
#3099 = VERTEX_POINT('',#3100);
#3100 = CARTESIAN_POINT('',(-2.867079549866E+03,-1.097721064669E+03,
    1.30727858174E+03));
#3101 = LINE('',#3102,#3103);
#3102 = CARTESIAN_POINT('',(-2.867079549866E+03,-1.097721064669E+03,
    1.30727858174E+03));
#3103 = VECTOR('',#3104,1.);
#3104 = DIRECTION('',(1.,-1.1E-16,1.1E-16));
#3105 = ORIENTED_EDGE('',*,*,#3106,.F.);
#3106 = EDGE_CURVE('',#3068,#3099,#3107,.T.);
#3107 = LINE('',#3108,#3109);
#3108 = CARTESIAN_POINT('',(-2.867079549866E+03,-1.097721064669E+03,
    1.291751973989E+03));
#3109 = VECTOR('',#3110,1.);
#3110 = DIRECTION('',(-2.2E-16,2.2E-16,1.));
#3111 = PLANE('',#3112);
#3112 = AXIS2_PLACEMENT_3D('',#3113,#3114,#3115);
#3113 = CARTESIAN_POINT('',(-2.867079549866E+03,-1.097721064669E+03,
    1.291751973989E+03));
#3114 = DIRECTION('',(-1.1E-16,-1.,2.2E-16));
#3115 = DIRECTION('',(-2.2E-16,2.2E-16,1.));
#3116 = ADVANCED_FACE('',(#3117),#3142,.F.);
#3117 = FACE_BOUND('',#3118,.F.);
#3118 = EDGE_LOOP('',(#3119,#3120,#3128,#3136));
#3119 = ORIENTED_EDGE('',*,*,#3098,.T.);
#3120 = ORIENTED_EDGE('',*,*,#3121,.T.);
#3121 = EDGE_CURVE('',#3091,#3122,#3124,.T.);
#3122 = VERTEX_POINT('',#3123);
#3123 = CARTESIAN_POINT('',(-2.817079549866E+03,-1.098643650494E+03,
    1.30727858174E+03));
#3124 = LINE('',#3125,#3126);
#3125 = CARTESIAN_POINT('',(-2.817079549866E+03,-1.097721064669E+03,
    1.30727858174E+03));
#3126 = VECTOR('',#3127,1.);
#3127 = DIRECTION('',(-2.2E-16,-1.,2.2E-16));
#3128 = ORIENTED_EDGE('',*,*,#3129,.F.);
#3129 = EDGE_CURVE('',#3130,#3122,#3132,.T.);
#3130 = VERTEX_POINT('',#3131);
#3131 = CARTESIAN_POINT('',(-2.867079549866E+03,-1.098643650494E+03,
    1.30727858174E+03));
#3132 = LINE('',#3133,#3134);
#3133 = CARTESIAN_POINT('',(-2.867079549866E+03,-1.098643650494E+03,
    1.30727858174E+03));
#3134 = VECTOR('',#3135,1.);
#3135 = DIRECTION('',(1.,-1.1E-16,1.1E-16));
#3136 = ORIENTED_EDGE('',*,*,#3137,.F.);
#3137 = EDGE_CURVE('',#3099,#3130,#3138,.T.);
#3138 = LINE('',#3139,#3140);
#3139 = CARTESIAN_POINT('',(-2.867079549866E+03,-1.097721064669E+03,
    1.30727858174E+03));
#3140 = VECTOR('',#3141,1.);
#3141 = DIRECTION('',(-2.2E-16,-1.,2.2E-16));
#3142 = PLANE('',#3143);
#3143 = AXIS2_PLACEMENT_3D('',#3144,#3145,#3146);
#3144 = CARTESIAN_POINT('',(-2.867079549866E+03,-1.097721064669E+03,
    1.30727858174E+03));
#3145 = DIRECTION('',(1.1E-16,-2.2E-16,-1.));
#3146 = DIRECTION('',(-2.2E-16,-1.,2.2E-16));
#3147 = ADVANCED_FACE('',(#3148),#3164,.F.);
#3148 = FACE_BOUND('',#3149,.F.);
#3149 = EDGE_LOOP('',(#3150,#3151,#3157,#3158));
#3150 = ORIENTED_EDGE('',*,*,#3129,.T.);
#3151 = ORIENTED_EDGE('',*,*,#3152,.T.);
#3152 = EDGE_CURVE('',#3122,#2957,#3153,.T.);
#3153 = LINE('',#3154,#3155);
#3154 = CARTESIAN_POINT('',(-2.817079549866E+03,-1.098643650494E+03,
    1.30727858174E+03));
#3155 = VECTOR('',#3156,1.);
#3156 = DIRECTION('',(-2.2E-16,2.2E-16,1.));
#3157 = ORIENTED_EDGE('',*,*,#2954,.F.);
#3158 = ORIENTED_EDGE('',*,*,#3159,.F.);
#3159 = EDGE_CURVE('',#3130,#2955,#3160,.T.);
#3160 = LINE('',#3161,#3162);
#3161 = CARTESIAN_POINT('',(-2.867079549866E+03,-1.098643650494E+03,
    1.30727858174E+03));
#3162 = VECTOR('',#3163,1.);
#3163 = DIRECTION('',(-2.2E-16,2.2E-16,1.));
#3164 = PLANE('',#3165);
#3165 = AXIS2_PLACEMENT_3D('',#3166,#3167,#3168);
#3166 = CARTESIAN_POINT('',(-2.867079549866E+03,-1.098643650494E+03,
    1.30727858174E+03));
#3167 = DIRECTION('',(-1.1E-16,-1.,2.2E-16));
#3168 = DIRECTION('',(-2.2E-16,2.2E-16,1.));
#3169 = ADVANCED_FACE('',(#3170),#3197,.F.);
#3170 = FACE_BOUND('',#3171,.T.);
#3171 = EDGE_LOOP('',(#3172,#3182,#3189,#3190));
#3172 = ORIENTED_EDGE('',*,*,#3173,.T.);
#3173 = EDGE_CURVE('',#3174,#3176,#3178,.T.);
#3174 = VERTEX_POINT('',#3175);
#3175 = CARTESIAN_POINT('',(-2.867079549866E+03,-1.101643650494E+03,
    1.318615112656E+03));
#3176 = VERTEX_POINT('',#3177);
#3177 = CARTESIAN_POINT('',(-2.817079549866E+03,-1.101643650494E+03,
    1.318615112656E+03));
#3178 = LINE('',#3179,#3180);
#3179 = CARTESIAN_POINT('',(-2.867079549866E+03,-1.101643650494E+03,
    1.318615112656E+03));
#3180 = VECTOR('',#3181,1.);
#3181 = DIRECTION('',(1.,-1.1E-16,1.1E-16));
#3182 = ORIENTED_EDGE('',*,*,#3183,.T.);
#3183 = EDGE_CURVE('',#3176,#3176,#3184,.T.);
#3184 = CIRCLE('',#3185,6.);
#3185 = AXIS2_PLACEMENT_3D('',#3186,#3187,#3188);
#3186 = CARTESIAN_POINT('',(-2.817079549866E+03,-1.107643650494E+03,
    1.318615112656E+03));
#3187 = DIRECTION('',(1.,-2.2E-16,2.2E-16));
#3188 = DIRECTION('',(2.2E-16,1.,-2.2E-16));
#3189 = ORIENTED_EDGE('',*,*,#3173,.F.);
#3190 = ORIENTED_EDGE('',*,*,#3191,.F.);
#3191 = EDGE_CURVE('',#3174,#3174,#3192,.T.);
#3192 = CIRCLE('',#3193,6.);
#3193 = AXIS2_PLACEMENT_3D('',#3194,#3195,#3196);
#3194 = CARTESIAN_POINT('',(-2.867079549866E+03,-1.107643650494E+03,
    1.318615112656E+03));
#3195 = DIRECTION('',(1.,-2.2E-16,2.2E-16));
#3196 = DIRECTION('',(2.2E-16,1.,-2.2E-16));
#3197 = CYLINDRICAL_SURFACE('',#3198,6.);
#3198 = AXIS2_PLACEMENT_3D('',#3199,#3200,#3201);
#3199 = CARTESIAN_POINT('',(-2.867079549866E+03,-1.107643650494E+03,
    1.318615112656E+03));
#3200 = DIRECTION('',(-1.,2.2E-16,-2.2E-16));
#3201 = DIRECTION('',(2.2E-16,1.,-2.2E-16));
#3202 = ADVANCED_FACE('',(#3203,#3212),#3215,.F.);
#3203 = FACE_BOUND('',#3204,.F.);
#3204 = EDGE_LOOP('',(#3205,#3206,#3207,#3208,#3209,#3210,#3211));
#3205 = ORIENTED_EDGE('',*,*,#2981,.T.);
#3206 = ORIENTED_EDGE('',*,*,#3013,.T.);
#3207 = ORIENTED_EDGE('',*,*,#3044,.T.);
#3208 = ORIENTED_EDGE('',*,*,#3075,.T.);
#3209 = ORIENTED_EDGE('',*,*,#3106,.T.);
#3210 = ORIENTED_EDGE('',*,*,#3137,.T.);
#3211 = ORIENTED_EDGE('',*,*,#3159,.T.);
#3212 = FACE_BOUND('',#3213,.T.);
#3213 = EDGE_LOOP('',(#3214));
#3214 = ORIENTED_EDGE('',*,*,#3191,.T.);
#3215 = PLANE('',#3216);
#3216 = AXIS2_PLACEMENT_3D('',#3217,#3218,#3219);
#3217 = CARTESIAN_POINT('',(-2.867079549866E+03,-1.106557229234E+03,
    1.311409947298E+03));
#3218 = DIRECTION('',(1.,-2.2E-16,2.2E-16));
#3219 = DIRECTION('',(-2.2E-16,0.,1.));
#3220 = ADVANCED_FACE('',(#3221,#3230),#3233,.T.);
#3221 = FACE_BOUND('',#3222,.T.);
#3222 = EDGE_LOOP('',(#3223,#3224,#3225,#3226,#3227,#3228,#3229));
#3223 = ORIENTED_EDGE('',*,*,#2964,.T.);
#3224 = ORIENTED_EDGE('',*,*,#2997,.T.);
#3225 = ORIENTED_EDGE('',*,*,#3028,.T.);
#3226 = ORIENTED_EDGE('',*,*,#3059,.T.);
#3227 = ORIENTED_EDGE('',*,*,#3090,.T.);
#3228 = ORIENTED_EDGE('',*,*,#3121,.T.);
#3229 = ORIENTED_EDGE('',*,*,#3152,.T.);
#3230 = FACE_BOUND('',#3231,.F.);
#3231 = EDGE_LOOP('',(#3232));
#3232 = ORIENTED_EDGE('',*,*,#3183,.T.);
#3233 = PLANE('',#3234);
#3234 = AXIS2_PLACEMENT_3D('',#3235,#3236,#3237);
#3235 = CARTESIAN_POINT('',(-2.817079549866E+03,-1.106557229234E+03,
    1.311409947298E+03));
#3236 = DIRECTION('',(1.,-2.2E-16,2.2E-16));
#3237 = DIRECTION('',(-2.2E-16,0.,1.));
#3238 = MANIFOLD_SOLID_BREP('',#3239);
#3239 = CLOSED_SHELL('',(#3240,#3282,#3313,#3344,#3375,#3406,#3437,#3459
    ,#3492,#3510));
#3240 = ADVANCED_FACE('',(#3241),#3277,.T.);
#3241 = FACE_BOUND('',#3242,.T.);
#3242 = EDGE_LOOP('',(#3243,#3253,#3262,#3270));
#3243 = ORIENTED_EDGE('',*,*,#3244,.T.);
#3244 = EDGE_CURVE('',#3245,#3247,#3249,.T.);
#3245 = VERTEX_POINT('',#3246);
#3246 = CARTESIAN_POINT('',(132.92045013426,1.100971165142E+03,
    1.318736572617E+03));
#3247 = VERTEX_POINT('',#3248);
#3248 = CARTESIAN_POINT('',(182.92045013426,1.100971165142E+03,
    1.318736572617E+03));
#3249 = LINE('',#3250,#3251);
#3250 = CARTESIAN_POINT('',(132.92045013426,1.100971165142E+03,
    1.318736572617E+03));
#3251 = VECTOR('',#3252,1.);
#3252 = DIRECTION('',(1.,1.1E-16,1.1E-16));
#3253 = ORIENTED_EDGE('',*,*,#3254,.T.);
#3254 = EDGE_CURVE('',#3247,#3255,#3257,.T.);
#3255 = VERTEX_POINT('',#3256);
#3256 = CARTESIAN_POINT('',(182.92045013426,1.11894508416E+03,
    1.31805189936E+03));
#3257 = CIRCLE('',#3258,9.);
#3258 = AXIS2_PLACEMENT_3D('',#3259,#3260,#3261);
#3259 = CARTESIAN_POINT('',(182.92045013426,1.109971165142E+03,
    1.318736572617E+03));
#3260 = DIRECTION('',(-1.,-2.2E-16,-2.2E-16));
#3261 = DIRECTION('',(2.2E-16,-1.,-2.2E-16));
#3262 = ORIENTED_EDGE('',*,*,#3263,.F.);
#3263 = EDGE_CURVE('',#3264,#3255,#3266,.T.);
#3264 = VERTEX_POINT('',#3265);
#3265 = CARTESIAN_POINT('',(132.92045013426,1.11894508416E+03,
    1.31805189936E+03));
#3266 = LINE('',#3267,#3268);
#3267 = CARTESIAN_POINT('',(132.92045013426,1.11894508416E+03,
    1.31805189936E+03));
#3268 = VECTOR('',#3269,1.);
#3269 = DIRECTION('',(1.,1.1E-16,1.1E-16));
#3270 = ORIENTED_EDGE('',*,*,#3271,.F.);
#3271 = EDGE_CURVE('',#3245,#3264,#3272,.T.);
#3272 = CIRCLE('',#3273,9.);
#3273 = AXIS2_PLACEMENT_3D('',#3274,#3275,#3276);
#3274 = CARTESIAN_POINT('',(132.92045013426,1.109971165142E+03,
    1.318736572617E+03));
#3275 = DIRECTION('',(-1.,-2.2E-16,-2.2E-16));
#3276 = DIRECTION('',(2.2E-16,-1.,-2.2E-16));
#3277 = CYLINDRICAL_SURFACE('',#3278,9.);
#3278 = AXIS2_PLACEMENT_3D('',#3279,#3280,#3281);
#3279 = CARTESIAN_POINT('',(132.92045013426,1.109971165142E+03,
    1.318736572617E+03));
#3280 = DIRECTION('',(-1.,-2.2E-16,-2.2E-16));
#3281 = DIRECTION('',(2.2E-16,-1.,-2.2E-16));
#3282 = ADVANCED_FACE('',(#3283),#3308,.F.);
#3283 = FACE_BOUND('',#3284,.T.);
#3284 = EDGE_LOOP('',(#3285,#3286,#3294,#3302));
#3285 = ORIENTED_EDGE('',*,*,#3263,.T.);
#3286 = ORIENTED_EDGE('',*,*,#3287,.T.);
#3287 = EDGE_CURVE('',#3255,#3288,#3290,.T.);
#3288 = VERTEX_POINT('',#3289);
#3289 = CARTESIAN_POINT('',(182.92045013426,1.11894508416E+03,
    1.30764687095E+03));
#3290 = LINE('',#3291,#3292);
#3291 = CARTESIAN_POINT('',(182.92045013426,1.11894508416E+03,
    1.31805189936E+03));
#3292 = VECTOR('',#3293,1.);
#3293 = DIRECTION('',(2.2E-16,2.2E-16,-1.));
#3294 = ORIENTED_EDGE('',*,*,#3295,.F.);
#3295 = EDGE_CURVE('',#3296,#3288,#3298,.T.);
#3296 = VERTEX_POINT('',#3297);
#3297 = CARTESIAN_POINT('',(132.92045013426,1.11894508416E+03,
    1.30764687095E+03));
#3298 = LINE('',#3299,#3300);
#3299 = CARTESIAN_POINT('',(132.92045013426,1.11894508416E+03,
    1.30764687095E+03));
#3300 = VECTOR('',#3301,1.);
#3301 = DIRECTION('',(1.,1.1E-16,1.1E-16));
#3302 = ORIENTED_EDGE('',*,*,#3303,.F.);
#3303 = EDGE_CURVE('',#3264,#3296,#3304,.T.);
#3304 = LINE('',#3305,#3306);
#3305 = CARTESIAN_POINT('',(132.92045013426,1.11894508416E+03,
    1.31805189936E+03));
#3306 = VECTOR('',#3307,1.);
#3307 = DIRECTION('',(2.2E-16,2.2E-16,-1.));
#3308 = PLANE('',#3309);
#3309 = AXIS2_PLACEMENT_3D('',#3310,#3311,#3312);
#3310 = CARTESIAN_POINT('',(132.92045013426,1.11894508416E+03,
    1.31805189936E+03));
#3311 = DIRECTION('',(1.1E-16,-1.,-2.2E-16));
#3312 = DIRECTION('',(-2.2E-16,-2.2E-16,1.));
#3313 = ADVANCED_FACE('',(#3314),#3339,.F.);
#3314 = FACE_BOUND('',#3315,.T.);
#3315 = EDGE_LOOP('',(#3316,#3317,#3325,#3333));
#3316 = ORIENTED_EDGE('',*,*,#3295,.T.);
#3317 = ORIENTED_EDGE('',*,*,#3318,.T.);
#3318 = EDGE_CURVE('',#3288,#3319,#3321,.T.);
#3319 = VERTEX_POINT('',#3320);
#3320 = CARTESIAN_POINT('',(182.92045013426,1.109713750317E+03,
    1.29187343395E+03));
#3321 = LINE('',#3322,#3323);
#3322 = CARTESIAN_POINT('',(182.92045013426,1.11894508416E+03,
    1.30764687095E+03));
#3323 = VECTOR('',#3324,1.);
#3324 = DIRECTION('',(3.E-16,-0.505101869379,-0.863059732319));
#3325 = ORIENTED_EDGE('',*,*,#3326,.F.);
#3326 = EDGE_CURVE('',#3327,#3319,#3329,.T.);
#3327 = VERTEX_POINT('',#3328);
#3328 = CARTESIAN_POINT('',(132.92045013426,1.109713750317E+03,
    1.29187343395E+03));
#3329 = LINE('',#3330,#3331);
#3330 = CARTESIAN_POINT('',(132.92045013426,1.109713750317E+03,
    1.29187343395E+03));
#3331 = VECTOR('',#3332,1.);
#3332 = DIRECTION('',(1.,1.1E-16,1.1E-16));
#3333 = ORIENTED_EDGE('',*,*,#3334,.F.);
#3334 = EDGE_CURVE('',#3296,#3327,#3335,.T.);
#3335 = LINE('',#3336,#3337);
#3336 = CARTESIAN_POINT('',(132.92045013426,1.11894508416E+03,
    1.30764687095E+03));
#3337 = VECTOR('',#3338,1.);
#3338 = DIRECTION('',(3.E-16,-0.505101869379,-0.863059732319));
#3339 = PLANE('',#3340);
#3340 = AXIS2_PLACEMENT_3D('',#3341,#3342,#3343);
#3341 = CARTESIAN_POINT('',(132.92045013426,1.11894508416E+03,
    1.30764687095E+03));
#3342 = DIRECTION('',(4.E-17,-0.863059732319,0.505101869379));
#3343 = DIRECTION('',(-3.E-16,0.505101869379,0.863059732319));
#3344 = ADVANCED_FACE('',(#3345),#3370,.F.);
#3345 = FACE_BOUND('',#3346,.T.);
#3346 = EDGE_LOOP('',(#3347,#3348,#3356,#3364));
#3347 = ORIENTED_EDGE('',*,*,#3326,.T.);
#3348 = ORIENTED_EDGE('',*,*,#3349,.T.);
#3349 = EDGE_CURVE('',#3319,#3350,#3352,.T.);
#3350 = VERTEX_POINT('',#3351);
#3351 = CARTESIAN_POINT('',(182.92045013426,1.100048579317E+03,
    1.29187343395E+03));
#3352 = LINE('',#3353,#3354);
#3353 = CARTESIAN_POINT('',(182.92045013426,1.109713750317E+03,
    1.29187343395E+03));
#3354 = VECTOR('',#3355,1.);
#3355 = DIRECTION('',(2.2E-16,-1.,-2.2E-16));
#3356 = ORIENTED_EDGE('',*,*,#3357,.F.);
#3357 = EDGE_CURVE('',#3358,#3350,#3360,.T.);
#3358 = VERTEX_POINT('',#3359);
#3359 = CARTESIAN_POINT('',(132.92045013426,1.100048579317E+03,
    1.29187343395E+03));
#3360 = LINE('',#3361,#3362);
#3361 = CARTESIAN_POINT('',(132.92045013426,1.100048579317E+03,
    1.29187343395E+03));
#3362 = VECTOR('',#3363,1.);
#3363 = DIRECTION('',(1.,1.1E-16,1.1E-16));
#3364 = ORIENTED_EDGE('',*,*,#3365,.F.);
#3365 = EDGE_CURVE('',#3327,#3358,#3366,.T.);
#3366 = LINE('',#3367,#3368);
#3367 = CARTESIAN_POINT('',(132.92045013426,1.109713750317E+03,
    1.29187343395E+03));
#3368 = VECTOR('',#3369,1.);
#3369 = DIRECTION('',(2.2E-16,-1.,-2.2E-16));
#3370 = PLANE('',#3371);
#3371 = AXIS2_PLACEMENT_3D('',#3372,#3373,#3374);
#3372 = CARTESIAN_POINT('',(132.92045013426,1.109713750317E+03,
    1.29187343395E+03));
#3373 = DIRECTION('',(-1.1E-16,-2.2E-16,1.));
#3374 = DIRECTION('',(-2.2E-16,1.,2.2E-16));
#3375 = ADVANCED_FACE('',(#3376),#3401,.F.);
#3376 = FACE_BOUND('',#3377,.T.);
#3377 = EDGE_LOOP('',(#3378,#3379,#3387,#3395));
#3378 = ORIENTED_EDGE('',*,*,#3357,.T.);
#3379 = ORIENTED_EDGE('',*,*,#3380,.T.);
#3380 = EDGE_CURVE('',#3350,#3381,#3383,.T.);
#3381 = VERTEX_POINT('',#3382);
#3382 = CARTESIAN_POINT('',(182.92045013426,1.100048579317E+03,
    1.307400041701E+03));
#3383 = LINE('',#3384,#3385);
#3384 = CARTESIAN_POINT('',(182.92045013426,1.100048579317E+03,
    1.29187343395E+03));
#3385 = VECTOR('',#3386,1.);
#3386 = DIRECTION('',(-2.2E-16,-2.2E-16,1.));
#3387 = ORIENTED_EDGE('',*,*,#3388,.F.);
#3388 = EDGE_CURVE('',#3389,#3381,#3391,.T.);
#3389 = VERTEX_POINT('',#3390);
#3390 = CARTESIAN_POINT('',(132.92045013426,1.100048579317E+03,
    1.307400041701E+03));
#3391 = LINE('',#3392,#3393);
#3392 = CARTESIAN_POINT('',(132.92045013426,1.100048579317E+03,
    1.307400041701E+03));
#3393 = VECTOR('',#3394,1.);
#3394 = DIRECTION('',(1.,1.1E-16,1.1E-16));
#3395 = ORIENTED_EDGE('',*,*,#3396,.F.);
#3396 = EDGE_CURVE('',#3358,#3389,#3397,.T.);
#3397 = LINE('',#3398,#3399);
#3398 = CARTESIAN_POINT('',(132.92045013426,1.100048579317E+03,
    1.29187343395E+03));
#3399 = VECTOR('',#3400,1.);
#3400 = DIRECTION('',(-2.2E-16,-2.2E-16,1.));
#3401 = PLANE('',#3402);
#3402 = AXIS2_PLACEMENT_3D('',#3403,#3404,#3405);
#3403 = CARTESIAN_POINT('',(132.92045013426,1.100048579317E+03,
    1.29187343395E+03));
#3404 = DIRECTION('',(-1.1E-16,1.,2.2E-16));
#3405 = DIRECTION('',(2.2E-16,2.2E-16,-1.));
#3406 = ADVANCED_FACE('',(#3407),#3432,.F.);
#3407 = FACE_BOUND('',#3408,.T.);
#3408 = EDGE_LOOP('',(#3409,#3410,#3418,#3426));
#3409 = ORIENTED_EDGE('',*,*,#3388,.T.);
#3410 = ORIENTED_EDGE('',*,*,#3411,.T.);
#3411 = EDGE_CURVE('',#3381,#3412,#3414,.T.);
#3412 = VERTEX_POINT('',#3413);
#3413 = CARTESIAN_POINT('',(182.92045013426,1.100971165142E+03,
    1.307400041701E+03));
#3414 = LINE('',#3415,#3416);
#3415 = CARTESIAN_POINT('',(182.92045013426,1.100048579317E+03,
    1.307400041701E+03));
#3416 = VECTOR('',#3417,1.);
#3417 = DIRECTION('',(-2.2E-16,1.,2.2E-16));
#3418 = ORIENTED_EDGE('',*,*,#3419,.F.);
#3419 = EDGE_CURVE('',#3420,#3412,#3422,.T.);
#3420 = VERTEX_POINT('',#3421);
#3421 = CARTESIAN_POINT('',(132.92045013426,1.100971165142E+03,
    1.307400041701E+03));
#3422 = LINE('',#3423,#3424);
#3423 = CARTESIAN_POINT('',(132.92045013426,1.100971165142E+03,
    1.307400041701E+03));
#3424 = VECTOR('',#3425,1.);
#3425 = DIRECTION('',(1.,1.1E-16,1.1E-16));
#3426 = ORIENTED_EDGE('',*,*,#3427,.F.);
#3427 = EDGE_CURVE('',#3389,#3420,#3428,.T.);
#3428 = LINE('',#3429,#3430);
#3429 = CARTESIAN_POINT('',(132.92045013426,1.100048579317E+03,
    1.307400041701E+03));
#3430 = VECTOR('',#3431,1.);
#3431 = DIRECTION('',(-2.2E-16,1.,2.2E-16));
#3432 = PLANE('',#3433);
#3433 = AXIS2_PLACEMENT_3D('',#3434,#3435,#3436);
#3434 = CARTESIAN_POINT('',(132.92045013426,1.100048579317E+03,
    1.307400041701E+03));
#3435 = DIRECTION('',(1.1E-16,2.2E-16,-1.));
#3436 = DIRECTION('',(2.2E-16,-1.,-2.2E-16));
#3437 = ADVANCED_FACE('',(#3438),#3454,.F.);
#3438 = FACE_BOUND('',#3439,.T.);
#3439 = EDGE_LOOP('',(#3440,#3441,#3447,#3448));
#3440 = ORIENTED_EDGE('',*,*,#3419,.T.);
#3441 = ORIENTED_EDGE('',*,*,#3442,.T.);
#3442 = EDGE_CURVE('',#3412,#3247,#3443,.T.);
#3443 = LINE('',#3444,#3445);
#3444 = CARTESIAN_POINT('',(182.92045013426,1.100971165142E+03,
    1.307400041701E+03));
#3445 = VECTOR('',#3446,1.);
#3446 = DIRECTION('',(-2.2E-16,-2.2E-16,1.));
#3447 = ORIENTED_EDGE('',*,*,#3244,.F.);
#3448 = ORIENTED_EDGE('',*,*,#3449,.F.);
#3449 = EDGE_CURVE('',#3420,#3245,#3450,.T.);
#3450 = LINE('',#3451,#3452);
#3451 = CARTESIAN_POINT('',(132.92045013426,1.100971165142E+03,
    1.307400041701E+03));
#3452 = VECTOR('',#3453,1.);
#3453 = DIRECTION('',(-2.2E-16,-2.2E-16,1.));
#3454 = PLANE('',#3455);
#3455 = AXIS2_PLACEMENT_3D('',#3456,#3457,#3458);
#3456 = CARTESIAN_POINT('',(132.92045013426,1.100971165142E+03,
    1.307400041701E+03));
#3457 = DIRECTION('',(-1.1E-16,1.,2.2E-16));
#3458 = DIRECTION('',(2.2E-16,2.2E-16,-1.));
#3459 = ADVANCED_FACE('',(#3460),#3487,.F.);
#3460 = FACE_BOUND('',#3461,.F.);
#3461 = EDGE_LOOP('',(#3462,#3472,#3479,#3480));
#3462 = ORIENTED_EDGE('',*,*,#3463,.T.);
#3463 = EDGE_CURVE('',#3464,#3466,#3468,.T.);
#3464 = VERTEX_POINT('',#3465);
#3465 = CARTESIAN_POINT('',(132.92045013426,1.103971165142E+03,
    1.318736572617E+03));
#3466 = VERTEX_POINT('',#3467);
#3467 = CARTESIAN_POINT('',(182.92045013426,1.103971165142E+03,
    1.318736572617E+03));
#3468 = LINE('',#3469,#3470);
#3469 = CARTESIAN_POINT('',(132.92045013426,1.103971165142E+03,
    1.318736572617E+03));
#3470 = VECTOR('',#3471,1.);
#3471 = DIRECTION('',(1.,1.1E-16,1.1E-16));
#3472 = ORIENTED_EDGE('',*,*,#3473,.T.);
#3473 = EDGE_CURVE('',#3466,#3466,#3474,.T.);
#3474 = CIRCLE('',#3475,6.);
#3475 = AXIS2_PLACEMENT_3D('',#3476,#3477,#3478);
#3476 = CARTESIAN_POINT('',(182.92045013426,1.109971165142E+03,
    1.318736572617E+03));
#3477 = DIRECTION('',(-1.,-2.2E-16,-2.2E-16));
#3478 = DIRECTION('',(2.2E-16,-1.,-2.2E-16));
#3479 = ORIENTED_EDGE('',*,*,#3463,.F.);
#3480 = ORIENTED_EDGE('',*,*,#3481,.F.);
#3481 = EDGE_CURVE('',#3464,#3464,#3482,.T.);
#3482 = CIRCLE('',#3483,6.);
#3483 = AXIS2_PLACEMENT_3D('',#3484,#3485,#3486);
#3484 = CARTESIAN_POINT('',(132.92045013426,1.109971165142E+03,
    1.318736572617E+03));
#3485 = DIRECTION('',(-1.,-2.2E-16,-2.2E-16));
#3486 = DIRECTION('',(2.2E-16,-1.,-2.2E-16));
#3487 = CYLINDRICAL_SURFACE('',#3488,6.);
#3488 = AXIS2_PLACEMENT_3D('',#3489,#3490,#3491);
#3489 = CARTESIAN_POINT('',(132.92045013426,1.109971165142E+03,
    1.318736572617E+03));
#3490 = DIRECTION('',(-1.,-2.2E-16,-2.2E-16));
#3491 = DIRECTION('',(2.2E-16,-1.,-2.2E-16));
#3492 = ADVANCED_FACE('',(#3493,#3502),#3505,.F.);
#3493 = FACE_BOUND('',#3494,.T.);
#3494 = EDGE_LOOP('',(#3495,#3496,#3497,#3498,#3499,#3500,#3501));
#3495 = ORIENTED_EDGE('',*,*,#3271,.T.);
#3496 = ORIENTED_EDGE('',*,*,#3303,.T.);
#3497 = ORIENTED_EDGE('',*,*,#3334,.T.);
#3498 = ORIENTED_EDGE('',*,*,#3365,.T.);
#3499 = ORIENTED_EDGE('',*,*,#3396,.T.);
#3500 = ORIENTED_EDGE('',*,*,#3427,.T.);
#3501 = ORIENTED_EDGE('',*,*,#3449,.T.);
#3502 = FACE_BOUND('',#3503,.F.);
#3503 = EDGE_LOOP('',(#3504));
#3504 = ORIENTED_EDGE('',*,*,#3481,.T.);
#3505 = PLANE('',#3506);
#3506 = AXIS2_PLACEMENT_3D('',#3507,#3508,#3509);
#3507 = CARTESIAN_POINT('',(132.92045013426,1.108884743882E+03,
    1.311531407259E+03));
#3508 = DIRECTION('',(1.,2.2E-16,2.2E-16));
#3509 = DIRECTION('',(2.2E-16,0.,-1.));
#3510 = ADVANCED_FACE('',(#3511,#3520),#3523,.T.);
#3511 = FACE_BOUND('',#3512,.F.);
#3512 = EDGE_LOOP('',(#3513,#3514,#3515,#3516,#3517,#3518,#3519));
#3513 = ORIENTED_EDGE('',*,*,#3254,.T.);
#3514 = ORIENTED_EDGE('',*,*,#3287,.T.);
#3515 = ORIENTED_EDGE('',*,*,#3318,.T.);
#3516 = ORIENTED_EDGE('',*,*,#3349,.T.);
#3517 = ORIENTED_EDGE('',*,*,#3380,.T.);
#3518 = ORIENTED_EDGE('',*,*,#3411,.T.);
#3519 = ORIENTED_EDGE('',*,*,#3442,.T.);
#3520 = FACE_BOUND('',#3521,.T.);
#3521 = EDGE_LOOP('',(#3522));
#3522 = ORIENTED_EDGE('',*,*,#3473,.T.);
#3523 = PLANE('',#3524);
#3524 = AXIS2_PLACEMENT_3D('',#3525,#3526,#3527);
#3525 = CARTESIAN_POINT('',(182.92045013426,1.108884743882E+03,
    1.311531407259E+03));
#3526 = DIRECTION('',(1.,2.2E-16,2.2E-16));
#3527 = DIRECTION('',(2.2E-16,0.,-1.));
#3528 = MANIFOLD_SOLID_BREP('',#3529);
#3529 = CLOSED_SHELL('',(#3530,#3572,#3603,#3634,#3665,#3696,#3727,#3749
    ,#3782,#3800));
#3530 = ADVANCED_FACE('',(#3531),#3567,.T.);
#3531 = FACE_BOUND('',#3532,.T.);
#3532 = EDGE_LOOP('',(#3533,#3543,#3552,#3560));
#3533 = ORIENTED_EDGE('',*,*,#3534,.T.);
#3534 = EDGE_CURVE('',#3535,#3537,#3539,.T.);
#3535 = VERTEX_POINT('',#3536);
#3536 = CARTESIAN_POINT('',(-867.0795498657,1.100971165142E+03,
    1.318736572617E+03));
#3537 = VERTEX_POINT('',#3538);
#3538 = CARTESIAN_POINT('',(-817.0795498657,1.100971165142E+03,
    1.318736572617E+03));
#3539 = LINE('',#3540,#3541);
#3540 = CARTESIAN_POINT('',(-867.0795498657,1.100971165142E+03,
    1.318736572617E+03));
#3541 = VECTOR('',#3542,1.);
#3542 = DIRECTION('',(1.,1.1E-16,1.1E-16));
#3543 = ORIENTED_EDGE('',*,*,#3544,.T.);
#3544 = EDGE_CURVE('',#3537,#3545,#3547,.T.);
#3545 = VERTEX_POINT('',#3546);
#3546 = CARTESIAN_POINT('',(-817.0795498657,1.11894508416E+03,
    1.31805189936E+03));
#3547 = CIRCLE('',#3548,9.);
#3548 = AXIS2_PLACEMENT_3D('',#3549,#3550,#3551);
#3549 = CARTESIAN_POINT('',(-817.0795498657,1.109971165142E+03,
    1.318736572617E+03));
#3550 = DIRECTION('',(-1.,-2.2E-16,-2.2E-16));
#3551 = DIRECTION('',(2.2E-16,-1.,-2.2E-16));
#3552 = ORIENTED_EDGE('',*,*,#3553,.F.);
#3553 = EDGE_CURVE('',#3554,#3545,#3556,.T.);
#3554 = VERTEX_POINT('',#3555);
#3555 = CARTESIAN_POINT('',(-867.0795498657,1.11894508416E+03,
    1.31805189936E+03));
#3556 = LINE('',#3557,#3558);
#3557 = CARTESIAN_POINT('',(-867.0795498657,1.11894508416E+03,
    1.31805189936E+03));
#3558 = VECTOR('',#3559,1.);
#3559 = DIRECTION('',(1.,1.1E-16,1.1E-16));
#3560 = ORIENTED_EDGE('',*,*,#3561,.F.);
#3561 = EDGE_CURVE('',#3535,#3554,#3562,.T.);
#3562 = CIRCLE('',#3563,9.);
#3563 = AXIS2_PLACEMENT_3D('',#3564,#3565,#3566);
#3564 = CARTESIAN_POINT('',(-867.0795498657,1.109971165142E+03,
    1.318736572617E+03));
#3565 = DIRECTION('',(-1.,-2.2E-16,-2.2E-16));
#3566 = DIRECTION('',(2.2E-16,-1.,-2.2E-16));
#3567 = CYLINDRICAL_SURFACE('',#3568,9.);
#3568 = AXIS2_PLACEMENT_3D('',#3569,#3570,#3571);
#3569 = CARTESIAN_POINT('',(-867.0795498657,1.109971165142E+03,
    1.318736572617E+03));
#3570 = DIRECTION('',(-1.,-2.2E-16,-2.2E-16));
#3571 = DIRECTION('',(2.2E-16,-1.,-2.2E-16));
#3572 = ADVANCED_FACE('',(#3573),#3598,.F.);
#3573 = FACE_BOUND('',#3574,.T.);
#3574 = EDGE_LOOP('',(#3575,#3576,#3584,#3592));
#3575 = ORIENTED_EDGE('',*,*,#3553,.T.);
#3576 = ORIENTED_EDGE('',*,*,#3577,.T.);
#3577 = EDGE_CURVE('',#3545,#3578,#3580,.T.);
#3578 = VERTEX_POINT('',#3579);
#3579 = CARTESIAN_POINT('',(-817.0795498657,1.11894508416E+03,
    1.30764687095E+03));
#3580 = LINE('',#3581,#3582);
#3581 = CARTESIAN_POINT('',(-817.0795498657,1.11894508416E+03,
    1.31805189936E+03));
#3582 = VECTOR('',#3583,1.);
#3583 = DIRECTION('',(2.2E-16,2.2E-16,-1.));
#3584 = ORIENTED_EDGE('',*,*,#3585,.F.);
#3585 = EDGE_CURVE('',#3586,#3578,#3588,.T.);
#3586 = VERTEX_POINT('',#3587);
#3587 = CARTESIAN_POINT('',(-867.0795498657,1.11894508416E+03,
    1.30764687095E+03));
#3588 = LINE('',#3589,#3590);
#3589 = CARTESIAN_POINT('',(-867.0795498657,1.11894508416E+03,
    1.30764687095E+03));
#3590 = VECTOR('',#3591,1.);
#3591 = DIRECTION('',(1.,1.1E-16,1.1E-16));
#3592 = ORIENTED_EDGE('',*,*,#3593,.F.);
#3593 = EDGE_CURVE('',#3554,#3586,#3594,.T.);
#3594 = LINE('',#3595,#3596);
#3595 = CARTESIAN_POINT('',(-867.0795498657,1.11894508416E+03,
    1.31805189936E+03));
#3596 = VECTOR('',#3597,1.);
#3597 = DIRECTION('',(2.2E-16,2.2E-16,-1.));
#3598 = PLANE('',#3599);
#3599 = AXIS2_PLACEMENT_3D('',#3600,#3601,#3602);
#3600 = CARTESIAN_POINT('',(-867.0795498657,1.11894508416E+03,
    1.31805189936E+03));
#3601 = DIRECTION('',(1.1E-16,-1.,-2.2E-16));
#3602 = DIRECTION('',(-2.2E-16,-2.2E-16,1.));
#3603 = ADVANCED_FACE('',(#3604),#3629,.F.);
#3604 = FACE_BOUND('',#3605,.T.);
#3605 = EDGE_LOOP('',(#3606,#3607,#3615,#3623));
#3606 = ORIENTED_EDGE('',*,*,#3585,.T.);
#3607 = ORIENTED_EDGE('',*,*,#3608,.T.);
#3608 = EDGE_CURVE('',#3578,#3609,#3611,.T.);
#3609 = VERTEX_POINT('',#3610);
#3610 = CARTESIAN_POINT('',(-817.0795498657,1.109713750317E+03,
    1.29187343395E+03));
#3611 = LINE('',#3612,#3613);
#3612 = CARTESIAN_POINT('',(-817.0795498657,1.11894508416E+03,
    1.30764687095E+03));
#3613 = VECTOR('',#3614,1.);
#3614 = DIRECTION('',(3.E-16,-0.505101869379,-0.863059732319));
#3615 = ORIENTED_EDGE('',*,*,#3616,.F.);
#3616 = EDGE_CURVE('',#3617,#3609,#3619,.T.);
#3617 = VERTEX_POINT('',#3618);
#3618 = CARTESIAN_POINT('',(-867.0795498657,1.109713750317E+03,
    1.29187343395E+03));
#3619 = LINE('',#3620,#3621);
#3620 = CARTESIAN_POINT('',(-867.0795498657,1.109713750317E+03,
    1.29187343395E+03));
#3621 = VECTOR('',#3622,1.);
#3622 = DIRECTION('',(1.,1.1E-16,1.1E-16));
#3623 = ORIENTED_EDGE('',*,*,#3624,.F.);
#3624 = EDGE_CURVE('',#3586,#3617,#3625,.T.);
#3625 = LINE('',#3626,#3627);
#3626 = CARTESIAN_POINT('',(-867.0795498657,1.11894508416E+03,
    1.30764687095E+03));
#3627 = VECTOR('',#3628,1.);
#3628 = DIRECTION('',(3.E-16,-0.505101869379,-0.863059732319));
#3629 = PLANE('',#3630);
#3630 = AXIS2_PLACEMENT_3D('',#3631,#3632,#3633);
#3631 = CARTESIAN_POINT('',(-867.0795498657,1.11894508416E+03,
    1.30764687095E+03));
#3632 = DIRECTION('',(4.E-17,-0.863059732319,0.505101869379));
#3633 = DIRECTION('',(-3.E-16,0.505101869379,0.863059732319));
#3634 = ADVANCED_FACE('',(#3635),#3660,.F.);
#3635 = FACE_BOUND('',#3636,.T.);
#3636 = EDGE_LOOP('',(#3637,#3638,#3646,#3654));
#3637 = ORIENTED_EDGE('',*,*,#3616,.T.);
#3638 = ORIENTED_EDGE('',*,*,#3639,.T.);
#3639 = EDGE_CURVE('',#3609,#3640,#3642,.T.);
#3640 = VERTEX_POINT('',#3641);
#3641 = CARTESIAN_POINT('',(-817.0795498657,1.100048579317E+03,
    1.29187343395E+03));
#3642 = LINE('',#3643,#3644);
#3643 = CARTESIAN_POINT('',(-817.0795498657,1.109713750317E+03,
    1.29187343395E+03));
#3644 = VECTOR('',#3645,1.);
#3645 = DIRECTION('',(2.2E-16,-1.,-2.2E-16));
#3646 = ORIENTED_EDGE('',*,*,#3647,.F.);
#3647 = EDGE_CURVE('',#3648,#3640,#3650,.T.);
#3648 = VERTEX_POINT('',#3649);
#3649 = CARTESIAN_POINT('',(-867.0795498657,1.100048579317E+03,
    1.29187343395E+03));
#3650 = LINE('',#3651,#3652);
#3651 = CARTESIAN_POINT('',(-867.0795498657,1.100048579317E+03,
    1.29187343395E+03));
#3652 = VECTOR('',#3653,1.);
#3653 = DIRECTION('',(1.,1.1E-16,1.1E-16));
#3654 = ORIENTED_EDGE('',*,*,#3655,.F.);
#3655 = EDGE_CURVE('',#3617,#3648,#3656,.T.);
#3656 = LINE('',#3657,#3658);
#3657 = CARTESIAN_POINT('',(-867.0795498657,1.109713750317E+03,
    1.29187343395E+03));
#3658 = VECTOR('',#3659,1.);
#3659 = DIRECTION('',(2.2E-16,-1.,-2.2E-16));
#3660 = PLANE('',#3661);
#3661 = AXIS2_PLACEMENT_3D('',#3662,#3663,#3664);
#3662 = CARTESIAN_POINT('',(-867.0795498657,1.109713750317E+03,
    1.29187343395E+03));
#3663 = DIRECTION('',(-1.1E-16,-2.2E-16,1.));
#3664 = DIRECTION('',(-2.2E-16,1.,2.2E-16));
#3665 = ADVANCED_FACE('',(#3666),#3691,.F.);
#3666 = FACE_BOUND('',#3667,.T.);
#3667 = EDGE_LOOP('',(#3668,#3669,#3677,#3685));
#3668 = ORIENTED_EDGE('',*,*,#3647,.T.);
#3669 = ORIENTED_EDGE('',*,*,#3670,.T.);
#3670 = EDGE_CURVE('',#3640,#3671,#3673,.T.);
#3671 = VERTEX_POINT('',#3672);
#3672 = CARTESIAN_POINT('',(-817.0795498657,1.100048579317E+03,
    1.307400041701E+03));
#3673 = LINE('',#3674,#3675);
#3674 = CARTESIAN_POINT('',(-817.0795498657,1.100048579317E+03,
    1.29187343395E+03));
#3675 = VECTOR('',#3676,1.);
#3676 = DIRECTION('',(-2.2E-16,-2.2E-16,1.));
#3677 = ORIENTED_EDGE('',*,*,#3678,.F.);
#3678 = EDGE_CURVE('',#3679,#3671,#3681,.T.);
#3679 = VERTEX_POINT('',#3680);
#3680 = CARTESIAN_POINT('',(-867.0795498657,1.100048579317E+03,
    1.307400041701E+03));
#3681 = LINE('',#3682,#3683);
#3682 = CARTESIAN_POINT('',(-867.0795498657,1.100048579317E+03,
    1.307400041701E+03));
#3683 = VECTOR('',#3684,1.);
#3684 = DIRECTION('',(1.,1.1E-16,1.1E-16));
#3685 = ORIENTED_EDGE('',*,*,#3686,.F.);
#3686 = EDGE_CURVE('',#3648,#3679,#3687,.T.);
#3687 = LINE('',#3688,#3689);
#3688 = CARTESIAN_POINT('',(-867.0795498657,1.100048579317E+03,
    1.29187343395E+03));
#3689 = VECTOR('',#3690,1.);
#3690 = DIRECTION('',(-2.2E-16,-2.2E-16,1.));
#3691 = PLANE('',#3692);
#3692 = AXIS2_PLACEMENT_3D('',#3693,#3694,#3695);
#3693 = CARTESIAN_POINT('',(-867.0795498657,1.100048579317E+03,
    1.29187343395E+03));
#3694 = DIRECTION('',(-1.1E-16,1.,2.2E-16));
#3695 = DIRECTION('',(2.2E-16,2.2E-16,-1.));
#3696 = ADVANCED_FACE('',(#3697),#3722,.F.);
#3697 = FACE_BOUND('',#3698,.T.);
#3698 = EDGE_LOOP('',(#3699,#3700,#3708,#3716));
#3699 = ORIENTED_EDGE('',*,*,#3678,.T.);
#3700 = ORIENTED_EDGE('',*,*,#3701,.T.);
#3701 = EDGE_CURVE('',#3671,#3702,#3704,.T.);
#3702 = VERTEX_POINT('',#3703);
#3703 = CARTESIAN_POINT('',(-817.0795498657,1.100971165142E+03,
    1.307400041701E+03));
#3704 = LINE('',#3705,#3706);
#3705 = CARTESIAN_POINT('',(-817.0795498657,1.100048579317E+03,
    1.307400041701E+03));
#3706 = VECTOR('',#3707,1.);
#3707 = DIRECTION('',(-2.2E-16,1.,2.2E-16));
#3708 = ORIENTED_EDGE('',*,*,#3709,.F.);
#3709 = EDGE_CURVE('',#3710,#3702,#3712,.T.);
#3710 = VERTEX_POINT('',#3711);
#3711 = CARTESIAN_POINT('',(-867.0795498657,1.100971165142E+03,
    1.307400041701E+03));
#3712 = LINE('',#3713,#3714);
#3713 = CARTESIAN_POINT('',(-867.0795498657,1.100971165142E+03,
    1.307400041701E+03));
#3714 = VECTOR('',#3715,1.);
#3715 = DIRECTION('',(1.,1.1E-16,1.1E-16));
#3716 = ORIENTED_EDGE('',*,*,#3717,.F.);
#3717 = EDGE_CURVE('',#3679,#3710,#3718,.T.);
#3718 = LINE('',#3719,#3720);
#3719 = CARTESIAN_POINT('',(-867.0795498657,1.100048579317E+03,
    1.307400041701E+03));
#3720 = VECTOR('',#3721,1.);
#3721 = DIRECTION('',(-2.2E-16,1.,2.2E-16));
#3722 = PLANE('',#3723);
#3723 = AXIS2_PLACEMENT_3D('',#3724,#3725,#3726);
#3724 = CARTESIAN_POINT('',(-867.0795498657,1.100048579317E+03,
    1.307400041701E+03));
#3725 = DIRECTION('',(1.1E-16,2.2E-16,-1.));
#3726 = DIRECTION('',(2.2E-16,-1.,-2.2E-16));
#3727 = ADVANCED_FACE('',(#3728),#3744,.F.);
#3728 = FACE_BOUND('',#3729,.T.);
#3729 = EDGE_LOOP('',(#3730,#3731,#3737,#3738));
#3730 = ORIENTED_EDGE('',*,*,#3709,.T.);
#3731 = ORIENTED_EDGE('',*,*,#3732,.T.);
#3732 = EDGE_CURVE('',#3702,#3537,#3733,.T.);
#3733 = LINE('',#3734,#3735);
#3734 = CARTESIAN_POINT('',(-817.0795498657,1.100971165142E+03,
    1.307400041701E+03));
#3735 = VECTOR('',#3736,1.);
#3736 = DIRECTION('',(-2.2E-16,-2.2E-16,1.));
#3737 = ORIENTED_EDGE('',*,*,#3534,.F.);
#3738 = ORIENTED_EDGE('',*,*,#3739,.F.);
#3739 = EDGE_CURVE('',#3710,#3535,#3740,.T.);
#3740 = LINE('',#3741,#3742);
#3741 = CARTESIAN_POINT('',(-867.0795498657,1.100971165142E+03,
    1.307400041701E+03));
#3742 = VECTOR('',#3743,1.);
#3743 = DIRECTION('',(-2.2E-16,-2.2E-16,1.));
#3744 = PLANE('',#3745);
#3745 = AXIS2_PLACEMENT_3D('',#3746,#3747,#3748);
#3746 = CARTESIAN_POINT('',(-867.0795498657,1.100971165142E+03,
    1.307400041701E+03));
#3747 = DIRECTION('',(-1.1E-16,1.,2.2E-16));
#3748 = DIRECTION('',(2.2E-16,2.2E-16,-1.));
#3749 = ADVANCED_FACE('',(#3750),#3777,.F.);
#3750 = FACE_BOUND('',#3751,.F.);
#3751 = EDGE_LOOP('',(#3752,#3762,#3769,#3770));
#3752 = ORIENTED_EDGE('',*,*,#3753,.T.);
#3753 = EDGE_CURVE('',#3754,#3756,#3758,.T.);
#3754 = VERTEX_POINT('',#3755);
#3755 = CARTESIAN_POINT('',(-867.0795498657,1.103971165142E+03,
    1.318736572617E+03));
#3756 = VERTEX_POINT('',#3757);
#3757 = CARTESIAN_POINT('',(-817.0795498657,1.103971165142E+03,
    1.318736572617E+03));
#3758 = LINE('',#3759,#3760);
#3759 = CARTESIAN_POINT('',(-867.0795498657,1.103971165142E+03,
    1.318736572617E+03));
#3760 = VECTOR('',#3761,1.);
#3761 = DIRECTION('',(1.,1.1E-16,1.1E-16));
#3762 = ORIENTED_EDGE('',*,*,#3763,.T.);
#3763 = EDGE_CURVE('',#3756,#3756,#3764,.T.);
#3764 = CIRCLE('',#3765,6.);
#3765 = AXIS2_PLACEMENT_3D('',#3766,#3767,#3768);
#3766 = CARTESIAN_POINT('',(-817.0795498657,1.109971165142E+03,
    1.318736572617E+03));
#3767 = DIRECTION('',(-1.,-2.2E-16,-2.2E-16));
#3768 = DIRECTION('',(2.2E-16,-1.,-2.2E-16));
#3769 = ORIENTED_EDGE('',*,*,#3753,.F.);
#3770 = ORIENTED_EDGE('',*,*,#3771,.F.);
#3771 = EDGE_CURVE('',#3754,#3754,#3772,.T.);
#3772 = CIRCLE('',#3773,6.);
#3773 = AXIS2_PLACEMENT_3D('',#3774,#3775,#3776);
#3774 = CARTESIAN_POINT('',(-867.0795498657,1.109971165142E+03,
    1.318736572617E+03));
#3775 = DIRECTION('',(-1.,-2.2E-16,-2.2E-16));
#3776 = DIRECTION('',(2.2E-16,-1.,-2.2E-16));
#3777 = CYLINDRICAL_SURFACE('',#3778,6.);
#3778 = AXIS2_PLACEMENT_3D('',#3779,#3780,#3781);
#3779 = CARTESIAN_POINT('',(-867.0795498657,1.109971165142E+03,
    1.318736572617E+03));
#3780 = DIRECTION('',(-1.,-2.2E-16,-2.2E-16));
#3781 = DIRECTION('',(2.2E-16,-1.,-2.2E-16));
#3782 = ADVANCED_FACE('',(#3783,#3792),#3795,.F.);
#3783 = FACE_BOUND('',#3784,.T.);
#3784 = EDGE_LOOP('',(#3785,#3786,#3787,#3788,#3789,#3790,#3791));
#3785 = ORIENTED_EDGE('',*,*,#3561,.T.);
#3786 = ORIENTED_EDGE('',*,*,#3593,.T.);
#3787 = ORIENTED_EDGE('',*,*,#3624,.T.);
#3788 = ORIENTED_EDGE('',*,*,#3655,.T.);
#3789 = ORIENTED_EDGE('',*,*,#3686,.T.);
#3790 = ORIENTED_EDGE('',*,*,#3717,.T.);
#3791 = ORIENTED_EDGE('',*,*,#3739,.T.);
#3792 = FACE_BOUND('',#3793,.F.);
#3793 = EDGE_LOOP('',(#3794));
#3794 = ORIENTED_EDGE('',*,*,#3771,.T.);
#3795 = PLANE('',#3796);
#3796 = AXIS2_PLACEMENT_3D('',#3797,#3798,#3799);
#3797 = CARTESIAN_POINT('',(-867.0795498657,1.108884743882E+03,
    1.311531407259E+03));
#3798 = DIRECTION('',(1.,2.2E-16,2.2E-16));
#3799 = DIRECTION('',(2.2E-16,0.,-1.));
#3800 = ADVANCED_FACE('',(#3801,#3810),#3813,.T.);
#3801 = FACE_BOUND('',#3802,.F.);
#3802 = EDGE_LOOP('',(#3803,#3804,#3805,#3806,#3807,#3808,#3809));
#3803 = ORIENTED_EDGE('',*,*,#3544,.T.);
#3804 = ORIENTED_EDGE('',*,*,#3577,.T.);
#3805 = ORIENTED_EDGE('',*,*,#3608,.T.);
#3806 = ORIENTED_EDGE('',*,*,#3639,.T.);
#3807 = ORIENTED_EDGE('',*,*,#3670,.T.);
#3808 = ORIENTED_EDGE('',*,*,#3701,.T.);
#3809 = ORIENTED_EDGE('',*,*,#3732,.T.);
#3810 = FACE_BOUND('',#3811,.T.);
#3811 = EDGE_LOOP('',(#3812));
#3812 = ORIENTED_EDGE('',*,*,#3763,.T.);
#3813 = PLANE('',#3814);
#3814 = AXIS2_PLACEMENT_3D('',#3815,#3816,#3817);
#3815 = CARTESIAN_POINT('',(-817.0795498657,1.108884743882E+03,
    1.311531407259E+03));
#3816 = DIRECTION('',(1.,2.2E-16,2.2E-16));
#3817 = DIRECTION('',(2.2E-16,0.,-1.));
#3818 = MANIFOLD_SOLID_BREP('',#3819);
#3819 = CLOSED_SHELL('',(#3820,#3862,#3893,#3924,#3955,#3986,#4017,#4039
    ,#4072,#4090));
#3820 = ADVANCED_FACE('',(#3821),#3857,.T.);
#3821 = FACE_BOUND('',#3822,.T.);
#3822 = EDGE_LOOP('',(#3823,#3833,#3842,#3850));
#3823 = ORIENTED_EDGE('',*,*,#3824,.T.);
#3824 = EDGE_CURVE('',#3825,#3827,#3829,.T.);
#3825 = VERTEX_POINT('',#3826);
#3826 = CARTESIAN_POINT('',(-1.867079549866E+03,1.100971165142E+03,
    1.318736572617E+03));
#3827 = VERTEX_POINT('',#3828);
#3828 = CARTESIAN_POINT('',(-1.817079549866E+03,1.100971165142E+03,
    1.318736572617E+03));
#3829 = LINE('',#3830,#3831);
#3830 = CARTESIAN_POINT('',(-1.867079549866E+03,1.100971165142E+03,
    1.318736572617E+03));
#3831 = VECTOR('',#3832,1.);
#3832 = DIRECTION('',(1.,1.1E-16,1.1E-16));
#3833 = ORIENTED_EDGE('',*,*,#3834,.T.);
#3834 = EDGE_CURVE('',#3827,#3835,#3837,.T.);
#3835 = VERTEX_POINT('',#3836);
#3836 = CARTESIAN_POINT('',(-1.817079549866E+03,1.11894508416E+03,
    1.31805189936E+03));
#3837 = CIRCLE('',#3838,9.);
#3838 = AXIS2_PLACEMENT_3D('',#3839,#3840,#3841);
#3839 = CARTESIAN_POINT('',(-1.817079549866E+03,1.109971165142E+03,
    1.318736572617E+03));
#3840 = DIRECTION('',(-1.,-2.2E-16,-2.2E-16));
#3841 = DIRECTION('',(2.2E-16,-1.,-2.2E-16));
#3842 = ORIENTED_EDGE('',*,*,#3843,.F.);
#3843 = EDGE_CURVE('',#3844,#3835,#3846,.T.);
#3844 = VERTEX_POINT('',#3845);
#3845 = CARTESIAN_POINT('',(-1.867079549866E+03,1.11894508416E+03,
    1.31805189936E+03));
#3846 = LINE('',#3847,#3848);
#3847 = CARTESIAN_POINT('',(-1.867079549866E+03,1.11894508416E+03,
    1.31805189936E+03));
#3848 = VECTOR('',#3849,1.);
#3849 = DIRECTION('',(1.,1.1E-16,1.1E-16));
#3850 = ORIENTED_EDGE('',*,*,#3851,.F.);
#3851 = EDGE_CURVE('',#3825,#3844,#3852,.T.);
#3852 = CIRCLE('',#3853,9.);
#3853 = AXIS2_PLACEMENT_3D('',#3854,#3855,#3856);
#3854 = CARTESIAN_POINT('',(-1.867079549866E+03,1.109971165142E+03,
    1.318736572617E+03));
#3855 = DIRECTION('',(-1.,-2.2E-16,-2.2E-16));
#3856 = DIRECTION('',(2.2E-16,-1.,-2.2E-16));
#3857 = CYLINDRICAL_SURFACE('',#3858,9.);
#3858 = AXIS2_PLACEMENT_3D('',#3859,#3860,#3861);
#3859 = CARTESIAN_POINT('',(-1.867079549866E+03,1.109971165142E+03,
    1.318736572617E+03));
#3860 = DIRECTION('',(-1.,-2.2E-16,-2.2E-16));
#3861 = DIRECTION('',(2.2E-16,-1.,-2.2E-16));
#3862 = ADVANCED_FACE('',(#3863),#3888,.F.);
#3863 = FACE_BOUND('',#3864,.T.);
#3864 = EDGE_LOOP('',(#3865,#3866,#3874,#3882));
#3865 = ORIENTED_EDGE('',*,*,#3843,.T.);
#3866 = ORIENTED_EDGE('',*,*,#3867,.T.);
#3867 = EDGE_CURVE('',#3835,#3868,#3870,.T.);
#3868 = VERTEX_POINT('',#3869);
#3869 = CARTESIAN_POINT('',(-1.817079549866E+03,1.11894508416E+03,
    1.30764687095E+03));
#3870 = LINE('',#3871,#3872);
#3871 = CARTESIAN_POINT('',(-1.817079549866E+03,1.11894508416E+03,
    1.31805189936E+03));
#3872 = VECTOR('',#3873,1.);
#3873 = DIRECTION('',(2.2E-16,2.2E-16,-1.));
#3874 = ORIENTED_EDGE('',*,*,#3875,.F.);
#3875 = EDGE_CURVE('',#3876,#3868,#3878,.T.);
#3876 = VERTEX_POINT('',#3877);
#3877 = CARTESIAN_POINT('',(-1.867079549866E+03,1.11894508416E+03,
    1.30764687095E+03));
#3878 = LINE('',#3879,#3880);
#3879 = CARTESIAN_POINT('',(-1.867079549866E+03,1.11894508416E+03,
    1.30764687095E+03));
#3880 = VECTOR('',#3881,1.);
#3881 = DIRECTION('',(1.,1.1E-16,1.1E-16));
#3882 = ORIENTED_EDGE('',*,*,#3883,.F.);
#3883 = EDGE_CURVE('',#3844,#3876,#3884,.T.);
#3884 = LINE('',#3885,#3886);
#3885 = CARTESIAN_POINT('',(-1.867079549866E+03,1.11894508416E+03,
    1.31805189936E+03));
#3886 = VECTOR('',#3887,1.);
#3887 = DIRECTION('',(2.2E-16,2.2E-16,-1.));
#3888 = PLANE('',#3889);
#3889 = AXIS2_PLACEMENT_3D('',#3890,#3891,#3892);
#3890 = CARTESIAN_POINT('',(-1.867079549866E+03,1.11894508416E+03,
    1.31805189936E+03));
#3891 = DIRECTION('',(1.1E-16,-1.,-2.2E-16));
#3892 = DIRECTION('',(-2.2E-16,-2.2E-16,1.));
#3893 = ADVANCED_FACE('',(#3894),#3919,.F.);
#3894 = FACE_BOUND('',#3895,.T.);
#3895 = EDGE_LOOP('',(#3896,#3897,#3905,#3913));
#3896 = ORIENTED_EDGE('',*,*,#3875,.T.);
#3897 = ORIENTED_EDGE('',*,*,#3898,.T.);
#3898 = EDGE_CURVE('',#3868,#3899,#3901,.T.);
#3899 = VERTEX_POINT('',#3900);
#3900 = CARTESIAN_POINT('',(-1.817079549866E+03,1.109713750317E+03,
    1.29187343395E+03));
#3901 = LINE('',#3902,#3903);
#3902 = CARTESIAN_POINT('',(-1.817079549866E+03,1.11894508416E+03,
    1.30764687095E+03));
#3903 = VECTOR('',#3904,1.);
#3904 = DIRECTION('',(3.E-16,-0.505101869379,-0.863059732319));
#3905 = ORIENTED_EDGE('',*,*,#3906,.F.);
#3906 = EDGE_CURVE('',#3907,#3899,#3909,.T.);
#3907 = VERTEX_POINT('',#3908);
#3908 = CARTESIAN_POINT('',(-1.867079549866E+03,1.109713750317E+03,
    1.29187343395E+03));
#3909 = LINE('',#3910,#3911);
#3910 = CARTESIAN_POINT('',(-1.867079549866E+03,1.109713750317E+03,
    1.29187343395E+03));
#3911 = VECTOR('',#3912,1.);
#3912 = DIRECTION('',(1.,1.1E-16,1.1E-16));
#3913 = ORIENTED_EDGE('',*,*,#3914,.F.);
#3914 = EDGE_CURVE('',#3876,#3907,#3915,.T.);
#3915 = LINE('',#3916,#3917);
#3916 = CARTESIAN_POINT('',(-1.867079549866E+03,1.11894508416E+03,
    1.30764687095E+03));
#3917 = VECTOR('',#3918,1.);
#3918 = DIRECTION('',(3.E-16,-0.505101869379,-0.863059732319));
#3919 = PLANE('',#3920);
#3920 = AXIS2_PLACEMENT_3D('',#3921,#3922,#3923);
#3921 = CARTESIAN_POINT('',(-1.867079549866E+03,1.11894508416E+03,
    1.30764687095E+03));
#3922 = DIRECTION('',(4.E-17,-0.863059732319,0.505101869379));
#3923 = DIRECTION('',(-3.E-16,0.505101869379,0.863059732319));
#3924 = ADVANCED_FACE('',(#3925),#3950,.F.);
#3925 = FACE_BOUND('',#3926,.T.);
#3926 = EDGE_LOOP('',(#3927,#3928,#3936,#3944));
#3927 = ORIENTED_EDGE('',*,*,#3906,.T.);
#3928 = ORIENTED_EDGE('',*,*,#3929,.T.);
#3929 = EDGE_CURVE('',#3899,#3930,#3932,.T.);
#3930 = VERTEX_POINT('',#3931);
#3931 = CARTESIAN_POINT('',(-1.817079549866E+03,1.100048579317E+03,
    1.29187343395E+03));
#3932 = LINE('',#3933,#3934);
#3933 = CARTESIAN_POINT('',(-1.817079549866E+03,1.109713750317E+03,
    1.29187343395E+03));
#3934 = VECTOR('',#3935,1.);
#3935 = DIRECTION('',(2.2E-16,-1.,-2.2E-16));
#3936 = ORIENTED_EDGE('',*,*,#3937,.F.);
#3937 = EDGE_CURVE('',#3938,#3930,#3940,.T.);
#3938 = VERTEX_POINT('',#3939);
#3939 = CARTESIAN_POINT('',(-1.867079549866E+03,1.100048579317E+03,
    1.29187343395E+03));
#3940 = LINE('',#3941,#3942);
#3941 = CARTESIAN_POINT('',(-1.867079549866E+03,1.100048579317E+03,
    1.29187343395E+03));
#3942 = VECTOR('',#3943,1.);
#3943 = DIRECTION('',(1.,1.1E-16,1.1E-16));
#3944 = ORIENTED_EDGE('',*,*,#3945,.F.);
#3945 = EDGE_CURVE('',#3907,#3938,#3946,.T.);
#3946 = LINE('',#3947,#3948);
#3947 = CARTESIAN_POINT('',(-1.867079549866E+03,1.109713750317E+03,
    1.29187343395E+03));
#3948 = VECTOR('',#3949,1.);
#3949 = DIRECTION('',(2.2E-16,-1.,-2.2E-16));
#3950 = PLANE('',#3951);
#3951 = AXIS2_PLACEMENT_3D('',#3952,#3953,#3954);
#3952 = CARTESIAN_POINT('',(-1.867079549866E+03,1.109713750317E+03,
    1.29187343395E+03));
#3953 = DIRECTION('',(-1.1E-16,-2.2E-16,1.));
#3954 = DIRECTION('',(-2.2E-16,1.,2.2E-16));
#3955 = ADVANCED_FACE('',(#3956),#3981,.F.);
#3956 = FACE_BOUND('',#3957,.T.);
#3957 = EDGE_LOOP('',(#3958,#3959,#3967,#3975));
#3958 = ORIENTED_EDGE('',*,*,#3937,.T.);
#3959 = ORIENTED_EDGE('',*,*,#3960,.T.);
#3960 = EDGE_CURVE('',#3930,#3961,#3963,.T.);
#3961 = VERTEX_POINT('',#3962);
#3962 = CARTESIAN_POINT('',(-1.817079549866E+03,1.100048579317E+03,
    1.307400041701E+03));
#3963 = LINE('',#3964,#3965);
#3964 = CARTESIAN_POINT('',(-1.817079549866E+03,1.100048579317E+03,
    1.29187343395E+03));
#3965 = VECTOR('',#3966,1.);
#3966 = DIRECTION('',(-2.2E-16,-2.2E-16,1.));
#3967 = ORIENTED_EDGE('',*,*,#3968,.F.);
#3968 = EDGE_CURVE('',#3969,#3961,#3971,.T.);
#3969 = VERTEX_POINT('',#3970);
#3970 = CARTESIAN_POINT('',(-1.867079549866E+03,1.100048579317E+03,
    1.307400041701E+03));
#3971 = LINE('',#3972,#3973);
#3972 = CARTESIAN_POINT('',(-1.867079549866E+03,1.100048579317E+03,
    1.307400041701E+03));
#3973 = VECTOR('',#3974,1.);
#3974 = DIRECTION('',(1.,1.1E-16,1.1E-16));
#3975 = ORIENTED_EDGE('',*,*,#3976,.F.);
#3976 = EDGE_CURVE('',#3938,#3969,#3977,.T.);
#3977 = LINE('',#3978,#3979);
#3978 = CARTESIAN_POINT('',(-1.867079549866E+03,1.100048579317E+03,
    1.29187343395E+03));
#3979 = VECTOR('',#3980,1.);
#3980 = DIRECTION('',(-2.2E-16,-2.2E-16,1.));
#3981 = PLANE('',#3982);
#3982 = AXIS2_PLACEMENT_3D('',#3983,#3984,#3985);
#3983 = CARTESIAN_POINT('',(-1.867079549866E+03,1.100048579317E+03,
    1.29187343395E+03));
#3984 = DIRECTION('',(-1.1E-16,1.,2.2E-16));
#3985 = DIRECTION('',(2.2E-16,2.2E-16,-1.));
#3986 = ADVANCED_FACE('',(#3987),#4012,.F.);
#3987 = FACE_BOUND('',#3988,.T.);
#3988 = EDGE_LOOP('',(#3989,#3990,#3998,#4006));
#3989 = ORIENTED_EDGE('',*,*,#3968,.T.);
#3990 = ORIENTED_EDGE('',*,*,#3991,.T.);
#3991 = EDGE_CURVE('',#3961,#3992,#3994,.T.);
#3992 = VERTEX_POINT('',#3993);
#3993 = CARTESIAN_POINT('',(-1.817079549866E+03,1.100971165142E+03,
    1.307400041701E+03));
#3994 = LINE('',#3995,#3996);
#3995 = CARTESIAN_POINT('',(-1.817079549866E+03,1.100048579317E+03,
    1.307400041701E+03));
#3996 = VECTOR('',#3997,1.);
#3997 = DIRECTION('',(-2.2E-16,1.,2.2E-16));
#3998 = ORIENTED_EDGE('',*,*,#3999,.F.);
#3999 = EDGE_CURVE('',#4000,#3992,#4002,.T.);
#4000 = VERTEX_POINT('',#4001);
#4001 = CARTESIAN_POINT('',(-1.867079549866E+03,1.100971165142E+03,
    1.307400041701E+03));
#4002 = LINE('',#4003,#4004);
#4003 = CARTESIAN_POINT('',(-1.867079549866E+03,1.100971165142E+03,
    1.307400041701E+03));
#4004 = VECTOR('',#4005,1.);
#4005 = DIRECTION('',(1.,1.1E-16,1.1E-16));
#4006 = ORIENTED_EDGE('',*,*,#4007,.F.);
#4007 = EDGE_CURVE('',#3969,#4000,#4008,.T.);
#4008 = LINE('',#4009,#4010);
#4009 = CARTESIAN_POINT('',(-1.867079549866E+03,1.100048579317E+03,
    1.307400041701E+03));
#4010 = VECTOR('',#4011,1.);
#4011 = DIRECTION('',(-2.2E-16,1.,2.2E-16));
#4012 = PLANE('',#4013);
#4013 = AXIS2_PLACEMENT_3D('',#4014,#4015,#4016);
#4014 = CARTESIAN_POINT('',(-1.867079549866E+03,1.100048579317E+03,
    1.307400041701E+03));
#4015 = DIRECTION('',(1.1E-16,2.2E-16,-1.));
#4016 = DIRECTION('',(2.2E-16,-1.,-2.2E-16));
#4017 = ADVANCED_FACE('',(#4018),#4034,.F.);
#4018 = FACE_BOUND('',#4019,.T.);
#4019 = EDGE_LOOP('',(#4020,#4021,#4027,#4028));
#4020 = ORIENTED_EDGE('',*,*,#3999,.T.);
#4021 = ORIENTED_EDGE('',*,*,#4022,.T.);
#4022 = EDGE_CURVE('',#3992,#3827,#4023,.T.);
#4023 = LINE('',#4024,#4025);
#4024 = CARTESIAN_POINT('',(-1.817079549866E+03,1.100971165142E+03,
    1.307400041701E+03));
#4025 = VECTOR('',#4026,1.);
#4026 = DIRECTION('',(-2.2E-16,-2.2E-16,1.));
#4027 = ORIENTED_EDGE('',*,*,#3824,.F.);
#4028 = ORIENTED_EDGE('',*,*,#4029,.F.);
#4029 = EDGE_CURVE('',#4000,#3825,#4030,.T.);
#4030 = LINE('',#4031,#4032);
#4031 = CARTESIAN_POINT('',(-1.867079549866E+03,1.100971165142E+03,
    1.307400041701E+03));
#4032 = VECTOR('',#4033,1.);
#4033 = DIRECTION('',(-2.2E-16,-2.2E-16,1.));
#4034 = PLANE('',#4035);
#4035 = AXIS2_PLACEMENT_3D('',#4036,#4037,#4038);
#4036 = CARTESIAN_POINT('',(-1.867079549866E+03,1.100971165142E+03,
    1.307400041701E+03));
#4037 = DIRECTION('',(-1.1E-16,1.,2.2E-16));
#4038 = DIRECTION('',(2.2E-16,2.2E-16,-1.));
#4039 = ADVANCED_FACE('',(#4040),#4067,.F.);
#4040 = FACE_BOUND('',#4041,.F.);
#4041 = EDGE_LOOP('',(#4042,#4052,#4059,#4060));
#4042 = ORIENTED_EDGE('',*,*,#4043,.T.);
#4043 = EDGE_CURVE('',#4044,#4046,#4048,.T.);
#4044 = VERTEX_POINT('',#4045);
#4045 = CARTESIAN_POINT('',(-1.867079549866E+03,1.103971165142E+03,
    1.318736572617E+03));
#4046 = VERTEX_POINT('',#4047);
#4047 = CARTESIAN_POINT('',(-1.817079549866E+03,1.103971165142E+03,
    1.318736572617E+03));
#4048 = LINE('',#4049,#4050);
#4049 = CARTESIAN_POINT('',(-1.867079549866E+03,1.103971165142E+03,
    1.318736572617E+03));
#4050 = VECTOR('',#4051,1.);
#4051 = DIRECTION('',(1.,1.1E-16,1.1E-16));
#4052 = ORIENTED_EDGE('',*,*,#4053,.T.);
#4053 = EDGE_CURVE('',#4046,#4046,#4054,.T.);
#4054 = CIRCLE('',#4055,6.);
#4055 = AXIS2_PLACEMENT_3D('',#4056,#4057,#4058);
#4056 = CARTESIAN_POINT('',(-1.817079549866E+03,1.109971165142E+03,
    1.318736572617E+03));
#4057 = DIRECTION('',(-1.,-2.2E-16,-2.2E-16));
#4058 = DIRECTION('',(2.2E-16,-1.,-2.2E-16));
#4059 = ORIENTED_EDGE('',*,*,#4043,.F.);
#4060 = ORIENTED_EDGE('',*,*,#4061,.F.);
#4061 = EDGE_CURVE('',#4044,#4044,#4062,.T.);
#4062 = CIRCLE('',#4063,6.);
#4063 = AXIS2_PLACEMENT_3D('',#4064,#4065,#4066);
#4064 = CARTESIAN_POINT('',(-1.867079549866E+03,1.109971165142E+03,
    1.318736572617E+03));
#4065 = DIRECTION('',(-1.,-2.2E-16,-2.2E-16));
#4066 = DIRECTION('',(2.2E-16,-1.,-2.2E-16));
#4067 = CYLINDRICAL_SURFACE('',#4068,6.);
#4068 = AXIS2_PLACEMENT_3D('',#4069,#4070,#4071);
#4069 = CARTESIAN_POINT('',(-1.867079549866E+03,1.109971165142E+03,
    1.318736572617E+03));
#4070 = DIRECTION('',(-1.,-2.2E-16,-2.2E-16));
#4071 = DIRECTION('',(2.2E-16,-1.,-2.2E-16));
#4072 = ADVANCED_FACE('',(#4073,#4082),#4085,.F.);
#4073 = FACE_BOUND('',#4074,.T.);
#4074 = EDGE_LOOP('',(#4075,#4076,#4077,#4078,#4079,#4080,#4081));
#4075 = ORIENTED_EDGE('',*,*,#3851,.T.);
#4076 = ORIENTED_EDGE('',*,*,#3883,.T.);
#4077 = ORIENTED_EDGE('',*,*,#3914,.T.);
#4078 = ORIENTED_EDGE('',*,*,#3945,.T.);
#4079 = ORIENTED_EDGE('',*,*,#3976,.T.);
#4080 = ORIENTED_EDGE('',*,*,#4007,.T.);
#4081 = ORIENTED_EDGE('',*,*,#4029,.T.);
#4082 = FACE_BOUND('',#4083,.F.);
#4083 = EDGE_LOOP('',(#4084));
#4084 = ORIENTED_EDGE('',*,*,#4061,.T.);
#4085 = PLANE('',#4086);
#4086 = AXIS2_PLACEMENT_3D('',#4087,#4088,#4089);
#4087 = CARTESIAN_POINT('',(-1.867079549866E+03,1.108884743882E+03,
    1.311531407259E+03));
#4088 = DIRECTION('',(1.,2.2E-16,2.2E-16));
#4089 = DIRECTION('',(2.2E-16,0.,-1.));
#4090 = ADVANCED_FACE('',(#4091,#4100),#4103,.T.);
#4091 = FACE_BOUND('',#4092,.F.);
#4092 = EDGE_LOOP('',(#4093,#4094,#4095,#4096,#4097,#4098,#4099));
#4093 = ORIENTED_EDGE('',*,*,#3834,.T.);
#4094 = ORIENTED_EDGE('',*,*,#3867,.T.);
#4095 = ORIENTED_EDGE('',*,*,#3898,.T.);
#4096 = ORIENTED_EDGE('',*,*,#3929,.T.);
#4097 = ORIENTED_EDGE('',*,*,#3960,.T.);
#4098 = ORIENTED_EDGE('',*,*,#3991,.T.);
#4099 = ORIENTED_EDGE('',*,*,#4022,.T.);
#4100 = FACE_BOUND('',#4101,.T.);
#4101 = EDGE_LOOP('',(#4102));
#4102 = ORIENTED_EDGE('',*,*,#4053,.T.);
#4103 = PLANE('',#4104);
#4104 = AXIS2_PLACEMENT_3D('',#4105,#4106,#4107);
#4105 = CARTESIAN_POINT('',(-1.817079549866E+03,1.108884743882E+03,
    1.311531407259E+03));
#4106 = DIRECTION('',(1.,2.2E-16,2.2E-16));
#4107 = DIRECTION('',(2.2E-16,0.,-1.));
#4108 = MANIFOLD_SOLID_BREP('',#4109);
#4109 = CLOSED_SHELL('',(#4110,#4152,#4183,#4214,#4245,#4276,#4307,#4329
    ,#4362,#4380));
#4110 = ADVANCED_FACE('',(#4111),#4147,.T.);
#4111 = FACE_BOUND('',#4112,.T.);
#4112 = EDGE_LOOP('',(#4113,#4123,#4132,#4140));
#4113 = ORIENTED_EDGE('',*,*,#4114,.T.);
#4114 = EDGE_CURVE('',#4115,#4117,#4119,.T.);
#4115 = VERTEX_POINT('',#4116);
#4116 = CARTESIAN_POINT('',(-2.867079549866E+03,1.100971165142E+03,
    1.318736572617E+03));
#4117 = VERTEX_POINT('',#4118);
#4118 = CARTESIAN_POINT('',(-2.817079549866E+03,1.100971165142E+03,
    1.318736572617E+03));
#4119 = LINE('',#4120,#4121);
#4120 = CARTESIAN_POINT('',(-2.867079549866E+03,1.100971165142E+03,
    1.318736572617E+03));
#4121 = VECTOR('',#4122,1.);
#4122 = DIRECTION('',(1.,1.1E-16,1.1E-16));
#4123 = ORIENTED_EDGE('',*,*,#4124,.T.);
#4124 = EDGE_CURVE('',#4117,#4125,#4127,.T.);
#4125 = VERTEX_POINT('',#4126);
#4126 = CARTESIAN_POINT('',(-2.817079549866E+03,1.11894508416E+03,
    1.31805189936E+03));
#4127 = CIRCLE('',#4128,9.);
#4128 = AXIS2_PLACEMENT_3D('',#4129,#4130,#4131);
#4129 = CARTESIAN_POINT('',(-2.817079549866E+03,1.109971165142E+03,
    1.318736572617E+03));
#4130 = DIRECTION('',(-1.,-2.2E-16,-2.2E-16));
#4131 = DIRECTION('',(2.2E-16,-1.,-2.2E-16));
#4132 = ORIENTED_EDGE('',*,*,#4133,.F.);
#4133 = EDGE_CURVE('',#4134,#4125,#4136,.T.);
#4134 = VERTEX_POINT('',#4135);
#4135 = CARTESIAN_POINT('',(-2.867079549866E+03,1.11894508416E+03,
    1.31805189936E+03));
#4136 = LINE('',#4137,#4138);
#4137 = CARTESIAN_POINT('',(-2.867079549866E+03,1.11894508416E+03,
    1.31805189936E+03));
#4138 = VECTOR('',#4139,1.);
#4139 = DIRECTION('',(1.,1.1E-16,1.1E-16));
#4140 = ORIENTED_EDGE('',*,*,#4141,.F.);
#4141 = EDGE_CURVE('',#4115,#4134,#4142,.T.);
#4142 = CIRCLE('',#4143,9.);
#4143 = AXIS2_PLACEMENT_3D('',#4144,#4145,#4146);
#4144 = CARTESIAN_POINT('',(-2.867079549866E+03,1.109971165142E+03,
    1.318736572617E+03));
#4145 = DIRECTION('',(-1.,-2.2E-16,-2.2E-16));
#4146 = DIRECTION('',(2.2E-16,-1.,-2.2E-16));
#4147 = CYLINDRICAL_SURFACE('',#4148,9.);
#4148 = AXIS2_PLACEMENT_3D('',#4149,#4150,#4151);
#4149 = CARTESIAN_POINT('',(-2.867079549866E+03,1.109971165142E+03,
    1.318736572617E+03));
#4150 = DIRECTION('',(-1.,-2.2E-16,-2.2E-16));
#4151 = DIRECTION('',(2.2E-16,-1.,-2.2E-16));
#4152 = ADVANCED_FACE('',(#4153),#4178,.F.);
#4153 = FACE_BOUND('',#4154,.T.);
#4154 = EDGE_LOOP('',(#4155,#4156,#4164,#4172));
#4155 = ORIENTED_EDGE('',*,*,#4133,.T.);
#4156 = ORIENTED_EDGE('',*,*,#4157,.T.);
#4157 = EDGE_CURVE('',#4125,#4158,#4160,.T.);
#4158 = VERTEX_POINT('',#4159);
#4159 = CARTESIAN_POINT('',(-2.817079549866E+03,1.11894508416E+03,
    1.30764687095E+03));
#4160 = LINE('',#4161,#4162);
#4161 = CARTESIAN_POINT('',(-2.817079549866E+03,1.11894508416E+03,
    1.31805189936E+03));
#4162 = VECTOR('',#4163,1.);
#4163 = DIRECTION('',(2.2E-16,2.2E-16,-1.));
#4164 = ORIENTED_EDGE('',*,*,#4165,.F.);
#4165 = EDGE_CURVE('',#4166,#4158,#4168,.T.);
#4166 = VERTEX_POINT('',#4167);
#4167 = CARTESIAN_POINT('',(-2.867079549866E+03,1.11894508416E+03,
    1.30764687095E+03));
#4168 = LINE('',#4169,#4170);
#4169 = CARTESIAN_POINT('',(-2.867079549866E+03,1.11894508416E+03,
    1.30764687095E+03));
#4170 = VECTOR('',#4171,1.);
#4171 = DIRECTION('',(1.,1.1E-16,1.1E-16));
#4172 = ORIENTED_EDGE('',*,*,#4173,.F.);
#4173 = EDGE_CURVE('',#4134,#4166,#4174,.T.);
#4174 = LINE('',#4175,#4176);
#4175 = CARTESIAN_POINT('',(-2.867079549866E+03,1.11894508416E+03,
    1.31805189936E+03));
#4176 = VECTOR('',#4177,1.);
#4177 = DIRECTION('',(2.2E-16,2.2E-16,-1.));
#4178 = PLANE('',#4179);
#4179 = AXIS2_PLACEMENT_3D('',#4180,#4181,#4182);
#4180 = CARTESIAN_POINT('',(-2.867079549866E+03,1.11894508416E+03,
    1.31805189936E+03));
#4181 = DIRECTION('',(1.1E-16,-1.,-2.2E-16));
#4182 = DIRECTION('',(-2.2E-16,-2.2E-16,1.));
#4183 = ADVANCED_FACE('',(#4184),#4209,.F.);
#4184 = FACE_BOUND('',#4185,.T.);
#4185 = EDGE_LOOP('',(#4186,#4187,#4195,#4203));
#4186 = ORIENTED_EDGE('',*,*,#4165,.T.);
#4187 = ORIENTED_EDGE('',*,*,#4188,.T.);
#4188 = EDGE_CURVE('',#4158,#4189,#4191,.T.);
#4189 = VERTEX_POINT('',#4190);
#4190 = CARTESIAN_POINT('',(-2.817079549866E+03,1.109713750317E+03,
    1.29187343395E+03));
#4191 = LINE('',#4192,#4193);
#4192 = CARTESIAN_POINT('',(-2.817079549866E+03,1.11894508416E+03,
    1.30764687095E+03));
#4193 = VECTOR('',#4194,1.);
#4194 = DIRECTION('',(3.E-16,-0.505101869379,-0.863059732319));
#4195 = ORIENTED_EDGE('',*,*,#4196,.F.);
#4196 = EDGE_CURVE('',#4197,#4189,#4199,.T.);
#4197 = VERTEX_POINT('',#4198);
#4198 = CARTESIAN_POINT('',(-2.867079549866E+03,1.109713750317E+03,
    1.29187343395E+03));
#4199 = LINE('',#4200,#4201);
#4200 = CARTESIAN_POINT('',(-2.867079549866E+03,1.109713750317E+03,
    1.29187343395E+03));
#4201 = VECTOR('',#4202,1.);
#4202 = DIRECTION('',(1.,1.1E-16,1.1E-16));
#4203 = ORIENTED_EDGE('',*,*,#4204,.F.);
#4204 = EDGE_CURVE('',#4166,#4197,#4205,.T.);
#4205 = LINE('',#4206,#4207);
#4206 = CARTESIAN_POINT('',(-2.867079549866E+03,1.11894508416E+03,
    1.30764687095E+03));
#4207 = VECTOR('',#4208,1.);
#4208 = DIRECTION('',(3.E-16,-0.505101869379,-0.863059732319));
#4209 = PLANE('',#4210);
#4210 = AXIS2_PLACEMENT_3D('',#4211,#4212,#4213);
#4211 = CARTESIAN_POINT('',(-2.867079549866E+03,1.11894508416E+03,
    1.30764687095E+03));
#4212 = DIRECTION('',(4.E-17,-0.863059732319,0.505101869379));
#4213 = DIRECTION('',(-3.E-16,0.505101869379,0.863059732319));
#4214 = ADVANCED_FACE('',(#4215),#4240,.F.);
#4215 = FACE_BOUND('',#4216,.T.);
#4216 = EDGE_LOOP('',(#4217,#4218,#4226,#4234));
#4217 = ORIENTED_EDGE('',*,*,#4196,.T.);
#4218 = ORIENTED_EDGE('',*,*,#4219,.T.);
#4219 = EDGE_CURVE('',#4189,#4220,#4222,.T.);
#4220 = VERTEX_POINT('',#4221);
#4221 = CARTESIAN_POINT('',(-2.817079549866E+03,1.100048579317E+03,
    1.29187343395E+03));
#4222 = LINE('',#4223,#4224);
#4223 = CARTESIAN_POINT('',(-2.817079549866E+03,1.109713750317E+03,
    1.29187343395E+03));
#4224 = VECTOR('',#4225,1.);
#4225 = DIRECTION('',(2.2E-16,-1.,-2.2E-16));
#4226 = ORIENTED_EDGE('',*,*,#4227,.F.);
#4227 = EDGE_CURVE('',#4228,#4220,#4230,.T.);
#4228 = VERTEX_POINT('',#4229);
#4229 = CARTESIAN_POINT('',(-2.867079549866E+03,1.100048579317E+03,
    1.29187343395E+03));
#4230 = LINE('',#4231,#4232);
#4231 = CARTESIAN_POINT('',(-2.867079549866E+03,1.100048579317E+03,
    1.29187343395E+03));
#4232 = VECTOR('',#4233,1.);
#4233 = DIRECTION('',(1.,1.1E-16,1.1E-16));
#4234 = ORIENTED_EDGE('',*,*,#4235,.F.);
#4235 = EDGE_CURVE('',#4197,#4228,#4236,.T.);
#4236 = LINE('',#4237,#4238);
#4237 = CARTESIAN_POINT('',(-2.867079549866E+03,1.109713750317E+03,
    1.29187343395E+03));
#4238 = VECTOR('',#4239,1.);
#4239 = DIRECTION('',(2.2E-16,-1.,-2.2E-16));
#4240 = PLANE('',#4241);
#4241 = AXIS2_PLACEMENT_3D('',#4242,#4243,#4244);
#4242 = CARTESIAN_POINT('',(-2.867079549866E+03,1.109713750317E+03,
    1.29187343395E+03));
#4243 = DIRECTION('',(-1.1E-16,-2.2E-16,1.));
#4244 = DIRECTION('',(-2.2E-16,1.,2.2E-16));
#4245 = ADVANCED_FACE('',(#4246),#4271,.F.);
#4246 = FACE_BOUND('',#4247,.T.);
#4247 = EDGE_LOOP('',(#4248,#4249,#4257,#4265));
#4248 = ORIENTED_EDGE('',*,*,#4227,.T.);
#4249 = ORIENTED_EDGE('',*,*,#4250,.T.);
#4250 = EDGE_CURVE('',#4220,#4251,#4253,.T.);
#4251 = VERTEX_POINT('',#4252);
#4252 = CARTESIAN_POINT('',(-2.817079549866E+03,1.100048579317E+03,
    1.307400041701E+03));
#4253 = LINE('',#4254,#4255);
#4254 = CARTESIAN_POINT('',(-2.817079549866E+03,1.100048579317E+03,
    1.29187343395E+03));
#4255 = VECTOR('',#4256,1.);
#4256 = DIRECTION('',(-2.2E-16,-2.2E-16,1.));
#4257 = ORIENTED_EDGE('',*,*,#4258,.F.);
#4258 = EDGE_CURVE('',#4259,#4251,#4261,.T.);
#4259 = VERTEX_POINT('',#4260);
#4260 = CARTESIAN_POINT('',(-2.867079549866E+03,1.100048579317E+03,
    1.307400041701E+03));
#4261 = LINE('',#4262,#4263);
#4262 = CARTESIAN_POINT('',(-2.867079549866E+03,1.100048579317E+03,
    1.307400041701E+03));
#4263 = VECTOR('',#4264,1.);
#4264 = DIRECTION('',(1.,1.1E-16,1.1E-16));
#4265 = ORIENTED_EDGE('',*,*,#4266,.F.);
#4266 = EDGE_CURVE('',#4228,#4259,#4267,.T.);
#4267 = LINE('',#4268,#4269);
#4268 = CARTESIAN_POINT('',(-2.867079549866E+03,1.100048579317E+03,
    1.29187343395E+03));
#4269 = VECTOR('',#4270,1.);
#4270 = DIRECTION('',(-2.2E-16,-2.2E-16,1.));
#4271 = PLANE('',#4272);
#4272 = AXIS2_PLACEMENT_3D('',#4273,#4274,#4275);
#4273 = CARTESIAN_POINT('',(-2.867079549866E+03,1.100048579317E+03,
    1.29187343395E+03));
#4274 = DIRECTION('',(-1.1E-16,1.,2.2E-16));
#4275 = DIRECTION('',(2.2E-16,2.2E-16,-1.));
#4276 = ADVANCED_FACE('',(#4277),#4302,.F.);
#4277 = FACE_BOUND('',#4278,.T.);
#4278 = EDGE_LOOP('',(#4279,#4280,#4288,#4296));
#4279 = ORIENTED_EDGE('',*,*,#4258,.T.);
#4280 = ORIENTED_EDGE('',*,*,#4281,.T.);
#4281 = EDGE_CURVE('',#4251,#4282,#4284,.T.);
#4282 = VERTEX_POINT('',#4283);
#4283 = CARTESIAN_POINT('',(-2.817079549866E+03,1.100971165142E+03,
    1.307400041701E+03));
#4284 = LINE('',#4285,#4286);
#4285 = CARTESIAN_POINT('',(-2.817079549866E+03,1.100048579317E+03,
    1.307400041701E+03));
#4286 = VECTOR('',#4287,1.);
#4287 = DIRECTION('',(-2.2E-16,1.,2.2E-16));
#4288 = ORIENTED_EDGE('',*,*,#4289,.F.);
#4289 = EDGE_CURVE('',#4290,#4282,#4292,.T.);
#4290 = VERTEX_POINT('',#4291);
#4291 = CARTESIAN_POINT('',(-2.867079549866E+03,1.100971165142E+03,
    1.307400041701E+03));
#4292 = LINE('',#4293,#4294);
#4293 = CARTESIAN_POINT('',(-2.867079549866E+03,1.100971165142E+03,
    1.307400041701E+03));
#4294 = VECTOR('',#4295,1.);
#4295 = DIRECTION('',(1.,1.1E-16,1.1E-16));
#4296 = ORIENTED_EDGE('',*,*,#4297,.F.);
#4297 = EDGE_CURVE('',#4259,#4290,#4298,.T.);
#4298 = LINE('',#4299,#4300);
#4299 = CARTESIAN_POINT('',(-2.867079549866E+03,1.100048579317E+03,
    1.307400041701E+03));
#4300 = VECTOR('',#4301,1.);
#4301 = DIRECTION('',(-2.2E-16,1.,2.2E-16));
#4302 = PLANE('',#4303);
#4303 = AXIS2_PLACEMENT_3D('',#4304,#4305,#4306);
#4304 = CARTESIAN_POINT('',(-2.867079549866E+03,1.100048579317E+03,
    1.307400041701E+03));
#4305 = DIRECTION('',(1.1E-16,2.2E-16,-1.));
#4306 = DIRECTION('',(2.2E-16,-1.,-2.2E-16));
#4307 = ADVANCED_FACE('',(#4308),#4324,.F.);
#4308 = FACE_BOUND('',#4309,.T.);
#4309 = EDGE_LOOP('',(#4310,#4311,#4317,#4318));
#4310 = ORIENTED_EDGE('',*,*,#4289,.T.);
#4311 = ORIENTED_EDGE('',*,*,#4312,.T.);
#4312 = EDGE_CURVE('',#4282,#4117,#4313,.T.);
#4313 = LINE('',#4314,#4315);
#4314 = CARTESIAN_POINT('',(-2.817079549866E+03,1.100971165142E+03,
    1.307400041701E+03));
#4315 = VECTOR('',#4316,1.);
#4316 = DIRECTION('',(-2.2E-16,-2.2E-16,1.));
#4317 = ORIENTED_EDGE('',*,*,#4114,.F.);
#4318 = ORIENTED_EDGE('',*,*,#4319,.F.);
#4319 = EDGE_CURVE('',#4290,#4115,#4320,.T.);
#4320 = LINE('',#4321,#4322);
#4321 = CARTESIAN_POINT('',(-2.867079549866E+03,1.100971165142E+03,
    1.307400041701E+03));
#4322 = VECTOR('',#4323,1.);
#4323 = DIRECTION('',(-2.2E-16,-2.2E-16,1.));
#4324 = PLANE('',#4325);
#4325 = AXIS2_PLACEMENT_3D('',#4326,#4327,#4328);
#4326 = CARTESIAN_POINT('',(-2.867079549866E+03,1.100971165142E+03,
    1.307400041701E+03));
#4327 = DIRECTION('',(-1.1E-16,1.,2.2E-16));
#4328 = DIRECTION('',(2.2E-16,2.2E-16,-1.));
#4329 = ADVANCED_FACE('',(#4330),#4357,.F.);
#4330 = FACE_BOUND('',#4331,.F.);
#4331 = EDGE_LOOP('',(#4332,#4342,#4349,#4350));
#4332 = ORIENTED_EDGE('',*,*,#4333,.T.);
#4333 = EDGE_CURVE('',#4334,#4336,#4338,.T.);
#4334 = VERTEX_POINT('',#4335);
#4335 = CARTESIAN_POINT('',(-2.867079549866E+03,1.103971165142E+03,
    1.318736572617E+03));
#4336 = VERTEX_POINT('',#4337);
#4337 = CARTESIAN_POINT('',(-2.817079549866E+03,1.103971165142E+03,
    1.318736572617E+03));
#4338 = LINE('',#4339,#4340);
#4339 = CARTESIAN_POINT('',(-2.867079549866E+03,1.103971165142E+03,
    1.318736572617E+03));
#4340 = VECTOR('',#4341,1.);
#4341 = DIRECTION('',(1.,1.1E-16,1.1E-16));
#4342 = ORIENTED_EDGE('',*,*,#4343,.T.);
#4343 = EDGE_CURVE('',#4336,#4336,#4344,.T.);
#4344 = CIRCLE('',#4345,6.);
#4345 = AXIS2_PLACEMENT_3D('',#4346,#4347,#4348);
#4346 = CARTESIAN_POINT('',(-2.817079549866E+03,1.109971165142E+03,
    1.318736572617E+03));
#4347 = DIRECTION('',(-1.,-2.2E-16,-2.2E-16));
#4348 = DIRECTION('',(2.2E-16,-1.,-2.2E-16));
#4349 = ORIENTED_EDGE('',*,*,#4333,.F.);
#4350 = ORIENTED_EDGE('',*,*,#4351,.F.);
#4351 = EDGE_CURVE('',#4334,#4334,#4352,.T.);
#4352 = CIRCLE('',#4353,6.);
#4353 = AXIS2_PLACEMENT_3D('',#4354,#4355,#4356);
#4354 = CARTESIAN_POINT('',(-2.867079549866E+03,1.109971165142E+03,
    1.318736572617E+03));
#4355 = DIRECTION('',(-1.,-2.2E-16,-2.2E-16));
#4356 = DIRECTION('',(2.2E-16,-1.,-2.2E-16));
#4357 = CYLINDRICAL_SURFACE('',#4358,6.);
#4358 = AXIS2_PLACEMENT_3D('',#4359,#4360,#4361);
#4359 = CARTESIAN_POINT('',(-2.867079549866E+03,1.109971165142E+03,
    1.318736572617E+03));
#4360 = DIRECTION('',(-1.,-2.2E-16,-2.2E-16));
#4361 = DIRECTION('',(2.2E-16,-1.,-2.2E-16));
#4362 = ADVANCED_FACE('',(#4363,#4372),#4375,.F.);
#4363 = FACE_BOUND('',#4364,.T.);
#4364 = EDGE_LOOP('',(#4365,#4366,#4367,#4368,#4369,#4370,#4371));
#4365 = ORIENTED_EDGE('',*,*,#4141,.T.);
#4366 = ORIENTED_EDGE('',*,*,#4173,.T.);
#4367 = ORIENTED_EDGE('',*,*,#4204,.T.);
#4368 = ORIENTED_EDGE('',*,*,#4235,.T.);
#4369 = ORIENTED_EDGE('',*,*,#4266,.T.);
#4370 = ORIENTED_EDGE('',*,*,#4297,.T.);
#4371 = ORIENTED_EDGE('',*,*,#4319,.T.);
#4372 = FACE_BOUND('',#4373,.F.);
#4373 = EDGE_LOOP('',(#4374));
#4374 = ORIENTED_EDGE('',*,*,#4351,.T.);
#4375 = PLANE('',#4376);
#4376 = AXIS2_PLACEMENT_3D('',#4377,#4378,#4379);
#4377 = CARTESIAN_POINT('',(-2.867079549866E+03,1.108884743882E+03,
    1.311531407259E+03));
#4378 = DIRECTION('',(1.,2.2E-16,2.2E-16));
#4379 = DIRECTION('',(2.2E-16,0.,-1.));
#4380 = ADVANCED_FACE('',(#4381,#4390),#4393,.T.);
#4381 = FACE_BOUND('',#4382,.F.);
#4382 = EDGE_LOOP('',(#4383,#4384,#4385,#4386,#4387,#4388,#4389));
#4383 = ORIENTED_EDGE('',*,*,#4124,.T.);
#4384 = ORIENTED_EDGE('',*,*,#4157,.T.);
#4385 = ORIENTED_EDGE('',*,*,#4188,.T.);
#4386 = ORIENTED_EDGE('',*,*,#4219,.T.);
#4387 = ORIENTED_EDGE('',*,*,#4250,.T.);
#4388 = ORIENTED_EDGE('',*,*,#4281,.T.);
#4389 = ORIENTED_EDGE('',*,*,#4312,.T.);
#4390 = FACE_BOUND('',#4391,.T.);
#4391 = EDGE_LOOP('',(#4392));
#4392 = ORIENTED_EDGE('',*,*,#4343,.T.);
#4393 = PLANE('',#4394);
#4394 = AXIS2_PLACEMENT_3D('',#4395,#4396,#4397);
#4395 = CARTESIAN_POINT('',(-2.817079549866E+03,1.108884743882E+03,
    1.311531407259E+03));
#4396 = DIRECTION('',(1.,2.2E-16,2.2E-16));
#4397 = DIRECTION('',(2.2E-16,0.,-1.));
#4398 = ( GEOMETRIC_REPRESENTATION_CONTEXT(3) 
GLOBAL_UNCERTAINTY_ASSIGNED_CONTEXT((#4402)) 
GLOBAL_UNIT_ASSIGNED_CONTEXT((#4399,#4400,#4401)) REPRESENTATION_CONTEXT
('Context #1','3D Context with UNIT and UNCERTAINTY') );
#4399 = ( LENGTH_UNIT() NAMED_UNIT(*) SI_UNIT(.MILLI.,.METRE.) );
#4400 = ( NAMED_UNIT(*) PLANE_ANGLE_UNIT() SI_UNIT($,.RADIAN.) );
#4401 = ( NAMED_UNIT(*) SI_UNIT($,.STERADIAN.) SOLID_ANGLE_UNIT() );
#4402 = UNCERTAINTY_MEASURE_WITH_UNIT(LENGTH_MEASURE(1.E-07),#4399,
  'distance_accuracy_value','confusion accuracy');
#4403 = CONTEXT_DEPENDENT_SHAPE_REPRESENTATION(#4404,#4406);
#4404 = ( REPRESENTATION_RELATIONSHIP('','',#2077,#10) 
REPRESENTATION_RELATIONSHIP_WITH_TRANSFORMATION(#4405) 
SHAPE_REPRESENTATION_RELATIONSHIP() );
#4405 = ITEM_DEFINED_TRANSFORMATION('','',#11,#47);
#4406 = PRODUCT_DEFINITION_SHAPE('Placement','Placement of an item',
  #4407);
#4407 = NEXT_ASSEMBLY_USAGE_OCCURRENCE('9','Fusion002','',#5,#2072,$);
#4408 = PRODUCT_RELATED_PRODUCT_CATEGORY('part',$,(#2074));
#4409 = SHAPE_DEFINITION_REPRESENTATION(#4410,#4416);
#4410 = PRODUCT_DEFINITION_SHAPE('','',#4411);
#4411 = PRODUCT_DEFINITION('design','',#4412,#4415);
#4412 = PRODUCT_DEFINITION_FORMATION('','',#4413);
#4413 = PRODUCT('cylinder_bracket','cylinder_bracket','',(#4414));
#4414 = PRODUCT_CONTEXT('',#2,'mechanical');
#4415 = PRODUCT_DEFINITION_CONTEXT('part definition',#2,'design');
#4416 = ADVANCED_BREP_SHAPE_REPRESENTATION('',(#11,#4417),#4943);
#4417 = MANIFOLD_SOLID_BREP('',#4418);
#4418 = CLOSED_SHELL('',(#4419,#4475,#4506,#4537,#4600,#4631,#4648,#4665
    ,#4684,#4720,#4745,#4780,#4804,#4840,#4865,#4893,#4909,#4926));
#4419 = ADVANCED_FACE('',(#4420),#4470,.F.);
#4420 = FACE_BOUND('',#4421,.F.);
#4421 = EDGE_LOOP('',(#4422,#4432,#4440,#4448,#4456,#4464));
#4422 = ORIENTED_EDGE('',*,*,#4423,.T.);
#4423 = EDGE_CURVE('',#4424,#4426,#4428,.T.);
#4424 = VERTEX_POINT('',#4425);
#4425 = CARTESIAN_POINT('',(-101.9797166363,75.,-75.));
#4426 = VERTEX_POINT('',#4427);
#4427 = CARTESIAN_POINT('',(-101.9797166363,-75.,-75.));
#4428 = LINE('',#4429,#4430);
#4429 = CARTESIAN_POINT('',(-101.9797166363,75.,-75.));
#4430 = VECTOR('',#4431,1.);
#4431 = DIRECTION('',(0.,-1.,0.));
#4432 = ORIENTED_EDGE('',*,*,#4433,.T.);
#4433 = EDGE_CURVE('',#4426,#4434,#4436,.T.);
#4434 = VERTEX_POINT('',#4435);
#4435 = CARTESIAN_POINT('',(-76.97971663636,-75.,-75.));
#4436 = LINE('',#4437,#4438);
#4437 = CARTESIAN_POINT('',(-101.9797166363,-75.,-75.));
#4438 = VECTOR('',#4439,1.);
#4439 = DIRECTION('',(1.,0.,0.));
#4440 = ORIENTED_EDGE('',*,*,#4441,.F.);
#4441 = EDGE_CURVE('',#4442,#4434,#4444,.T.);
#4442 = VERTEX_POINT('',#4443);
#4443 = CARTESIAN_POINT('',(-76.97971663636,-30.,-75.));
#4444 = LINE('',#4445,#4446);
#4445 = CARTESIAN_POINT('',(-76.97971663636,75.,-75.));
#4446 = VECTOR('',#4447,1.);
#4447 = DIRECTION('',(0.,-1.,0.));
#4448 = ORIENTED_EDGE('',*,*,#4449,.F.);
#4449 = EDGE_CURVE('',#4450,#4442,#4452,.T.);
#4450 = VERTEX_POINT('',#4451);
#4451 = CARTESIAN_POINT('',(-76.97971663636,30.,-75.));
#4452 = LINE('',#4453,#4454);
#4453 = CARTESIAN_POINT('',(-76.97971663636,30.,-75.));
#4454 = VECTOR('',#4455,1.);
#4455 = DIRECTION('',(0.,-1.,0.));
#4456 = ORIENTED_EDGE('',*,*,#4457,.F.);
#4457 = EDGE_CURVE('',#4458,#4450,#4460,.T.);
#4458 = VERTEX_POINT('',#4459);
#4459 = CARTESIAN_POINT('',(-76.97971663636,75.,-75.));
#4460 = LINE('',#4461,#4462);
#4461 = CARTESIAN_POINT('',(-76.97971663636,75.,-75.));
#4462 = VECTOR('',#4463,1.);
#4463 = DIRECTION('',(0.,-1.,0.));
#4464 = ORIENTED_EDGE('',*,*,#4465,.F.);
#4465 = EDGE_CURVE('',#4424,#4458,#4466,.T.);
#4466 = LINE('',#4467,#4468);
#4467 = CARTESIAN_POINT('',(-101.9797166363,75.,-75.));
#4468 = VECTOR('',#4469,1.);
#4469 = DIRECTION('',(1.,0.,0.));
#4470 = PLANE('',#4471);
#4471 = AXIS2_PLACEMENT_3D('',#4472,#4473,#4474);
#4472 = CARTESIAN_POINT('',(-101.9797166363,75.,-75.));
#4473 = DIRECTION('',(0.,0.,1.));
#4474 = DIRECTION('',(1.,0.,-0.));
#4475 = ADVANCED_FACE('',(#4476),#4501,.F.);
#4476 = FACE_BOUND('',#4477,.F.);
#4477 = EDGE_LOOP('',(#4478,#4488,#4494,#4495));
#4478 = ORIENTED_EDGE('',*,*,#4479,.T.);
#4479 = EDGE_CURVE('',#4480,#4482,#4484,.T.);
#4480 = VERTEX_POINT('',#4481);
#4481 = CARTESIAN_POINT('',(-101.9797166363,75.,75.));
#4482 = VERTEX_POINT('',#4483);
#4483 = CARTESIAN_POINT('',(-101.9797166363,-75.,75.));
#4484 = LINE('',#4485,#4486);
#4485 = CARTESIAN_POINT('',(-101.9797166363,75.,75.));
#4486 = VECTOR('',#4487,1.);
#4487 = DIRECTION('',(0.,-1.,0.));
#4488 = ORIENTED_EDGE('',*,*,#4489,.T.);
#4489 = EDGE_CURVE('',#4482,#4426,#4490,.T.);
#4490 = LINE('',#4491,#4492);
#4491 = CARTESIAN_POINT('',(-101.9797166363,-75.,75.));
#4492 = VECTOR('',#4493,1.);
#4493 = DIRECTION('',(0.,2.2E-16,-1.));
#4494 = ORIENTED_EDGE('',*,*,#4423,.F.);
#4495 = ORIENTED_EDGE('',*,*,#4496,.F.);
#4496 = EDGE_CURVE('',#4480,#4424,#4497,.T.);
#4497 = LINE('',#4498,#4499);
#4498 = CARTESIAN_POINT('',(-101.9797166363,75.,75.));
#4499 = VECTOR('',#4500,1.);
#4500 = DIRECTION('',(0.,2.2E-16,-1.));
#4501 = PLANE('',#4502);
#4502 = AXIS2_PLACEMENT_3D('',#4503,#4504,#4505);
#4503 = CARTESIAN_POINT('',(-101.9797166363,75.,75.));
#4504 = DIRECTION('',(1.,0.,0.));
#4505 = DIRECTION('',(0.,2.2E-16,-1.));
#4506 = ADVANCED_FACE('',(#4507),#4532,.F.);
#4507 = FACE_BOUND('',#4508,.F.);
#4508 = EDGE_LOOP('',(#4509,#4517,#4518,#4526));
#4509 = ORIENTED_EDGE('',*,*,#4510,.F.);
#4510 = EDGE_CURVE('',#4458,#4511,#4513,.T.);
#4511 = VERTEX_POINT('',#4512);
#4512 = CARTESIAN_POINT('',(-76.97971663636,75.,75.));
#4513 = LINE('',#4514,#4515);
#4514 = CARTESIAN_POINT('',(-76.97971663636,75.,-75.));
#4515 = VECTOR('',#4516,1.);
#4516 = DIRECTION('',(0.,-2.2E-16,1.));
#4517 = ORIENTED_EDGE('',*,*,#4457,.T.);
#4518 = ORIENTED_EDGE('',*,*,#4519,.F.);
#4519 = EDGE_CURVE('',#4520,#4450,#4522,.T.);
#4520 = VERTEX_POINT('',#4521);
#4521 = CARTESIAN_POINT('',(-76.97971663636,30.,75.));
#4522 = LINE('',#4523,#4524);
#4523 = CARTESIAN_POINT('',(-76.97971663636,30.,75.));
#4524 = VECTOR('',#4525,1.);
#4525 = DIRECTION('',(0.,2.2E-16,-1.));
#4526 = ORIENTED_EDGE('',*,*,#4527,.F.);
#4527 = EDGE_CURVE('',#4511,#4520,#4528,.T.);
#4528 = LINE('',#4529,#4530);
#4529 = CARTESIAN_POINT('',(-76.97971663636,75.,75.));
#4530 = VECTOR('',#4531,1.);
#4531 = DIRECTION('',(0.,-1.,0.));
#4532 = PLANE('',#4533);
#4533 = AXIS2_PLACEMENT_3D('',#4534,#4535,#4536);
#4534 = CARTESIAN_POINT('',(-76.97971663636,75.,-75.));
#4535 = DIRECTION('',(-1.,0.,0.));
#4536 = DIRECTION('',(0.,-2.2E-16,1.));
#4537 = ADVANCED_FACE('',(#4538),#4595,.F.);
#4538 = FACE_BOUND('',#4539,.F.);
#4539 = EDGE_LOOP('',(#4540,#4548,#4549,#4557,#4565,#4573,#4581,#4589));
#4540 = ORIENTED_EDGE('',*,*,#4541,.F.);
#4541 = EDGE_CURVE('',#4450,#4542,#4544,.T.);
#4542 = VERTEX_POINT('',#4543);
#4543 = CARTESIAN_POINT('',(15.245136910266,30.,-36.98088425913));
#4544 = LINE('',#4545,#4546);
#4545 = CARTESIAN_POINT('',(-76.97971663636,30.,-75.));
#4546 = VECTOR('',#4547,1.);
#4547 = DIRECTION('',(0.924522106478,-8.E-17,0.381128422757));
#4548 = ORIENTED_EDGE('',*,*,#4449,.T.);
#4549 = ORIENTED_EDGE('',*,*,#4550,.T.);
#4550 = EDGE_CURVE('',#4442,#4551,#4553,.T.);
#4551 = VERTEX_POINT('',#4552);
#4552 = CARTESIAN_POINT('',(15.245136910266,-30.,-36.98088425913));
#4553 = LINE('',#4554,#4555);
#4554 = CARTESIAN_POINT('',(-76.97971663636,-30.,-75.));
#4555 = VECTOR('',#4556,1.);
#4556 = DIRECTION('',(0.924522106478,-8.E-17,0.381128422757));
#4557 = ORIENTED_EDGE('',*,*,#4558,.F.);
#4558 = EDGE_CURVE('',#4559,#4551,#4561,.T.);
#4559 = VERTEX_POINT('',#4560);
#4560 = CARTESIAN_POINT('',(15.245136910266,-15.,-36.98088425913));
#4561 = LINE('',#4562,#4563);
#4562 = CARTESIAN_POINT('',(15.245136910266,30.,-36.98088425913));
#4563 = VECTOR('',#4564,1.);
#4564 = DIRECTION('',(0.,-1.,0.));
#4565 = ORIENTED_EDGE('',*,*,#4566,.T.);
#4566 = EDGE_CURVE('',#4559,#4567,#4569,.T.);
#4567 = VERTEX_POINT('',#4568);
#4568 = CARTESIAN_POINT('',(-59.366302,-15.,-67.73898061206));
#4569 = LINE('',#4570,#4571);
#4570 = CARTESIAN_POINT('',(7.354984017395,-15.,-40.23355015678));
#4571 = VECTOR('',#4572,1.);
#4572 = DIRECTION('',(-0.924522106478,-0.,-0.381128422757));
#4573 = ORIENTED_EDGE('',*,*,#4574,.T.);
#4574 = EDGE_CURVE('',#4567,#4575,#4577,.T.);
#4575 = VERTEX_POINT('',#4576);
#4576 = CARTESIAN_POINT('',(-59.366302,15.,-67.73898061206));
#4577 = LINE('',#4578,#4579);
#4578 = CARTESIAN_POINT('',(-59.366302,7.5,-67.73898061206));
#4579 = VECTOR('',#4580,1.);
#4580 = DIRECTION('',(0.,1.,-0.));
#4581 = ORIENTED_EDGE('',*,*,#4582,.T.);
#4582 = EDGE_CURVE('',#4575,#4583,#4585,.T.);
#4583 = VERTEX_POINT('',#4584);
#4584 = CARTESIAN_POINT('',(15.245136910266,15.,-36.98088425913));
#4585 = LINE('',#4586,#4587);
#4586 = CARTESIAN_POINT('',(-38.62061714094,15.,-59.18670252813));
#4587 = VECTOR('',#4588,1.);
#4588 = DIRECTION('',(0.924522106478,0.,0.381128422757));
#4589 = ORIENTED_EDGE('',*,*,#4590,.F.);
#4590 = EDGE_CURVE('',#4542,#4583,#4591,.T.);
#4591 = LINE('',#4592,#4593);
#4592 = CARTESIAN_POINT('',(15.245136910266,30.,-36.98088425913));
#4593 = VECTOR('',#4594,1.);
#4594 = DIRECTION('',(0.,-1.,0.));
#4595 = PLANE('',#4596);
#4596 = AXIS2_PLACEMENT_3D('',#4597,#4598,#4599);
#4597 = CARTESIAN_POINT('',(-76.97971663636,30.,-75.));
#4598 = DIRECTION('',(-0.381128422757,0.,0.924522106478));
#4599 = DIRECTION('',(0.924522106478,-8.E-17,0.381128422757));
#4600 = ADVANCED_FACE('',(#4601),#4626,.F.);
#4601 = FACE_BOUND('',#4602,.F.);
#4602 = EDGE_LOOP('',(#4603,#4611,#4612,#4620));
#4603 = ORIENTED_EDGE('',*,*,#4604,.T.);
#4604 = EDGE_CURVE('',#4605,#4442,#4607,.T.);
#4605 = VERTEX_POINT('',#4606);
#4606 = CARTESIAN_POINT('',(-76.97971663636,-30.,75.));
#4607 = LINE('',#4608,#4609);
#4608 = CARTESIAN_POINT('',(-76.97971663636,-30.,75.));
#4609 = VECTOR('',#4610,1.);
#4610 = DIRECTION('',(0.,2.2E-16,-1.));
#4611 = ORIENTED_EDGE('',*,*,#4441,.T.);
#4612 = ORIENTED_EDGE('',*,*,#4613,.T.);
#4613 = EDGE_CURVE('',#4434,#4614,#4616,.T.);
#4614 = VERTEX_POINT('',#4615);
#4615 = CARTESIAN_POINT('',(-76.97971663636,-75.,75.));
#4616 = LINE('',#4617,#4618);
#4617 = CARTESIAN_POINT('',(-76.97971663636,-75.,-75.));
#4618 = VECTOR('',#4619,1.);
#4619 = DIRECTION('',(0.,-2.2E-16,1.));
#4620 = ORIENTED_EDGE('',*,*,#4621,.F.);
#4621 = EDGE_CURVE('',#4605,#4614,#4622,.T.);
#4622 = LINE('',#4623,#4624);
#4623 = CARTESIAN_POINT('',(-76.97971663636,75.,75.));
#4624 = VECTOR('',#4625,1.);
#4625 = DIRECTION('',(0.,-1.,0.));
#4626 = PLANE('',#4627);
#4627 = AXIS2_PLACEMENT_3D('',#4628,#4629,#4630);
#4628 = CARTESIAN_POINT('',(-76.97971663636,75.,-75.));
#4629 = DIRECTION('',(-1.,0.,0.));
#4630 = DIRECTION('',(0.,-2.2E-16,1.));
#4631 = ADVANCED_FACE('',(#4632),#4643,.T.);
#4632 = FACE_BOUND('',#4633,.F.);
#4633 = EDGE_LOOP('',(#4634,#4635,#4636,#4642));
#4634 = ORIENTED_EDGE('',*,*,#4465,.T.);
#4635 = ORIENTED_EDGE('',*,*,#4510,.T.);
#4636 = ORIENTED_EDGE('',*,*,#4637,.T.);
#4637 = EDGE_CURVE('',#4511,#4480,#4638,.T.);
#4638 = LINE('',#4639,#4640);
#4639 = CARTESIAN_POINT('',(-76.97971663636,75.,75.));
#4640 = VECTOR('',#4641,1.);
#4641 = DIRECTION('',(-1.,0.,0.));
#4642 = ORIENTED_EDGE('',*,*,#4496,.T.);
#4643 = PLANE('',#4644);
#4644 = AXIS2_PLACEMENT_3D('',#4645,#4646,#4647);
#4645 = CARTESIAN_POINT('',(-89.47971663636,75.,2.842E-14));
#4646 = DIRECTION('',(0.,1.,4.4E-16));
#4647 = DIRECTION('',(0.,-4.4E-16,1.));
#4648 = ADVANCED_FACE('',(#4649),#4660,.F.);
#4649 = FACE_BOUND('',#4650,.T.);
#4650 = EDGE_LOOP('',(#4651,#4652,#4653,#4659));
#4651 = ORIENTED_EDGE('',*,*,#4433,.T.);
#4652 = ORIENTED_EDGE('',*,*,#4613,.T.);
#4653 = ORIENTED_EDGE('',*,*,#4654,.T.);
#4654 = EDGE_CURVE('',#4614,#4482,#4655,.T.);
#4655 = LINE('',#4656,#4657);
#4656 = CARTESIAN_POINT('',(-76.97971663636,-75.,75.));
#4657 = VECTOR('',#4658,1.);
#4658 = DIRECTION('',(-1.,0.,0.));
#4659 = ORIENTED_EDGE('',*,*,#4489,.T.);
#4660 = PLANE('',#4661);
#4661 = AXIS2_PLACEMENT_3D('',#4662,#4663,#4664);
#4662 = CARTESIAN_POINT('',(-89.47971663636,-75.,0.));
#4663 = DIRECTION('',(0.,1.,4.4E-16));
#4664 = DIRECTION('',(0.,-4.4E-16,1.));
#4665 = ADVANCED_FACE('',(#4666),#4679,.F.);
#4666 = FACE_BOUND('',#4667,.F.);
#4667 = EDGE_LOOP('',(#4668,#4669,#4675,#4676,#4677,#4678));
#4668 = ORIENTED_EDGE('',*,*,#4527,.T.);
#4669 = ORIENTED_EDGE('',*,*,#4670,.T.);
#4670 = EDGE_CURVE('',#4520,#4605,#4671,.T.);
#4671 = LINE('',#4672,#4673);
#4672 = CARTESIAN_POINT('',(-76.97971663636,30.,75.));
#4673 = VECTOR('',#4674,1.);
#4674 = DIRECTION('',(0.,-1.,0.));
#4675 = ORIENTED_EDGE('',*,*,#4621,.T.);
#4676 = ORIENTED_EDGE('',*,*,#4654,.T.);
#4677 = ORIENTED_EDGE('',*,*,#4479,.F.);
#4678 = ORIENTED_EDGE('',*,*,#4637,.F.);
#4679 = PLANE('',#4680);
#4680 = AXIS2_PLACEMENT_3D('',#4681,#4682,#4683);
#4681 = CARTESIAN_POINT('',(-76.97971663636,75.,75.));
#4682 = DIRECTION('',(0.,0.,-1.));
#4683 = DIRECTION('',(-1.,0.,0.));
#4684 = ADVANCED_FACE('',(#4685,#4704),#4715,.T.);
#4685 = FACE_BOUND('',#4686,.F.);
#4686 = EDGE_LOOP('',(#4687,#4696,#4702,#4703));
#4687 = ORIENTED_EDGE('',*,*,#4688,.T.);
#4688 = EDGE_CURVE('',#4542,#4689,#4691,.T.);
#4689 = VERTEX_POINT('',#4690);
#4690 = CARTESIAN_POINT('',(15.245136910266,30.,36.980884259131));
#4691 = CIRCLE('',#4692,40.);
#4692 = AXIS2_PLACEMENT_3D('',#4693,#4694,#4695);
#4693 = CARTESIAN_POINT('',(0.,30.,-7.11E-15));
#4694 = DIRECTION('',(0.,-1.,-2.2E-16));
#4695 = DIRECTION('',(1.,0.,0.));
#4696 = ORIENTED_EDGE('',*,*,#4697,.T.);
#4697 = EDGE_CURVE('',#4689,#4520,#4698,.T.);
#4698 = LINE('',#4699,#4700);
#4699 = CARTESIAN_POINT('',(15.245136910266,30.,36.980884259131));
#4700 = VECTOR('',#4701,1.);
#4701 = DIRECTION('',(-0.924522106478,-8.E-17,0.381128422757));
#4702 = ORIENTED_EDGE('',*,*,#4519,.T.);
#4703 = ORIENTED_EDGE('',*,*,#4541,.T.);
#4704 = FACE_BOUND('',#4705,.T.);
#4705 = EDGE_LOOP('',(#4706));
#4706 = ORIENTED_EDGE('',*,*,#4707,.T.);
#4707 = EDGE_CURVE('',#4708,#4708,#4710,.T.);
#4708 = VERTEX_POINT('',#4709);
#4709 = CARTESIAN_POINT('',(20.,30.,7.E-15));
#4710 = CIRCLE('',#4711,20.);
#4711 = AXIS2_PLACEMENT_3D('',#4712,#4713,#4714);
#4712 = CARTESIAN_POINT('',(0.,30.,-7.11E-15));
#4713 = DIRECTION('',(0.,-1.,-2.2E-16));
#4714 = DIRECTION('',(1.,0.,0.));
#4715 = PLANE('',#4716);
#4716 = AXIS2_PLACEMENT_3D('',#4717,#4718,#4719);
#4717 = CARTESIAN_POINT('',(-27.45253062726,30.,-4.263E-14));
#4718 = DIRECTION('',(0.,1.,4.4E-16));
#4719 = DIRECTION('',(0.,-4.4E-16,1.));
#4720 = ADVANCED_FACE('',(#4721),#4740,.T.);
#4721 = FACE_BOUND('',#4722,.T.);
#4722 = EDGE_LOOP('',(#4723,#4731,#4738,#4739));
#4723 = ORIENTED_EDGE('',*,*,#4724,.T.);
#4724 = EDGE_CURVE('',#4689,#4725,#4727,.T.);
#4725 = VERTEX_POINT('',#4726);
#4726 = CARTESIAN_POINT('',(15.245136910266,15.,36.980884259131));
#4727 = LINE('',#4728,#4729);
#4728 = CARTESIAN_POINT('',(15.245136910266,30.,36.980884259131));
#4729 = VECTOR('',#4730,1.);
#4730 = DIRECTION('',(0.,-1.,0.));
#4731 = ORIENTED_EDGE('',*,*,#4732,.T.);
#4732 = EDGE_CURVE('',#4725,#4583,#4733,.T.);
#4733 = CIRCLE('',#4734,40.);
#4734 = AXIS2_PLACEMENT_3D('',#4735,#4736,#4737);
#4735 = CARTESIAN_POINT('',(0.,15.,-3.33E-15));
#4736 = DIRECTION('',(-0.,1.,2.2E-16));
#4737 = DIRECTION('',(1.,0.,0.));
#4738 = ORIENTED_EDGE('',*,*,#4590,.F.);
#4739 = ORIENTED_EDGE('',*,*,#4688,.T.);
#4740 = CYLINDRICAL_SURFACE('',#4741,40.);
#4741 = AXIS2_PLACEMENT_3D('',#4742,#4743,#4744);
#4742 = CARTESIAN_POINT('',(0.,30.,0.));
#4743 = DIRECTION('',(0.,1.,2.2E-16));
#4744 = DIRECTION('',(1.,0.,-0.));
#4745 = ADVANCED_FACE('',(#4746,#4764),#4775,.T.);
#4746 = FACE_BOUND('',#4747,.T.);
#4747 = EDGE_LOOP('',(#4748,#4756,#4762,#4763));
#4748 = ORIENTED_EDGE('',*,*,#4749,.T.);
#4749 = EDGE_CURVE('',#4725,#4750,#4752,.T.);
#4750 = VERTEX_POINT('',#4751);
#4751 = CARTESIAN_POINT('',(-59.366302,15.,67.738980612063));
#4752 = LINE('',#4753,#4754);
#4753 = CARTESIAN_POINT('',(-27.74435559219,15.,54.703032120999));
#4754 = VECTOR('',#4755,1.);
#4755 = DIRECTION('',(-0.924522106478,0.,0.381128422757));
#4756 = ORIENTED_EDGE('',*,*,#4757,.T.);
#4757 = EDGE_CURVE('',#4750,#4575,#4758,.T.);
#4758 = LINE('',#4759,#4760);
#4759 = CARTESIAN_POINT('',(-59.366302,15.,100.));
#4760 = VECTOR('',#4761,1.);
#4761 = DIRECTION('',(0.,-0.,-1.));
#4762 = ORIENTED_EDGE('',*,*,#4582,.T.);
#4763 = ORIENTED_EDGE('',*,*,#4732,.F.);
#4764 = FACE_BOUND('',#4765,.T.);
#4765 = EDGE_LOOP('',(#4766));
#4766 = ORIENTED_EDGE('',*,*,#4767,.T.);
#4767 = EDGE_CURVE('',#4768,#4768,#4770,.T.);
#4768 = VERTEX_POINT('',#4769);
#4769 = CARTESIAN_POINT('',(20.,15.,3.E-15));
#4770 = CIRCLE('',#4771,20.);
#4771 = AXIS2_PLACEMENT_3D('',#4772,#4773,#4774);
#4772 = CARTESIAN_POINT('',(0.,15.,-3.33E-15));
#4773 = DIRECTION('',(-0.,1.,2.2E-16));
#4774 = DIRECTION('',(1.,0.,0.));
#4775 = PLANE('',#4776);
#4776 = AXIS2_PLACEMENT_3D('',#4777,#4778,#4779);
#4777 = CARTESIAN_POINT('',(-59.366302,15.,100.));
#4778 = DIRECTION('',(0.,-1.,0.));
#4779 = DIRECTION('',(1.,0.,0.));
#4780 = ADVANCED_FACE('',(#4781),#4799,.T.);
#4781 = FACE_BOUND('',#4782,.T.);
#4782 = EDGE_LOOP('',(#4783,#4791,#4797,#4798));
#4783 = ORIENTED_EDGE('',*,*,#4784,.T.);
#4784 = EDGE_CURVE('',#4750,#4785,#4787,.T.);
#4785 = VERTEX_POINT('',#4786);
#4786 = CARTESIAN_POINT('',(-59.366302,-15.,67.738980612063));
#4787 = LINE('',#4788,#4789);
#4788 = CARTESIAN_POINT('',(-59.366302,7.5,67.738980612063));
#4789 = VECTOR('',#4790,1.);
#4790 = DIRECTION('',(0.,-1.,0.));
#4791 = ORIENTED_EDGE('',*,*,#4792,.T.);
#4792 = EDGE_CURVE('',#4785,#4567,#4793,.T.);
#4793 = LINE('',#4794,#4795);
#4794 = CARTESIAN_POINT('',(-59.366302,-15.,100.));
#4795 = VECTOR('',#4796,1.);
#4796 = DIRECTION('',(0.,-0.,-1.));
#4797 = ORIENTED_EDGE('',*,*,#4574,.T.);
#4798 = ORIENTED_EDGE('',*,*,#4757,.F.);
#4799 = PLANE('',#4800);
#4800 = AXIS2_PLACEMENT_3D('',#4801,#4802,#4803);
#4801 = CARTESIAN_POINT('',(-59.366302,-15.,100.));
#4802 = DIRECTION('',(1.,0.,0.));
#4803 = DIRECTION('',(0.,1.,-0.));
#4804 = ADVANCED_FACE('',(#4805,#4824),#4835,.T.);
#4805 = FACE_BOUND('',#4806,.T.);
#4806 = EDGE_LOOP('',(#4807,#4808,#4816,#4823));
#4807 = ORIENTED_EDGE('',*,*,#4792,.F.);
#4808 = ORIENTED_EDGE('',*,*,#4809,.T.);
#4809 = EDGE_CURVE('',#4785,#4810,#4812,.T.);
#4810 = VERTEX_POINT('',#4811);
#4811 = CARTESIAN_POINT('',(15.245136910266,-15.,36.980884259131));
#4812 = LINE('',#4813,#4814);
#4813 = CARTESIAN_POINT('',(18.231245566136,-15.,35.749879749648));
#4814 = VECTOR('',#4815,1.);
#4815 = DIRECTION('',(0.924522106478,-0.,-0.381128422757));
#4816 = ORIENTED_EDGE('',*,*,#4817,.T.);
#4817 = EDGE_CURVE('',#4810,#4559,#4818,.T.);
#4818 = CIRCLE('',#4819,40.);
#4819 = AXIS2_PLACEMENT_3D('',#4820,#4821,#4822);
#4820 = CARTESIAN_POINT('',(0.,-15.,-9.99E-15));
#4821 = DIRECTION('',(-0.,1.,2.2E-16));
#4822 = DIRECTION('',(1.,0.,0.));
#4823 = ORIENTED_EDGE('',*,*,#4566,.T.);
#4824 = FACE_BOUND('',#4825,.T.);
#4825 = EDGE_LOOP('',(#4826));
#4826 = ORIENTED_EDGE('',*,*,#4827,.F.);
#4827 = EDGE_CURVE('',#4828,#4828,#4830,.T.);
#4828 = VERTEX_POINT('',#4829);
#4829 = CARTESIAN_POINT('',(20.,-15.,-3.E-15));
#4830 = CIRCLE('',#4831,20.);
#4831 = AXIS2_PLACEMENT_3D('',#4832,#4833,#4834);
#4832 = CARTESIAN_POINT('',(0.,-15.,-9.99E-15));
#4833 = DIRECTION('',(-0.,1.,2.2E-16));
#4834 = DIRECTION('',(1.,0.,0.));
#4835 = PLANE('',#4836);
#4836 = AXIS2_PLACEMENT_3D('',#4837,#4838,#4839);
#4837 = CARTESIAN_POINT('',(48.211536,-15.,100.));
#4838 = DIRECTION('',(0.,1.,-0.));
#4839 = DIRECTION('',(-1.,0.,0.));
#4840 = ADVANCED_FACE('',(#4841),#4860,.T.);
#4841 = FACE_BOUND('',#4842,.T.);
#4842 = EDGE_LOOP('',(#4843,#4851,#4858,#4859));
#4843 = ORIENTED_EDGE('',*,*,#4844,.T.);
#4844 = EDGE_CURVE('',#4810,#4845,#4847,.T.);
#4845 = VERTEX_POINT('',#4846);
#4846 = CARTESIAN_POINT('',(15.245136910266,-30.,36.980884259131));
#4847 = LINE('',#4848,#4849);
#4848 = CARTESIAN_POINT('',(15.245136910266,30.,36.980884259131));
#4849 = VECTOR('',#4850,1.);
#4850 = DIRECTION('',(0.,-1.,0.));
#4851 = ORIENTED_EDGE('',*,*,#4852,.F.);
#4852 = EDGE_CURVE('',#4551,#4845,#4853,.T.);
#4853 = CIRCLE('',#4854,40.);
#4854 = AXIS2_PLACEMENT_3D('',#4855,#4856,#4857);
#4855 = CARTESIAN_POINT('',(0.,-30.,7.11E-15));
#4856 = DIRECTION('',(0.,-1.,-2.2E-16));
#4857 = DIRECTION('',(1.,0.,0.));
#4858 = ORIENTED_EDGE('',*,*,#4558,.F.);
#4859 = ORIENTED_EDGE('',*,*,#4817,.F.);
#4860 = CYLINDRICAL_SURFACE('',#4861,40.);
#4861 = AXIS2_PLACEMENT_3D('',#4862,#4863,#4864);
#4862 = CARTESIAN_POINT('',(0.,30.,0.));
#4863 = DIRECTION('',(0.,1.,2.2E-16));
#4864 = DIRECTION('',(1.,0.,-0.));
#4865 = ADVANCED_FACE('',(#4866,#4877),#4888,.F.);
#4866 = FACE_BOUND('',#4867,.T.);
#4867 = EDGE_LOOP('',(#4868,#4869,#4875,#4876));
#4868 = ORIENTED_EDGE('',*,*,#4852,.T.);
#4869 = ORIENTED_EDGE('',*,*,#4870,.T.);
#4870 = EDGE_CURVE('',#4845,#4605,#4871,.T.);
#4871 = LINE('',#4872,#4873);
#4872 = CARTESIAN_POINT('',(15.245136910266,-30.,36.980884259131));
#4873 = VECTOR('',#4874,1.);
#4874 = DIRECTION('',(-0.924522106478,-8.E-17,0.381128422757));
#4875 = ORIENTED_EDGE('',*,*,#4604,.T.);
#4876 = ORIENTED_EDGE('',*,*,#4550,.T.);
#4877 = FACE_BOUND('',#4878,.F.);
#4878 = EDGE_LOOP('',(#4879));
#4879 = ORIENTED_EDGE('',*,*,#4880,.T.);
#4880 = EDGE_CURVE('',#4881,#4881,#4883,.T.);
#4881 = VERTEX_POINT('',#4882);
#4882 = CARTESIAN_POINT('',(20.,-30.,-7.E-15));
#4883 = CIRCLE('',#4884,20.);
#4884 = AXIS2_PLACEMENT_3D('',#4885,#4886,#4887);
#4885 = CARTESIAN_POINT('',(0.,-30.,7.11E-15));
#4886 = DIRECTION('',(0.,-1.,-2.2E-16));
#4887 = DIRECTION('',(1.,0.,0.));
#4888 = PLANE('',#4889);
#4889 = AXIS2_PLACEMENT_3D('',#4890,#4891,#4892);
#4890 = CARTESIAN_POINT('',(-27.45253062726,-30.,-5.684E-14));
#4891 = DIRECTION('',(0.,1.,4.4E-16));
#4892 = DIRECTION('',(0.,-4.4E-16,1.));
#4893 = ADVANCED_FACE('',(#4894),#4904,.F.);
#4894 = FACE_BOUND('',#4895,.F.);
#4895 = EDGE_LOOP('',(#4896,#4897,#4898,#4899,#4900,#4901,#4902,#4903));
#4896 = ORIENTED_EDGE('',*,*,#4697,.F.);
#4897 = ORIENTED_EDGE('',*,*,#4724,.T.);
#4898 = ORIENTED_EDGE('',*,*,#4749,.T.);
#4899 = ORIENTED_EDGE('',*,*,#4784,.T.);
#4900 = ORIENTED_EDGE('',*,*,#4809,.T.);
#4901 = ORIENTED_EDGE('',*,*,#4844,.T.);
#4902 = ORIENTED_EDGE('',*,*,#4870,.T.);
#4903 = ORIENTED_EDGE('',*,*,#4670,.F.);
#4904 = PLANE('',#4905);
#4905 = AXIS2_PLACEMENT_3D('',#4906,#4907,#4908);
#4906 = CARTESIAN_POINT('',(15.245136910266,30.,36.980884259131));
#4907 = DIRECTION('',(-0.381128422757,-0.,-0.924522106478));
#4908 = DIRECTION('',(-0.924522106478,-8.E-17,0.381128422757));
#4909 = ADVANCED_FACE('',(#4910),#4921,.F.);
#4910 = FACE_BOUND('',#4911,.F.);
#4911 = EDGE_LOOP('',(#4912,#4918,#4919,#4920));
#4912 = ORIENTED_EDGE('',*,*,#4913,.T.);
#4913 = EDGE_CURVE('',#4708,#4768,#4914,.T.);
#4914 = LINE('',#4915,#4916);
#4915 = CARTESIAN_POINT('',(20.,30.,0.));
#4916 = VECTOR('',#4917,1.);
#4917 = DIRECTION('',(0.,-1.,0.));
#4918 = ORIENTED_EDGE('',*,*,#4767,.T.);
#4919 = ORIENTED_EDGE('',*,*,#4913,.F.);
#4920 = ORIENTED_EDGE('',*,*,#4707,.T.);
#4921 = CYLINDRICAL_SURFACE('',#4922,20.);
#4922 = AXIS2_PLACEMENT_3D('',#4923,#4924,#4925);
#4923 = CARTESIAN_POINT('',(0.,30.,0.));
#4924 = DIRECTION('',(0.,1.,2.2E-16));
#4925 = DIRECTION('',(1.,0.,-0.));
#4926 = ADVANCED_FACE('',(#4927),#4938,.F.);
#4927 = FACE_BOUND('',#4928,.F.);
#4928 = EDGE_LOOP('',(#4929,#4935,#4936,#4937));
#4929 = ORIENTED_EDGE('',*,*,#4930,.T.);
#4930 = EDGE_CURVE('',#4828,#4881,#4931,.T.);
#4931 = LINE('',#4932,#4933);
#4932 = CARTESIAN_POINT('',(20.,30.,0.));
#4933 = VECTOR('',#4934,1.);
#4934 = DIRECTION('',(0.,-1.,0.));
#4935 = ORIENTED_EDGE('',*,*,#4880,.F.);
#4936 = ORIENTED_EDGE('',*,*,#4930,.F.);
#4937 = ORIENTED_EDGE('',*,*,#4827,.F.);
#4938 = CYLINDRICAL_SURFACE('',#4939,20.);
#4939 = AXIS2_PLACEMENT_3D('',#4940,#4941,#4942);
#4940 = CARTESIAN_POINT('',(0.,30.,0.));
#4941 = DIRECTION('',(0.,1.,2.2E-16));
#4942 = DIRECTION('',(1.,0.,-0.));
#4943 = ( GEOMETRIC_REPRESENTATION_CONTEXT(3) 
GLOBAL_UNCERTAINTY_ASSIGNED_CONTEXT((#4947)) 
GLOBAL_UNIT_ASSIGNED_CONTEXT((#4944,#4945,#4946)) REPRESENTATION_CONTEXT
('Context #1','3D Context with UNIT and UNCERTAINTY') );
#4944 = ( LENGTH_UNIT() NAMED_UNIT(*) SI_UNIT(.MILLI.,.METRE.) );
#4945 = ( NAMED_UNIT(*) PLANE_ANGLE_UNIT() SI_UNIT($,.RADIAN.) );
#4946 = ( NAMED_UNIT(*) SI_UNIT($,.STERADIAN.) SOLID_ANGLE_UNIT() );
#4947 = UNCERTAINTY_MEASURE_WITH_UNIT(LENGTH_MEASURE(1.E-07),#4944,
  'distance_accuracy_value','confusion accuracy');
#4948 = CONTEXT_DEPENDENT_SHAPE_REPRESENTATION(#4949,#4951);
#4949 = ( REPRESENTATION_RELATIONSHIP('','',#4416,#10) 
REPRESENTATION_RELATIONSHIP_WITH_TRANSFORMATION(#4950) 
SHAPE_REPRESENTATION_RELATIONSHIP() );
#4950 = ITEM_DEFINED_TRANSFORMATION('','',#11,#51);
#4951 = PRODUCT_DEFINITION_SHAPE('Placement','Placement of an item',
  #4952);
#4952 = NEXT_ASSEMBLY_USAGE_OCCURRENCE('10','cylinder_bracket','',#5,
  #4411,$);
#4953 = PRODUCT_RELATED_PRODUCT_CATEGORY('part',$,(#4413));
#4954 = SHAPE_DEFINITION_REPRESENTATION(#4955,#4961);
#4955 = PRODUCT_DEFINITION_SHAPE('','',#4956);
#4956 = PRODUCT_DEFINITION('design','',#4957,#4960);
#4957 = PRODUCT_DEFINITION_FORMATION('','',#4958);
#4958 = PRODUCT('Cut001','Cut001','',(#4959));
#4959 = PRODUCT_CONTEXT('',#2,'mechanical');
#4960 = PRODUCT_DEFINITION_CONTEXT('part definition',#2,'design');
#4961 = SHAPE_REPRESENTATION('',(#11,#4962,#5153),#5344);
#4962 = MANIFOLD_SOLID_BREP('',#4963);
#4963 = CLOSED_SHELL('',(#4964,#5004,#5047,#5071,#5107,#5124,#5136));
#4964 = ADVANCED_FACE('',(#4965),#4999,.T.);
#4965 = FACE_BOUND('',#4966,.T.);
#4966 = EDGE_LOOP('',(#4967,#4977,#4985,#4993));
#4967 = ORIENTED_EDGE('',*,*,#4968,.F.);
#4968 = EDGE_CURVE('',#4969,#4971,#4973,.T.);
#4969 = VERTEX_POINT('',#4970);
#4970 = CARTESIAN_POINT('',(-105.,550.,89.060271750508));
#4971 = VERTEX_POINT('',#4972);
#4972 = CARTESIAN_POINT('',(105.,550.,89.060271750508));
#4973 = LINE('',#4974,#4975);
#4974 = CARTESIAN_POINT('',(-105.,550.,89.060271750508));
#4975 = VECTOR('',#4976,1.);
#4976 = DIRECTION('',(1.,0.,7.E-17));
#4977 = ORIENTED_EDGE('',*,*,#4978,.T.);
#4978 = EDGE_CURVE('',#4969,#4979,#4981,.T.);
#4979 = VERTEX_POINT('',#4980);
#4980 = CARTESIAN_POINT('',(-105.,500.,89.060271750508));
#4981 = LINE('',#4982,#4983);
#4982 = CARTESIAN_POINT('',(-105.,550.,89.060271750508));
#4983 = VECTOR('',#4984,1.);
#4984 = DIRECTION('',(0.,-1.,2.2E-16));
#4985 = ORIENTED_EDGE('',*,*,#4986,.T.);
#4986 = EDGE_CURVE('',#4979,#4987,#4989,.T.);
#4987 = VERTEX_POINT('',#4988);
#4988 = CARTESIAN_POINT('',(105.,500.,89.060271750508));
#4989 = LINE('',#4990,#4991);
#4990 = CARTESIAN_POINT('',(-105.,500.,89.060271750508));
#4991 = VECTOR('',#4992,1.);
#4992 = DIRECTION('',(1.,0.,7.E-17));
#4993 = ORIENTED_EDGE('',*,*,#4994,.F.);
#4994 = EDGE_CURVE('',#4971,#4987,#4995,.T.);
#4995 = LINE('',#4996,#4997);
#4996 = CARTESIAN_POINT('',(105.,550.,89.060271750508));
#4997 = VECTOR('',#4998,1.);
#4998 = DIRECTION('',(0.,-1.,2.2E-16));
#4999 = PLANE('',#5000);
#5000 = AXIS2_PLACEMENT_3D('',#5001,#5002,#5003);
#5001 = CARTESIAN_POINT('',(-105.,550.,89.060271750508));
#5002 = DIRECTION('',(-7.E-17,2.2E-16,1.));
#5003 = DIRECTION('',(1.,0.,7.E-17));
#5004 = ADVANCED_FACE('',(#5005,#5031),#5042,.T.);
#5005 = FACE_BOUND('',#5006,.T.);
#5006 = EDGE_LOOP('',(#5007,#5008,#5016,#5025));
#5007 = ORIENTED_EDGE('',*,*,#4968,.T.);
#5008 = ORIENTED_EDGE('',*,*,#5009,.T.);
#5009 = EDGE_CURVE('',#4971,#5010,#5012,.T.);
#5010 = VERTEX_POINT('',#5011);
#5011 = CARTESIAN_POINT('',(59.344844222826,550.,-24.00916101567));
#5012 = LINE('',#5013,#5014);
#5013 = CARTESIAN_POINT('',(105.,550.,89.060271750508));
#5014 = VECTOR('',#5015,1.);
#5015 = DIRECTION('',(-0.374410169,-0.,-0.927263190982));
#5016 = ORIENTED_EDGE('',*,*,#5017,.F.);
#5017 = EDGE_CURVE('',#5018,#5010,#5020,.T.);
#5018 = VERTEX_POINT('',#5019);
#5019 = CARTESIAN_POINT('',(-57.83300487323,550.,-27.4575568052));
#5020 = CIRCLE('',#5021,64.);
#5021 = AXIS2_PLACEMENT_3D('',#5022,#5023,#5024);
#5022 = CARTESIAN_POINT('',(0.,550.,-4.691019968179E-02));
#5023 = DIRECTION('',(0.,-1.,0.));
#5024 = DIRECTION('',(1.,0.,0.));
#5025 = ORIENTED_EDGE('',*,*,#5026,.T.);
#5026 = EDGE_CURVE('',#5018,#4969,#5027,.T.);
#5027 = LINE('',#5028,#5029);
#5028 = CARTESIAN_POINT('',(-57.83300487323,550.,-27.4575568052));
#5029 = VECTOR('',#5030,1.);
#5030 = DIRECTION('',(-0.375227050136,0.,0.926932932227));
#5031 = FACE_BOUND('',#5032,.T.);
#5032 = EDGE_LOOP('',(#5033));
#5033 = ORIENTED_EDGE('',*,*,#5034,.T.);
#5034 = EDGE_CURVE('',#5035,#5035,#5037,.T.);
#5035 = VERTEX_POINT('',#5036);
#5036 = CARTESIAN_POINT('',(25.,550.,-4.691019968179E-02));
#5037 = CIRCLE('',#5038,25.);
#5038 = AXIS2_PLACEMENT_3D('',#5039,#5040,#5041);
#5039 = CARTESIAN_POINT('',(0.,550.,-4.691019968179E-02));
#5040 = DIRECTION('',(0.,-1.,0.));
#5041 = DIRECTION('',(1.,0.,0.));
#5042 = PLANE('',#5043);
#5043 = AXIS2_PLACEMENT_3D('',#5044,#5045,#5046);
#5044 = CARTESIAN_POINT('',(-1.335805140006E-02,550.,26.745748709877));
#5045 = DIRECTION('',(0.,1.,0.));
#5046 = DIRECTION('',(0.,0.,1.));
#5047 = ADVANCED_FACE('',(#5048),#5066,.T.);
#5048 = FACE_BOUND('',#5049,.T.);
#5049 = EDGE_LOOP('',(#5050,#5051,#5052,#5060));
#5050 = ORIENTED_EDGE('',*,*,#5009,.F.);
#5051 = ORIENTED_EDGE('',*,*,#4994,.T.);
#5052 = ORIENTED_EDGE('',*,*,#5053,.T.);
#5053 = EDGE_CURVE('',#4987,#5054,#5056,.T.);
#5054 = VERTEX_POINT('',#5055);
#5055 = CARTESIAN_POINT('',(59.344844222826,500.,-24.00916101567));
#5056 = LINE('',#5057,#5058);
#5057 = CARTESIAN_POINT('',(105.,500.,89.060271750508));
#5058 = VECTOR('',#5059,1.);
#5059 = DIRECTION('',(-0.374410169,-0.,-0.927263190982));
#5060 = ORIENTED_EDGE('',*,*,#5061,.F.);
#5061 = EDGE_CURVE('',#5010,#5054,#5062,.T.);
#5062 = LINE('',#5063,#5064);
#5063 = CARTESIAN_POINT('',(59.344844222826,550.,-24.00916101567));
#5064 = VECTOR('',#5065,1.);
#5065 = DIRECTION('',(0.,-1.,2.2E-16));
#5066 = PLANE('',#5067);
#5067 = AXIS2_PLACEMENT_3D('',#5068,#5069,#5070);
#5068 = CARTESIAN_POINT('',(105.,550.,89.060271750508));
#5069 = DIRECTION('',(0.927263190982,-8.E-17,-0.374410169));
#5070 = DIRECTION('',(-0.374410169,-2.1E-16,-0.927263190982));
#5071 = ADVANCED_FACE('',(#5072,#5091),#5102,.F.);
#5072 = FACE_BOUND('',#5073,.F.);
#5073 = EDGE_LOOP('',(#5074,#5075,#5076,#5085));
#5074 = ORIENTED_EDGE('',*,*,#4986,.T.);
#5075 = ORIENTED_EDGE('',*,*,#5053,.T.);
#5076 = ORIENTED_EDGE('',*,*,#5077,.F.);
#5077 = EDGE_CURVE('',#5078,#5054,#5080,.T.);
#5078 = VERTEX_POINT('',#5079);
#5079 = CARTESIAN_POINT('',(-57.83300487323,500.,-27.4575568052));
#5080 = CIRCLE('',#5081,64.);
#5081 = AXIS2_PLACEMENT_3D('',#5082,#5083,#5084);
#5082 = CARTESIAN_POINT('',(0.,500.,-4.691019968177E-02));
#5083 = DIRECTION('',(0.,-1.,0.));
#5084 = DIRECTION('',(1.,0.,0.));
#5085 = ORIENTED_EDGE('',*,*,#5086,.T.);
#5086 = EDGE_CURVE('',#5078,#4979,#5087,.T.);
#5087 = LINE('',#5088,#5089);
#5088 = CARTESIAN_POINT('',(-57.83300487323,500.,-27.4575568052));
#5089 = VECTOR('',#5090,1.);
#5090 = DIRECTION('',(-0.375227050136,0.,0.926932932227));
#5091 = FACE_BOUND('',#5092,.F.);
#5092 = EDGE_LOOP('',(#5093));
#5093 = ORIENTED_EDGE('',*,*,#5094,.T.);
#5094 = EDGE_CURVE('',#5095,#5095,#5097,.T.);
#5095 = VERTEX_POINT('',#5096);
#5096 = CARTESIAN_POINT('',(25.,500.,-4.691019968177E-02));
#5097 = CIRCLE('',#5098,25.);
#5098 = AXIS2_PLACEMENT_3D('',#5099,#5100,#5101);
#5099 = CARTESIAN_POINT('',(0.,500.,-4.691019968177E-02));
#5100 = DIRECTION('',(0.,-1.,0.));
#5101 = DIRECTION('',(1.,0.,0.));
#5102 = PLANE('',#5103);
#5103 = AXIS2_PLACEMENT_3D('',#5104,#5105,#5106);
#5104 = CARTESIAN_POINT('',(-1.335805140006E-02,500.,26.745748709877));
#5105 = DIRECTION('',(0.,1.,0.));
#5106 = DIRECTION('',(0.,0.,1.));
#5107 = ADVANCED_FACE('',(#5108),#5119,.T.);
#5108 = FACE_BOUND('',#5109,.T.);
#5109 = EDGE_LOOP('',(#5110,#5111,#5117,#5118));
#5110 = ORIENTED_EDGE('',*,*,#5026,.F.);
#5111 = ORIENTED_EDGE('',*,*,#5112,.T.);
#5112 = EDGE_CURVE('',#5018,#5078,#5113,.T.);
#5113 = LINE('',#5114,#5115);
#5114 = CARTESIAN_POINT('',(-57.83300487323,550.,-27.4575568052));
#5115 = VECTOR('',#5116,1.);
#5116 = DIRECTION('',(0.,-1.,2.2E-16));
#5117 = ORIENTED_EDGE('',*,*,#5086,.T.);
#5118 = ORIENTED_EDGE('',*,*,#4978,.F.);
#5119 = PLANE('',#5120);
#5120 = AXIS2_PLACEMENT_3D('',#5121,#5122,#5123);
#5121 = CARTESIAN_POINT('',(-57.83300487323,550.,-27.4575568052));
#5122 = DIRECTION('',(-0.926932932227,-8.E-17,-0.375227050136));
#5123 = DIRECTION('',(-0.375227050136,2.1E-16,0.926932932227));
#5124 = ADVANCED_FACE('',(#5125),#5131,.T.);
#5125 = FACE_BOUND('',#5126,.F.);
#5126 = EDGE_LOOP('',(#5127,#5128,#5129,#5130));
#5127 = ORIENTED_EDGE('',*,*,#5017,.F.);
#5128 = ORIENTED_EDGE('',*,*,#5112,.T.);
#5129 = ORIENTED_EDGE('',*,*,#5077,.T.);
#5130 = ORIENTED_EDGE('',*,*,#5061,.F.);
#5131 = CYLINDRICAL_SURFACE('',#5132,64.);
#5132 = AXIS2_PLACEMENT_3D('',#5133,#5134,#5135);
#5133 = CARTESIAN_POINT('',(0.,550.,-4.691019968179E-02));
#5134 = DIRECTION('',(0.,1.,-2.2E-16));
#5135 = DIRECTION('',(1.,0.,0.));
#5136 = ADVANCED_FACE('',(#5137),#5148,.F.);
#5137 = FACE_BOUND('',#5138,.T.);
#5138 = EDGE_LOOP('',(#5139,#5140,#5146,#5147));
#5139 = ORIENTED_EDGE('',*,*,#5034,.F.);
#5140 = ORIENTED_EDGE('',*,*,#5141,.T.);
#5141 = EDGE_CURVE('',#5035,#5095,#5142,.T.);
#5142 = LINE('',#5143,#5144);
#5143 = CARTESIAN_POINT('',(25.,550.,-4.691019968179E-02));
#5144 = VECTOR('',#5145,1.);
#5145 = DIRECTION('',(0.,-1.,2.2E-16));
#5146 = ORIENTED_EDGE('',*,*,#5094,.T.);
#5147 = ORIENTED_EDGE('',*,*,#5141,.F.);
#5148 = CYLINDRICAL_SURFACE('',#5149,25.);
#5149 = AXIS2_PLACEMENT_3D('',#5150,#5151,#5152);
#5150 = CARTESIAN_POINT('',(0.,550.,-4.691019968179E-02));
#5151 = DIRECTION('',(0.,1.,-2.2E-16));
#5152 = DIRECTION('',(1.,0.,0.));
#5153 = MANIFOLD_SOLID_BREP('',#5154);
#5154 = CLOSED_SHELL('',(#5155,#5195,#5238,#5262,#5298,#5315,#5327));
#5155 = ADVANCED_FACE('',(#5156),#5190,.T.);
#5156 = FACE_BOUND('',#5157,.T.);
#5157 = EDGE_LOOP('',(#5158,#5168,#5176,#5184));
#5158 = ORIENTED_EDGE('',*,*,#5159,.F.);
#5159 = EDGE_CURVE('',#5160,#5162,#5164,.T.);
#5160 = VERTEX_POINT('',#5161);
#5161 = CARTESIAN_POINT('',(-105.,-500.,89.060271750508));
#5162 = VERTEX_POINT('',#5163);
#5163 = CARTESIAN_POINT('',(105.,-500.,89.060271750508));
#5164 = LINE('',#5165,#5166);
#5165 = CARTESIAN_POINT('',(-105.,-500.,89.060271750508));
#5166 = VECTOR('',#5167,1.);
#5167 = DIRECTION('',(1.,0.,7.E-17));
#5168 = ORIENTED_EDGE('',*,*,#5169,.T.);
#5169 = EDGE_CURVE('',#5160,#5170,#5172,.T.);
#5170 = VERTEX_POINT('',#5171);
#5171 = CARTESIAN_POINT('',(-105.,-550.,89.060271750508));
#5172 = LINE('',#5173,#5174);
#5173 = CARTESIAN_POINT('',(-105.,550.,89.060271750508));
#5174 = VECTOR('',#5175,1.);
#5175 = DIRECTION('',(0.,-1.,2.2E-16));
#5176 = ORIENTED_EDGE('',*,*,#5177,.T.);
#5177 = EDGE_CURVE('',#5170,#5178,#5180,.T.);
#5178 = VERTEX_POINT('',#5179);
#5179 = CARTESIAN_POINT('',(105.,-550.,89.060271750508));
#5180 = LINE('',#5181,#5182);
#5181 = CARTESIAN_POINT('',(-105.,-550.,89.060271750508));
#5182 = VECTOR('',#5183,1.);
#5183 = DIRECTION('',(1.,0.,7.E-17));
#5184 = ORIENTED_EDGE('',*,*,#5185,.F.);
#5185 = EDGE_CURVE('',#5162,#5178,#5186,.T.);
#5186 = LINE('',#5187,#5188);
#5187 = CARTESIAN_POINT('',(105.,550.,89.060271750508));
#5188 = VECTOR('',#5189,1.);
#5189 = DIRECTION('',(0.,-1.,2.2E-16));
#5190 = PLANE('',#5191);
#5191 = AXIS2_PLACEMENT_3D('',#5192,#5193,#5194);
#5192 = CARTESIAN_POINT('',(-105.,550.,89.060271750508));
#5193 = DIRECTION('',(-7.E-17,2.2E-16,1.));
#5194 = DIRECTION('',(1.,0.,7.E-17));
#5195 = ADVANCED_FACE('',(#5196,#5222),#5233,.T.);
#5196 = FACE_BOUND('',#5197,.T.);
#5197 = EDGE_LOOP('',(#5198,#5199,#5207,#5216));
#5198 = ORIENTED_EDGE('',*,*,#5159,.T.);
#5199 = ORIENTED_EDGE('',*,*,#5200,.T.);
#5200 = EDGE_CURVE('',#5162,#5201,#5203,.T.);
#5201 = VERTEX_POINT('',#5202);
#5202 = CARTESIAN_POINT('',(59.344844222826,-500.,-24.00916101567));
#5203 = LINE('',#5204,#5205);
#5204 = CARTESIAN_POINT('',(105.,-500.,89.060271750508));
#5205 = VECTOR('',#5206,1.);
#5206 = DIRECTION('',(-0.374410169,-0.,-0.927263190982));
#5207 = ORIENTED_EDGE('',*,*,#5208,.F.);
#5208 = EDGE_CURVE('',#5209,#5201,#5211,.T.);
#5209 = VERTEX_POINT('',#5210);
#5210 = CARTESIAN_POINT('',(-57.83300487323,-500.,-27.45755680519));
#5211 = CIRCLE('',#5212,64.);
#5212 = AXIS2_PLACEMENT_3D('',#5213,#5214,#5215);
#5213 = CARTESIAN_POINT('',(0.,-500.,-4.691019968155E-02));
#5214 = DIRECTION('',(0.,-1.,0.));
#5215 = DIRECTION('',(1.,0.,0.));
#5216 = ORIENTED_EDGE('',*,*,#5217,.T.);
#5217 = EDGE_CURVE('',#5209,#5160,#5218,.T.);
#5218 = LINE('',#5219,#5220);
#5219 = CARTESIAN_POINT('',(-57.83300487323,-500.,-27.45755680519));
#5220 = VECTOR('',#5221,1.);
#5221 = DIRECTION('',(-0.375227050136,0.,0.926932932227));
#5222 = FACE_BOUND('',#5223,.T.);
#5223 = EDGE_LOOP('',(#5224));
#5224 = ORIENTED_EDGE('',*,*,#5225,.T.);
#5225 = EDGE_CURVE('',#5226,#5226,#5228,.T.);
#5226 = VERTEX_POINT('',#5227);
#5227 = CARTESIAN_POINT('',(25.,-500.,-4.691019968155E-02));
#5228 = CIRCLE('',#5229,25.);
#5229 = AXIS2_PLACEMENT_3D('',#5230,#5231,#5232);
#5230 = CARTESIAN_POINT('',(0.,-500.,-4.691019968155E-02));
#5231 = DIRECTION('',(0.,-1.,0.));
#5232 = DIRECTION('',(1.,0.,0.));
#5233 = PLANE('',#5234);
#5234 = AXIS2_PLACEMENT_3D('',#5235,#5236,#5237);
#5235 = CARTESIAN_POINT('',(-1.335805140006E-02,-500.,26.745748709877));
#5236 = DIRECTION('',(0.,1.,0.));
#5237 = DIRECTION('',(0.,0.,1.));
#5238 = ADVANCED_FACE('',(#5239),#5257,.T.);
#5239 = FACE_BOUND('',#5240,.T.);
#5240 = EDGE_LOOP('',(#5241,#5242,#5243,#5251));
#5241 = ORIENTED_EDGE('',*,*,#5200,.F.);
#5242 = ORIENTED_EDGE('',*,*,#5185,.T.);
#5243 = ORIENTED_EDGE('',*,*,#5244,.T.);
#5244 = EDGE_CURVE('',#5178,#5245,#5247,.T.);
#5245 = VERTEX_POINT('',#5246);
#5246 = CARTESIAN_POINT('',(59.344844222826,-550.,-24.00916101567));
#5247 = LINE('',#5248,#5249);
#5248 = CARTESIAN_POINT('',(105.,-550.,89.060271750508));
#5249 = VECTOR('',#5250,1.);
#5250 = DIRECTION('',(-0.374410169,-0.,-0.927263190982));
#5251 = ORIENTED_EDGE('',*,*,#5252,.F.);
#5252 = EDGE_CURVE('',#5201,#5245,#5253,.T.);
#5253 = LINE('',#5254,#5255);
#5254 = CARTESIAN_POINT('',(59.344844222826,550.,-24.00916101567));
#5255 = VECTOR('',#5256,1.);
#5256 = DIRECTION('',(0.,-1.,2.2E-16));
#5257 = PLANE('',#5258);
#5258 = AXIS2_PLACEMENT_3D('',#5259,#5260,#5261);
#5259 = CARTESIAN_POINT('',(105.,550.,89.060271750508));
#5260 = DIRECTION('',(0.927263190982,-8.E-17,-0.374410169));
#5261 = DIRECTION('',(-0.374410169,-2.1E-16,-0.927263190982));
#5262 = ADVANCED_FACE('',(#5263,#5282),#5293,.F.);
#5263 = FACE_BOUND('',#5264,.F.);
#5264 = EDGE_LOOP('',(#5265,#5266,#5267,#5276));
#5265 = ORIENTED_EDGE('',*,*,#5177,.T.);
#5266 = ORIENTED_EDGE('',*,*,#5244,.T.);
#5267 = ORIENTED_EDGE('',*,*,#5268,.F.);
#5268 = EDGE_CURVE('',#5269,#5245,#5271,.T.);
#5269 = VERTEX_POINT('',#5270);
#5270 = CARTESIAN_POINT('',(-57.83300487323,-550.,-27.45755680519));
#5271 = CIRCLE('',#5272,64.);
#5272 = AXIS2_PLACEMENT_3D('',#5273,#5274,#5275);
#5273 = CARTESIAN_POINT('',(0.,-550.,-4.691019968154E-02));
#5274 = DIRECTION('',(0.,-1.,0.));
#5275 = DIRECTION('',(1.,0.,0.));
#5276 = ORIENTED_EDGE('',*,*,#5277,.T.);
#5277 = EDGE_CURVE('',#5269,#5170,#5278,.T.);
#5278 = LINE('',#5279,#5280);
#5279 = CARTESIAN_POINT('',(-57.83300487323,-550.,-27.45755680519));
#5280 = VECTOR('',#5281,1.);
#5281 = DIRECTION('',(-0.375227050136,0.,0.926932932227));
#5282 = FACE_BOUND('',#5283,.F.);
#5283 = EDGE_LOOP('',(#5284));
#5284 = ORIENTED_EDGE('',*,*,#5285,.T.);
#5285 = EDGE_CURVE('',#5286,#5286,#5288,.T.);
#5286 = VERTEX_POINT('',#5287);
#5287 = CARTESIAN_POINT('',(25.,-550.,-4.691019968154E-02));
#5288 = CIRCLE('',#5289,25.);
#5289 = AXIS2_PLACEMENT_3D('',#5290,#5291,#5292);
#5290 = CARTESIAN_POINT('',(0.,-550.,-4.691019968154E-02));
#5291 = DIRECTION('',(0.,-1.,0.));
#5292 = DIRECTION('',(1.,0.,0.));
#5293 = PLANE('',#5294);
#5294 = AXIS2_PLACEMENT_3D('',#5295,#5296,#5297);
#5295 = CARTESIAN_POINT('',(-1.335805140006E-02,-550.,26.745748709877));
#5296 = DIRECTION('',(0.,1.,0.));
#5297 = DIRECTION('',(0.,0.,1.));
#5298 = ADVANCED_FACE('',(#5299),#5310,.T.);
#5299 = FACE_BOUND('',#5300,.T.);
#5300 = EDGE_LOOP('',(#5301,#5302,#5308,#5309));
#5301 = ORIENTED_EDGE('',*,*,#5217,.F.);
#5302 = ORIENTED_EDGE('',*,*,#5303,.T.);
#5303 = EDGE_CURVE('',#5209,#5269,#5304,.T.);
#5304 = LINE('',#5305,#5306);
#5305 = CARTESIAN_POINT('',(-57.83300487323,550.,-27.4575568052));
#5306 = VECTOR('',#5307,1.);
#5307 = DIRECTION('',(0.,-1.,2.2E-16));
#5308 = ORIENTED_EDGE('',*,*,#5277,.T.);
#5309 = ORIENTED_EDGE('',*,*,#5169,.F.);
#5310 = PLANE('',#5311);
#5311 = AXIS2_PLACEMENT_3D('',#5312,#5313,#5314);
#5312 = CARTESIAN_POINT('',(-57.83300487323,550.,-27.4575568052));
#5313 = DIRECTION('',(-0.926932932227,-8.E-17,-0.375227050136));
#5314 = DIRECTION('',(-0.375227050136,2.1E-16,0.926932932227));
#5315 = ADVANCED_FACE('',(#5316),#5322,.T.);
#5316 = FACE_BOUND('',#5317,.F.);
#5317 = EDGE_LOOP('',(#5318,#5319,#5320,#5321));
#5318 = ORIENTED_EDGE('',*,*,#5208,.F.);
#5319 = ORIENTED_EDGE('',*,*,#5303,.T.);
#5320 = ORIENTED_EDGE('',*,*,#5268,.T.);
#5321 = ORIENTED_EDGE('',*,*,#5252,.F.);
#5322 = CYLINDRICAL_SURFACE('',#5323,64.);
#5323 = AXIS2_PLACEMENT_3D('',#5324,#5325,#5326);
#5324 = CARTESIAN_POINT('',(0.,550.,-4.691019968179E-02));
#5325 = DIRECTION('',(0.,1.,-2.2E-16));
#5326 = DIRECTION('',(1.,0.,0.));
#5327 = ADVANCED_FACE('',(#5328),#5339,.F.);
#5328 = FACE_BOUND('',#5329,.T.);
#5329 = EDGE_LOOP('',(#5330,#5331,#5337,#5338));
#5330 = ORIENTED_EDGE('',*,*,#5225,.F.);
#5331 = ORIENTED_EDGE('',*,*,#5332,.T.);
#5332 = EDGE_CURVE('',#5226,#5286,#5333,.T.);
#5333 = LINE('',#5334,#5335);
#5334 = CARTESIAN_POINT('',(25.,550.,-4.691019968179E-02));
#5335 = VECTOR('',#5336,1.);
#5336 = DIRECTION('',(0.,-1.,2.2E-16));
#5337 = ORIENTED_EDGE('',*,*,#5285,.T.);
#5338 = ORIENTED_EDGE('',*,*,#5332,.F.);
#5339 = CYLINDRICAL_SURFACE('',#5340,25.);
#5340 = AXIS2_PLACEMENT_3D('',#5341,#5342,#5343);
#5341 = CARTESIAN_POINT('',(0.,550.,-4.691019968179E-02));
#5342 = DIRECTION('',(0.,1.,-2.2E-16));
#5343 = DIRECTION('',(1.,0.,0.));
#5344 = ( GEOMETRIC_REPRESENTATION_CONTEXT(3) 
GLOBAL_UNCERTAINTY_ASSIGNED_CONTEXT((#5348)) 
GLOBAL_UNIT_ASSIGNED_CONTEXT((#5345,#5346,#5347)) REPRESENTATION_CONTEXT
('Context #1','3D Context with UNIT and UNCERTAINTY') );
#5345 = ( LENGTH_UNIT() NAMED_UNIT(*) SI_UNIT(.MILLI.,.METRE.) );
#5346 = ( NAMED_UNIT(*) PLANE_ANGLE_UNIT() SI_UNIT($,.RADIAN.) );
#5347 = ( NAMED_UNIT(*) SI_UNIT($,.STERADIAN.) SOLID_ANGLE_UNIT() );
#5348 = UNCERTAINTY_MEASURE_WITH_UNIT(LENGTH_MEASURE(1.E-07),#5345,
  'distance_accuracy_value','confusion accuracy');
#5349 = CONTEXT_DEPENDENT_SHAPE_REPRESENTATION(#5350,#5352);
#5350 = ( REPRESENTATION_RELATIONSHIP('','',#4961,#10) 
REPRESENTATION_RELATIONSHIP_WITH_TRANSFORMATION(#5351) 
SHAPE_REPRESENTATION_RELATIONSHIP() );
#5351 = ITEM_DEFINED_TRANSFORMATION('','',#11,#55);
#5352 = PRODUCT_DEFINITION_SHAPE('Placement','Placement of an item',
  #5353);
#5353 = NEXT_ASSEMBLY_USAGE_OCCURRENCE('11','Cut001','',#5,#4956,$);
#5354 = PRODUCT_RELATED_PRODUCT_CATEGORY('part',$,(#4958));
#5355 = MECHANICAL_DESIGN_GEOMETRIC_PRESENTATION_REPRESENTATION('',(
    #5356),#1037);
#5356 = STYLED_ITEM('color',(#5357),#524);
#5357 = PRESENTATION_STYLE_ASSIGNMENT((#5358,#5364));
#5358 = SURFACE_STYLE_USAGE(.BOTH.,#5359);
#5359 = SURFACE_SIDE_STYLE('',(#5360));
#5360 = SURFACE_STYLE_FILL_AREA(#5361);
#5361 = FILL_AREA_STYLE('',(#5362));
#5362 = FILL_AREA_STYLE_COLOUR('',#5363);
#5363 = COLOUR_RGB('',0.800000010877,0.800000010877,0.800000010877);
#5364 = CURVE_STYLE('',#5365,POSITIVE_LENGTH_MEASURE(0.1),#5366);
#5365 = DRAUGHTING_PRE_DEFINED_CURVE_FONT('continuous');
#5366 = COLOUR_RGB('',9.803921802644E-02,9.803921802644E-02,
  9.803921802644E-02);
#5367 = MECHANICAL_DESIGN_GEOMETRIC_PRESENTATION_REPRESENTATION('',(
    #5368),#223);
#5368 = STYLED_ITEM('color',(#5369),#73);
#5369 = PRESENTATION_STYLE_ASSIGNMENT((#5370,#5375));
#5370 = SURFACE_STYLE_USAGE(.BOTH.,#5371);
#5371 = SURFACE_SIDE_STYLE('',(#5372));
#5372 = SURFACE_STYLE_FILL_AREA(#5373);
#5373 = FILL_AREA_STYLE('',(#5374));
#5374 = FILL_AREA_STYLE_COLOUR('',#5363);
#5375 = CURVE_STYLE('',#5376,POSITIVE_LENGTH_MEASURE(0.1),#5366);
#5376 = DRAUGHTING_PRE_DEFINED_CURVE_FONT('continuous');
#5377 = MECHANICAL_DESIGN_GEOMETRIC_PRESENTATION_REPRESENTATION('',(
    #5378),#505);
#5378 = STYLED_ITEM('color',(#5379),#452);
#5379 = PRESENTATION_STYLE_ASSIGNMENT((#5380,#5385));
#5380 = SURFACE_STYLE_USAGE(.BOTH.,#5381);
#5381 = SURFACE_SIDE_STYLE('',(#5382));
#5382 = SURFACE_STYLE_FILL_AREA(#5383);
#5383 = FILL_AREA_STYLE('',(#5384));
#5384 = FILL_AREA_STYLE_COLOUR('',#5363);
#5385 = CURVE_STYLE('',#5386,POSITIVE_LENGTH_MEASURE(0.1),#5366);
#5386 = DRAUGHTING_PRE_DEFINED_CURVE_FONT('continuous');
#5387 = MECHANICAL_DESIGN_GEOMETRIC_PRESENTATION_REPRESENTATION('',(
    #5388),#1639);
#5388 = STYLED_ITEM('color',(#5389),#1357);
#5389 = PRESENTATION_STYLE_ASSIGNMENT((#5390,#5395));
#5390 = SURFACE_STYLE_USAGE(.BOTH.,#5391);
#5391 = SURFACE_SIDE_STYLE('',(#5392));
#5392 = SURFACE_STYLE_FILL_AREA(#5393);
#5393 = FILL_AREA_STYLE('',(#5394));
#5394 = FILL_AREA_STYLE_COLOUR('',#5363);
#5395 = CURVE_STYLE('',#5396,POSITIVE_LENGTH_MEASURE(0.1),#5366);
#5396 = DRAUGHTING_PRE_DEFINED_CURVE_FONT('continuous');
#5397 = MECHANICAL_DESIGN_GEOMETRIC_PRESENTATION_REPRESENTATION('',(
    #5398),#1338);
#5398 = STYLED_ITEM('color',(#5399),#1056);
#5399 = PRESENTATION_STYLE_ASSIGNMENT((#5400,#5405));
#5400 = SURFACE_STYLE_USAGE(.BOTH.,#5401);
#5401 = SURFACE_SIDE_STYLE('',(#5402));
#5402 = SURFACE_STYLE_FILL_AREA(#5403);
#5403 = FILL_AREA_STYLE('',(#5404));
#5404 = FILL_AREA_STYLE_COLOUR('',#5363);
#5405 = CURVE_STYLE('',#5406,POSITIVE_LENGTH_MEASURE(0.1),#5366);
#5406 = DRAUGHTING_PRE_DEFINED_CURVE_FONT('continuous');
#5407 = MECHANICAL_DESIGN_GEOMETRIC_PRESENTATION_REPRESENTATION('',(
    #5408,#5418),#5344);
#5408 = STYLED_ITEM('color',(#5409),#4962);
#5409 = PRESENTATION_STYLE_ASSIGNMENT((#5410,#5416));
#5410 = SURFACE_STYLE_USAGE(.BOTH.,#5411);
#5411 = SURFACE_SIDE_STYLE('',(#5412));
#5412 = SURFACE_STYLE_FILL_AREA(#5413);
#5413 = FILL_AREA_STYLE('',(#5414));
#5414 = FILL_AREA_STYLE_COLOUR('',#5415);
#5415 = COLOUR_RGB('',0.800000010877,0.800000010877,0.901960800373);
#5416 = CURVE_STYLE('',#5417,POSITIVE_LENGTH_MEASURE(0.1),#5366);
#5417 = DRAUGHTING_PRE_DEFINED_CURVE_FONT('continuous');
#5418 = STYLED_ITEM('color',(#5419),#5153);
#5419 = PRESENTATION_STYLE_ASSIGNMENT((#5420,#5425));
#5420 = SURFACE_STYLE_USAGE(.BOTH.,#5421);
#5421 = SURFACE_SIDE_STYLE('',(#5422));
#5422 = SURFACE_STYLE_FILL_AREA(#5423);
#5423 = FILL_AREA_STYLE('',(#5424));
#5424 = FILL_AREA_STYLE_COLOUR('',#5415);
#5425 = CURVE_STYLE('',#5426,POSITIVE_LENGTH_MEASURE(0.1),#5366);
#5426 = DRAUGHTING_PRE_DEFINED_CURVE_FONT('continuous');
#5427 = MECHANICAL_DESIGN_GEOMETRIC_PRESENTATION_REPRESENTATION('',(
    #5428),#4943);
#5428 = STYLED_ITEM('color',(#5429),#4417);
#5429 = PRESENTATION_STYLE_ASSIGNMENT((#5430,#5436));
#5430 = SURFACE_STYLE_USAGE(.BOTH.,#5431);
#5431 = SURFACE_SIDE_STYLE('',(#5432));
#5432 = SURFACE_STYLE_FILL_AREA(#5433);
#5433 = FILL_AREA_STYLE('',(#5434));
#5434 = FILL_AREA_STYLE_COLOUR('',#5435);
#5435 = DRAUGHTING_PRE_DEFINED_COLOUR('red');
#5436 = CURVE_STYLE('',#5437,POSITIVE_LENGTH_MEASURE(0.1),#5366);
#5437 = DRAUGHTING_PRE_DEFINED_CURVE_FONT('continuous');
#5438 = MECHANICAL_DESIGN_GEOMETRIC_PRESENTATION_REPRESENTATION('',(
    #5439),#2059);
#5439 = STYLED_ITEM('color',(#5440),#1868);
#5440 = PRESENTATION_STYLE_ASSIGNMENT((#5441,#5446));
#5441 = SURFACE_STYLE_USAGE(.BOTH.,#5442);
#5442 = SURFACE_SIDE_STYLE('',(#5443));
#5443 = SURFACE_STYLE_FILL_AREA(#5444);
#5444 = FILL_AREA_STYLE('',(#5445));
#5445 = FILL_AREA_STYLE_COLOUR('',#5363);
#5446 = CURVE_STYLE('',#5447,POSITIVE_LENGTH_MEASURE(0.1),#5366);
#5447 = DRAUGHTING_PRE_DEFINED_CURVE_FONT('continuous');
#5448 = MECHANICAL_DESIGN_GEOMETRIC_PRESENTATION_REPRESENTATION('',(
    #5449),#433);
#5449 = STYLED_ITEM('color',(#5450),#242);
#5450 = PRESENTATION_STYLE_ASSIGNMENT((#5451,#5456));
#5451 = SURFACE_STYLE_USAGE(.BOTH.,#5452);
#5452 = SURFACE_SIDE_STYLE('',(#5453));
#5453 = SURFACE_STYLE_FILL_AREA(#5454);
#5454 = FILL_AREA_STYLE('',(#5455));
#5455 = FILL_AREA_STYLE_COLOUR('',#5363);
#5456 = CURVE_STYLE('',#5457,POSITIVE_LENGTH_MEASURE(0.1),#5366);
#5457 = DRAUGHTING_PRE_DEFINED_CURVE_FONT('continuous');
#5458 = MECHANICAL_DESIGN_GEOMETRIC_PRESENTATION_REPRESENTATION('',(
    #5459,#5468,#5477,#5486,#5495,#5504,#5513,#5522),#4398);
#5459 = STYLED_ITEM('color',(#5460),#2078);
#5460 = PRESENTATION_STYLE_ASSIGNMENT((#5461,#5466));
#5461 = SURFACE_STYLE_USAGE(.BOTH.,#5462);
#5462 = SURFACE_SIDE_STYLE('',(#5463));
#5463 = SURFACE_STYLE_FILL_AREA(#5464);
#5464 = FILL_AREA_STYLE('',(#5465));
#5465 = FILL_AREA_STYLE_COLOUR('',#5363);
#5466 = CURVE_STYLE('',#5467,POSITIVE_LENGTH_MEASURE(0.1),#5366);
#5467 = DRAUGHTING_PRE_DEFINED_CURVE_FONT('continuous');
#5468 = STYLED_ITEM('color',(#5469),#2368);
#5469 = PRESENTATION_STYLE_ASSIGNMENT((#5470,#5475));
#5470 = SURFACE_STYLE_USAGE(.BOTH.,#5471);
#5471 = SURFACE_SIDE_STYLE('',(#5472));
#5472 = SURFACE_STYLE_FILL_AREA(#5473);
#5473 = FILL_AREA_STYLE('',(#5474));
#5474 = FILL_AREA_STYLE_COLOUR('',#5363);
#5475 = CURVE_STYLE('',#5476,POSITIVE_LENGTH_MEASURE(0.1),#5366);
#5476 = DRAUGHTING_PRE_DEFINED_CURVE_FONT('continuous');
#5477 = STYLED_ITEM('color',(#5478),#2658);
#5478 = PRESENTATION_STYLE_ASSIGNMENT((#5479,#5484));
#5479 = SURFACE_STYLE_USAGE(.BOTH.,#5480);
#5480 = SURFACE_SIDE_STYLE('',(#5481));
#5481 = SURFACE_STYLE_FILL_AREA(#5482);
#5482 = FILL_AREA_STYLE('',(#5483));
#5483 = FILL_AREA_STYLE_COLOUR('',#5363);
#5484 = CURVE_STYLE('',#5485,POSITIVE_LENGTH_MEASURE(0.1),#5366);
#5485 = DRAUGHTING_PRE_DEFINED_CURVE_FONT('continuous');
#5486 = STYLED_ITEM('color',(#5487),#2948);
#5487 = PRESENTATION_STYLE_ASSIGNMENT((#5488,#5493));
#5488 = SURFACE_STYLE_USAGE(.BOTH.,#5489);
#5489 = SURFACE_SIDE_STYLE('',(#5490));
#5490 = SURFACE_STYLE_FILL_AREA(#5491);
#5491 = FILL_AREA_STYLE('',(#5492));
#5492 = FILL_AREA_STYLE_COLOUR('',#5363);
#5493 = CURVE_STYLE('',#5494,POSITIVE_LENGTH_MEASURE(0.1),#5366);
#5494 = DRAUGHTING_PRE_DEFINED_CURVE_FONT('continuous');
#5495 = STYLED_ITEM('color',(#5496),#3238);
#5496 = PRESENTATION_STYLE_ASSIGNMENT((#5497,#5502));
#5497 = SURFACE_STYLE_USAGE(.BOTH.,#5498);
#5498 = SURFACE_SIDE_STYLE('',(#5499));
#5499 = SURFACE_STYLE_FILL_AREA(#5500);
#5500 = FILL_AREA_STYLE('',(#5501));
#5501 = FILL_AREA_STYLE_COLOUR('',#5363);
#5502 = CURVE_STYLE('',#5503,POSITIVE_LENGTH_MEASURE(0.1),#5366);
#5503 = DRAUGHTING_PRE_DEFINED_CURVE_FONT('continuous');
#5504 = STYLED_ITEM('color',(#5505),#3528);
#5505 = PRESENTATION_STYLE_ASSIGNMENT((#5506,#5511));
#5506 = SURFACE_STYLE_USAGE(.BOTH.,#5507);
#5507 = SURFACE_SIDE_STYLE('',(#5508));
#5508 = SURFACE_STYLE_FILL_AREA(#5509);
#5509 = FILL_AREA_STYLE('',(#5510));
#5510 = FILL_AREA_STYLE_COLOUR('',#5363);
#5511 = CURVE_STYLE('',#5512,POSITIVE_LENGTH_MEASURE(0.1),#5366);
#5512 = DRAUGHTING_PRE_DEFINED_CURVE_FONT('continuous');
#5513 = STYLED_ITEM('color',(#5514),#3818);
#5514 = PRESENTATION_STYLE_ASSIGNMENT((#5515,#5520));
#5515 = SURFACE_STYLE_USAGE(.BOTH.,#5516);
#5516 = SURFACE_SIDE_STYLE('',(#5517));
#5517 = SURFACE_STYLE_FILL_AREA(#5518);
#5518 = FILL_AREA_STYLE('',(#5519));
#5519 = FILL_AREA_STYLE_COLOUR('',#5363);
#5520 = CURVE_STYLE('',#5521,POSITIVE_LENGTH_MEASURE(0.1),#5366);
#5521 = DRAUGHTING_PRE_DEFINED_CURVE_FONT('continuous');
#5522 = STYLED_ITEM('color',(#5523),#4108);
#5523 = PRESENTATION_STYLE_ASSIGNMENT((#5524,#5529));
#5524 = SURFACE_STYLE_USAGE(.BOTH.,#5525);
#5525 = SURFACE_SIDE_STYLE('',(#5526));
#5526 = SURFACE_STYLE_FILL_AREA(#5527);
#5527 = FILL_AREA_STYLE('',(#5528));
#5528 = FILL_AREA_STYLE_COLOUR('',#5363);
#5529 = CURVE_STYLE('',#5530,POSITIVE_LENGTH_MEASURE(0.1),#5366);
#5530 = DRAUGHTING_PRE_DEFINED_CURVE_FONT('continuous');
#5531 = MECHANICAL_DESIGN_GEOMETRIC_PRESENTATION_REPRESENTATION('',(
    #5532),#1849);
#5532 = STYLED_ITEM('color',(#5533),#1658);
#5533 = PRESENTATION_STYLE_ASSIGNMENT((#5534,#5539));
#5534 = SURFACE_STYLE_USAGE(.BOTH.,#5535);
#5535 = SURFACE_SIDE_STYLE('',(#5536));
#5536 = SURFACE_STYLE_FILL_AREA(#5537);
#5537 = FILL_AREA_STYLE('',(#5538));
#5538 = FILL_AREA_STYLE_COLOUR('',#5363);
#5539 = CURVE_STYLE('',#5540,POSITIVE_LENGTH_MEASURE(0.1),#5366);
#5540 = DRAUGHTING_PRE_DEFINED_CURVE_FONT('continuous');
ENDSEC;
END-ISO-10303-21;
